{
    "image_rotator": {
        "phi": 0.8260400059568986
    },
    "wollaston": {
        "eta": 0.9310268777055078
    }
}