{
    "image_rotator": {
        "phi": 1.2375113547259085
    },
    "wollaston": {
        "eta": 0.9908779785180217
    }
}