{
    "image_rotator": {
        "phi": 0.8193168295497799
    },
    "wollaston": {
        "eta": 0.8898579779525825
    }
}