{
    "image_rotator": {
        "phi": 3.8179424515519487
    },
    "wollaston": {
        "eta": 0.9961940303154906
    }
}