{
    "image_rotator": {
        "phi": 3.538480710200463
    },
    "wollaston": {
        "eta": 0.9866756013411492
    }
}