{
    "image_rotator": {
        "phi": 3.1535686169966044
    },
    "wollaston": {
        "eta": 0.9795807523091741
    }
}