{
    "image_rotator": {
        "phi": 2.464157353843606
    },
    "wollaston": {
        "eta": 0.9901097628852057
    }
}