{
    "M3": {
        "d_h": 0.008185045979104104,
        "d_45": -0.012041247828164492
    }
}