{
    "M3": {
        "epsilon": -0.014477776558565634,
        "delta_theta": -27.14377368573079
    }
}