{
    "M3": {
        "epsilon": -0.015990937430326358,
        "delta_theta": -29.636894001644855
    }
}