{
    "M3": {
        "d_h": 0.00538416484769508,
        "d_45": -0.008447945277530875
    }
}