{
    "M3": {
        "epsilon": -0.01024752674449234,
        "delta_theta": -28.321884405551007
    }
}