{
    "M3": {
        "d_h": 0.00641454709983834,
        "d_45": -0.009347479056313189
    }
}