{
    "M3": {
        "d_h": 0.00604876905019915,
        "d_45": -0.009153547410122014
    }
}