{
    "M3": {
        "epsilon": -0.011853724809373602,
        "delta_theta": -30.01986825044079
    }
}