{
    "M3": {
        "d_h": 0.006225478938420115,
        "d_45": -0.010104519193761626
    }
}