{
    "M3": {
        "epsilon": -0.010814398439802938,
        "delta_theta": -29.283825776187648
    }
}