{
    "M3": {
        "d_h": 0.006903573390250968,
        "d_45": -0.009781771660363852
    }
}