{
    "M3": {
        "epsilon": -0.010019046291961771,
        "delta_theta": -29.527327420786417
    }
}