{
    "M3": {
        "d_h": 0.008504923734412613,
        "d_45": -0.012231829509753041
    }
}