{
    "M3": {
        "epsilon": -0.011954977886604334,
        "delta_theta": -28.242306149734144
    }
}