{
    "M3": {
        "d_h": 0.008566136063757786,
        "d_45": -0.013538395343919608
    }
}