{
    "M3": {
        "epsilon": -0.01096954486417262,
        "delta_theta": -28.917741209145554
    }
}