{
    "M3": {
        "epsilon": -0.011873560960968388,
        "delta_theta": -28.862024159398754
    }
}