{
    "M3": {
        "d_h": 0.006672402215076975,
        "d_45": -0.00984297002786584
    }
}