{
    "M3": {
        "d_h": 0.005888911032171004,
        "d_45": -0.009067254662211583
    }
}