{
    "M3": {
        "epsilon": -0.014816914194482356,
        "delta_theta": -27.251355898061643
    }
}