{
    "M3": {
        "d_h": 0.005832052177748669,
        "d_45": -0.008434607544306303
    }
}