{
    "M3": {
        "d_h": 0.006082134497306229,
        "d_45": -0.009129837850943292
    }
}