{
    "M3": {
        "epsilon": -0.010957618679052017,
        "delta_theta": -29.208015170005808
    }
}