{
    "M3": {
        "epsilon": -0.01133075521318149,
        "delta_theta": -28.49239084773704
    }
}