{
    "M3": {
        "d_h": 0.004674187108604973,
        "d_45": -0.009019842486782911
    }
}