{
    "M3": {
        "d_h": 0.003319608029898839,
        "d_45": -0.007860079052932538
    }
}