{
    "M3": {
        "epsilon": -0.008500762361645329,
        "delta_theta": -34.47841612100292
    }
}