{
    "M3": {
        "d_h": 0.008109023610752277,
        "d_45": -0.011851799092953724
    }
}