{
    "M3": {
        "epsilon": -0.010159316419056739,
        "delta_theta": -32.32947341505475
    }
}