{
    "M3": {
        "epsilon": -0.014269628328456343,
        "delta_theta": -27.814324731413954
    }
}