{
    "M3": {
        "epsilon": -0.01420990935636965,
        "delta_theta": -28.02576844278698
    }
}