{
    "M3": {
        "d_h": 0.008169238898731003,
        "d_45": -0.011741745700616658
    }
}