{
    "M3": {
        "d_h": 0.007919909312985546,
        "d_45": -0.01181928740600217
    }
}