{
    "M3": {
        "epsilon": -0.014118343041438294,
        "delta_theta": -28.518398072011127
    }
}