{
    "M3": {
        "epsilon": -0.013674464779056221,
        "delta_theta": -26.710143447601222
    }
}