{
    "M3": {
        "d_h": 0.008320697329642088,
        "d_45": -0.01088157733927193
    }
}