{
    "M3": {
        "epsilon": -0.012809718984694768,
        "delta_theta": -28.9818546250039
    }
}