{
    "M3": {
        "d_h": 0.007050231598528785,
        "d_45": -0.010716550261877978
    }
}