{
    "M3": {
        "d_h": 0.006730971985833801,
        "d_45": -0.010894565053081489
    }
}