{
    "M3": {
        "epsilon": -0.012781638869841122,
        "delta_theta": -29.893795627546826
    }
}