{
    "M3": {
        "epsilon": -0.012366829497138918,
        "delta_theta": -28.345822445033647
    }
}