{
    "M3": {
        "d_h": 0.007073518632444156,
        "d_45": -0.010171057452087377
    }
}