{
    "M3": {
        "epsilon": -0.012822460343518144,
        "delta_theta": -29.947454532531896
    }
}