{
    "M3": {
        "d_h": 0.0067888128261939604,
        "d_45": -0.010907617127192551
    }
}