filepath,D_IMRANG,RET-ANG1,single_sum,single_diff,LCOUNTS,RCOUNTS,sum_std,diff_std,p,a,wavelength_bin
/home/thomasmc/charis_mm_testing/BD343631-broadband-unpol/cubes/data/raw/CRSA00123422_cube.fits,97.8916,0.0,82674.73703651456,-361.1781012739739,41517.95756889427,41156.7794676203,207.05842487319853,207.05842487319853,126.5757623688055,66.77899114,2139.4131
/home/thomasmc/charis_mm_testing/BD343631-broadband-unpol/cubes/data/raw/CRSA00123423_cube.fits,97.80772,45.0,84873.54321557886,-2682.337075853553,43777.9401457162,41095.60306986265,179.91849649146442,179.91849649146442,126.1145151377112,66.60077713,2139.4131
/home/thomasmc/charis_mm_testing/BD343631-broadband-unpol/cubes/data/raw/CRSA00123424_cube.fits,97.70938,22.5,85304.9170332975,-2141.238667461839,43723.07785037967,41581.83918291783,179.65935555991038,179.65935555991038,125.6585613281019,66.4212248,2139.4131
/home/thomasmc/charis_mm_testing/BD343631-broadband-unpol/cubes/data/raw/CRSA00123425_cube.fits,97.61756,67.5,83206.75320106035,-1959.7695375589828,42583.26136930967,40623.49183175068,160.63187382071567,160.63187382071567,125.2092898301123,66.24067105,2139.4131
/home/thomasmc/charis_mm_testing/BD343631-broadband-unpol/cubes/data/raw/CRSA00123426_cube.fits,97.53779,0.0,81959.67875173934,-1372.7444749123388,41666.21161332584,40293.4671384135,174.98272727457456,174.98272727457456,124.7656254339029,66.05939067,2139.4131
/home/thomasmc/charis_mm_testing/BD343631-broadband-unpol/cubes/data/raw/CRSA00123427_cube.fits,97.43921,45.0,83553.97331060297,-1959.8501275836388,42756.9117190933,40797.061591509664,179.1436805335153,179.1436805335153,124.3265538099569,65.87713501,2139.4131
/home/thomasmc/charis_mm_testing/BD343631-broadband-unpol/cubes/data/raw/CRSA00123428_cube.fits,97.34929,22.5,85667.91295718256,-1630.0001035182067,43648.956530350384,42018.95642683218,174.09451436515505,174.09451436515505,123.8937832315757,65.69393151,2139.4131
/home/thomasmc/charis_mm_testing/BD343631-broadband-unpol/cubes/data/raw/CRSA00123429_cube.fits,97.25913,67.5,84110.85354453149,-2073.7578308095253,43092.30568767051,41018.54785686098,164.22004876731927,164.22004876731927,123.46673480239,65.50953458,2139.4131
