filepath,D_IMRANG,RET-ANG1,single_sum,single_diff,LCOUNTS,RCOUNTS,sum_std,diff_std,p,a,wavelength_bin
/home/thomasmc/charis_mm_testing/BD343631-broadband-unpol/cubes/data/raw/CRSA00123422_cube.fits,97.8916,0.0,133357.90660686785,-5009.227089007138,69183.5668479375,64174.33975893037,368.973270237324,368.973270237324,126.5757623688055,66.77899114,1685.9701
/home/thomasmc/charis_mm_testing/BD343631-broadband-unpol/cubes/data/raw/CRSA00123423_cube.fits,97.80772,45.0,136730.35754380169,-7957.355003144738,72343.85627347321,64386.50127032848,304.668570944542,304.668570944542,126.1145151377112,66.60077713,1685.9701
/home/thomasmc/charis_mm_testing/BD343631-broadband-unpol/cubes/data/raw/CRSA00123424_cube.fits,97.70938,22.5,138045.5008208478,-6526.729630131056,72286.11522548944,65759.38559535838,307.3639999650092,307.3639999650092,125.6585613281019,66.4212248,1685.9701
/home/thomasmc/charis_mm_testing/BD343631-broadband-unpol/cubes/data/raw/CRSA00123425_cube.fits,97.61756,67.5,132104.8836480743,-6277.244652422414,69191.06415024835,62913.819497825934,257.1908150620399,257.1908150620399,125.2092898301123,66.24067105,1685.9701
/home/thomasmc/charis_mm_testing/BD343631-broadband-unpol/cubes/data/raw/CRSA00123426_cube.fits,97.53779,0.0,130027.57149660622,-4834.640400982142,67431.10594879418,62596.46554781204,296.4428450999254,296.4428450999254,124.7656254339029,66.05939067,1685.9701
/home/thomasmc/charis_mm_testing/BD343631-broadband-unpol/cubes/data/raw/CRSA00123427_cube.fits,97.43921,45.0,133357.0074506699,-7637.539215746678,70497.27333320829,62859.73411746161,308.80745073471,308.80745073471,124.3265538099569,65.87713501,1685.9701
/home/thomasmc/charis_mm_testing/BD343631-broadband-unpol/cubes/data/raw/CRSA00123428_cube.fits,97.34929,22.5,137261.61681291173,-6297.110733625064,71779.3637732684,65482.253039643336,305.1641267571072,305.1641267571072,123.8937832315757,65.69393151,1685.9701
/home/thomasmc/charis_mm_testing/BD343631-broadband-unpol/cubes/data/raw/CRSA00123429_cube.fits,97.25913,67.5,133577.6225144854,-7101.056933805994,70339.3397241457,63238.282790339705,281.9480013511001,281.9480013511001,123.46673480239,65.50953458,1685.9701
