filepath,D_IMRANG,RET-ANG1,single_sum,single_diff,LCOUNTS,RCOUNTS,sum_std,diff_std,p,a,wavelength_bin
/home/thomasmc/charis_mm_testing/BD343631-broadband-unpol/cubes/data/raw/CRSA00123422_cube.fits,97.8916,0.0,147598.8891134844,-5543.883914103091,76571.38651379374,71027.50259969065,417.6145709683408,417.6145709683408,126.5757623688055,66.77899114,1744.3261
/home/thomasmc/charis_mm_testing/BD343631-broadband-unpol/cubes/data/raw/CRSA00123423_cube.fits,97.80772,45.0,153337.3674676557,-8656.634070128319,80997.00076889202,72340.3666987637,350.7235726427892,350.7235726427892,126.1145151377112,66.60077713,1744.3261
/home/thomasmc/charis_mm_testing/BD343631-broadband-unpol/cubes/data/raw/CRSA00123424_cube.fits,97.70938,22.5,154200.89301880202,-7676.99151239419,80938.9422655981,73261.95075320391,353.42027462350774,353.42027462350774,125.6585613281019,66.4212248,1744.3261
/home/thomasmc/charis_mm_testing/BD343631-broadband-unpol/cubes/data/raw/CRSA00123425_cube.fits,97.61756,67.5,148607.69128023367,-6982.853740624487,77795.27251042909,70812.4187698046,308.0336009601438,308.0336009601438,125.2092898301123,66.24067105,1744.3261
/home/thomasmc/charis_mm_testing/BD343631-broadband-unpol/cubes/data/raw/CRSA00123426_cube.fits,97.53779,0.0,146569.49643746368,-5804.447794015796,76186.97211573974,70382.52432172395,335.8233061263402,335.8233061263402,124.7656254339029,66.05939067,1744.3261
/home/thomasmc/charis_mm_testing/BD343631-broadband-unpol/cubes/data/raw/CRSA00123427_cube.fits,97.43921,45.0,149209.18444001296,-9067.41204535072,79138.29824268183,70070.88619733111,343.47509908710384,343.47509908710384,124.3265538099569,65.87713501,1744.3261
/home/thomasmc/charis_mm_testing/BD343631-broadband-unpol/cubes/data/raw/CRSA00123428_cube.fits,97.34929,22.5,153077.55059260776,-7013.245024037737,80045.39780832276,73032.15278428502,348.3692032247789,348.3692032247789,123.8937832315757,65.69393151,1744.3261
/home/thomasmc/charis_mm_testing/BD343631-broadband-unpol/cubes/data/raw/CRSA00123429_cube.fits,97.25913,67.5,150759.48184217737,-7174.380165657785,78966.93100391758,71792.55083825979,317.0910112432751,317.0910112432751,123.46673480239,65.50953458,1744.3261
