filepath,D_IMRANG,RET-ANG1,single_sum,single_diff,LCOUNTS,RCOUNTS,sum_std,diff_std,p,a,wavelength_bin
/home/thomasmc/charis_mm_testing/BD343631-broadband-unpol/cubes/data/raw/CRSA00123422_cube.fits,97.8916,0.0,108955.91627738904,-3312.856664378756,56134.386470883896,52821.52980650514,306.43811278159245,306.43811278159245,126.5757623688055,66.77899114,1998.6603
/home/thomasmc/charis_mm_testing/BD343631-broadband-unpol/cubes/data/raw/CRSA00123423_cube.fits,97.80772,45.0,110899.01022735304,-6196.001372401508,58547.50579987728,52351.504427475775,270.99262239877845,270.99262239877845,126.1145151377112,66.60077713,1998.6603
/home/thomasmc/charis_mm_testing/BD343631-broadband-unpol/cubes/data/raw/CRSA00123424_cube.fits,97.70938,22.5,114064.0988299072,-4914.181078131514,59489.13995401935,54574.95887588784,256.28447261965385,256.28447261965385,125.6585613281019,66.4212248,1998.6603
/home/thomasmc/charis_mm_testing/BD343631-broadband-unpol/cubes/data/raw/CRSA00123425_cube.fits,97.61756,67.5,111602.06753856824,-4310.713126286493,57956.39033242736,53645.67720614087,226.7039818198468,226.7039818198468,125.2092898301123,66.24067105,1998.6603
/home/thomasmc/charis_mm_testing/BD343631-broadband-unpol/cubes/data/raw/CRSA00123426_cube.fits,97.53779,0.0,108178.2185908383,-4686.28865732679,56432.25362408254,51745.96496675575,254.44774335172772,254.44774335172772,124.7656254339029,66.05939067,1998.6603
/home/thomasmc/charis_mm_testing/BD343631-broadband-unpol/cubes/data/raw/CRSA00123427_cube.fits,97.43921,45.0,110543.86024009876,-4322.422107781167,57433.14117393996,53110.7190661588,262.9869161468749,262.9869161468749,124.3265538099569,65.87713501,1998.6603
/home/thomasmc/charis_mm_testing/BD343631-broadband-unpol/cubes/data/raw/CRSA00123428_cube.fits,97.34929,22.5,113401.6261560601,-4738.671652096207,59070.14890407815,54331.477251981945,253.5663776212834,253.5663776212834,123.8937832315757,65.69393151,1998.6603
/home/thomasmc/charis_mm_testing/BD343631-broadband-unpol/cubes/data/raw/CRSA00123429_cube.fits,97.25913,67.5,111880.08067953128,-3705.1531468680114,57792.61691319964,54087.46376633162,240.7049370955384,240.7049370955384,123.46673480239,65.50953458,1998.6603
