filepath,D_IMRANG,RET-ANG1,single_sum,single_diff,LCOUNTS,RCOUNTS,sum_std,diff_std,p,a,wavelength_bin
/home/thomasmc/charis_mm_testing/BD343631-broadband-unpol/cubes/data/raw/CRSA00123422_cube.fits,97.8916,0.0,109529.67829817176,-4142.132806754991,56835.90555246337,52693.77274570838,285.8982436000244,285.8982436000244,126.5757623688055,66.77899114,2067.8395
/home/thomasmc/charis_mm_testing/BD343631-broadband-unpol/cubes/data/raw/CRSA00123423_cube.fits,97.80772,45.0,110768.27470799688,-4293.2905222840855,57530.78261514047,53237.49209285639,263.59784835858494,263.59784835858494,126.1145151377112,66.60077713,2067.8395
/home/thomasmc/charis_mm_testing/BD343631-broadband-unpol/cubes/data/raw/CRSA00123424_cube.fits,97.70938,22.5,112742.0598018268,-4994.172446391029,58868.116124108914,53873.943677717885,254.8638291106811,254.8638291106811,125.6585613281019,66.4212248,2067.8395
/home/thomasmc/charis_mm_testing/BD343631-broadband-unpol/cubes/data/raw/CRSA00123425_cube.fits,97.61756,67.5,110060.55239446728,-5206.009011992108,57633.2807032297,52427.27169123759,225.4849257609464,225.4849257609464,125.2092898301123,66.24067105,2067.8395
/home/thomasmc/charis_mm_testing/BD343631-broadband-unpol/cubes/data/raw/CRSA00123426_cube.fits,97.53779,0.0,108536.34467002364,-4118.3594767853065,56327.35207340447,52208.992596619166,247.46803658590247,247.46803658590247,124.7656254339029,66.05939067,2067.8395
/home/thomasmc/charis_mm_testing/BD343631-broadband-unpol/cubes/data/raw/CRSA00123427_cube.fits,97.43921,45.0,110312.40491125351,-5869.947273517231,58091.17609238538,52221.22881886815,250.7243630102529,250.7243630102529,124.3265538099569,65.87713501,2067.8395
/home/thomasmc/charis_mm_testing/BD343631-broadband-unpol/cubes/data/raw/CRSA00123428_cube.fits,97.34929,22.5,113120.00914652822,-4354.821304223864,58737.41522537604,54382.593921152176,246.22313930437952,246.22313930437952,123.8937832315757,65.69393151,2067.8395
/home/thomasmc/charis_mm_testing/BD343631-broadband-unpol/cubes/data/raw/CRSA00123429_cube.fits,97.25913,67.5,110446.43729136745,-4005.041107616431,57225.73919949193,53220.6980918755,237.805856104899,237.805856104899,123.46673480239,65.50953458,2067.8395
