filepath,D_IMRANG,RET-ANG1,single_sum,single_diff,LCOUNTS,RCOUNTS,sum_std,diff_std,p,a,wavelength_bin
/home/thomasmc/charis_mm_testing/BD343631-broadband-unpol/cubes/data/raw/CRSA00123422_cube.fits,97.8916,0.0,67832.70037491038,-2304.0025938121253,35068.35148436125,32764.348890549125,78.32126572878586,78.32126572878586,126.5757623688055,66.77899114,2213.4641
/home/thomasmc/charis_mm_testing/BD343631-broadband-unpol/cubes/data/raw/CRSA00123423_cube.fits,97.80772,45.0,68747.81105251104,-1928.257717684028,35338.03438509753,33409.776667413505,75.11698825786812,75.11698825786812,126.1145151377112,66.60077713,2213.4641
/home/thomasmc/charis_mm_testing/BD343631-broadband-unpol/cubes/data/raw/CRSA00123424_cube.fits,97.70938,22.5,68415.69404573608,-2597.631077948696,35506.662561842386,32909.03148389369,74.82945739147291,74.82945739147291,125.6585613281019,66.4212248,2213.4641
/home/thomasmc/charis_mm_testing/BD343631-broadband-unpol/cubes/data/raw/CRSA00123425_cube.fits,97.61756,67.5,66771.41531468107,-2364.084189524234,34567.74975210265,32203.66556257842,70.54674732530115,70.54674732530115,125.2092898301123,66.24067105,2213.4641
/home/thomasmc/charis_mm_testing/BD343631-broadband-unpol/cubes/data/raw/CRSA00123426_cube.fits,97.53779,0.0,66219.10451911142,-2558.4117732715968,34388.75814619151,31830.346372919917,72.90248153283932,72.90248153283932,124.7656254339029,66.05939067,2213.4641
/home/thomasmc/charis_mm_testing/BD343631-broadband-unpol/cubes/data/raw/CRSA00123427_cube.fits,97.43921,45.0,67148.11534671288,-2883.1709281686344,35015.643137440755,32132.47220927212,73.86034760749884,73.86034760749884,124.3265538099569,65.87713501,2213.4641
/home/thomasmc/charis_mm_testing/BD343631-broadband-unpol/cubes/data/raw/CRSA00123428_cube.fits,97.34929,22.5,68390.62944427051,-3620.4970703202416,36005.56325729538,32385.06618697513,73.84930475655783,73.84930475655783,123.8937832315757,65.69393151,2213.4641
/home/thomasmc/charis_mm_testing/BD343631-broadband-unpol/cubes/data/raw/CRSA00123429_cube.fits,97.25913,67.5,66728.38011010937,-1705.9170978099864,34217.14860395968,32511.23150614969,72.41407309571821,72.41407309571821,123.46673480239,65.50953458,2213.4641
