filepath,D_IMRANG,RET-ANG1,single_sum,single_diff,LCOUNTS,RCOUNTS,sum_std,diff_std,p,a,wavelength_bin
/home/thomasmc/charis_mm_testing/BD343631-broadband-unpol/cubes/data/raw/CRSA00123422_cube.fits,97.8916,0.0,184240.1737612309,1148.714538969216,91545.72961113084,92694.44415010008,503.63757683331806,503.63757683331806,126.5757623688055,66.77899114,1328.6331
/home/thomasmc/charis_mm_testing/BD343631-broadband-unpol/cubes/data/raw/CRSA00123423_cube.fits,97.80772,45.0,192749.51230750055,-3801.189125305813,98275.3507164032,94474.16159109738,419.1868237962148,419.1868237962148,126.1145151377112,66.60077713,1328.6331
/home/thomasmc/charis_mm_testing/BD343631-broadband-unpol/cubes/data/raw/CRSA00123424_cube.fits,97.70938,22.5,193077.0541000918,-2314.831364935366,97695.9427325136,95381.11136757824,439.3885958468627,439.3885958468627,125.6585613281019,66.4212248,1328.6331
/home/thomasmc/charis_mm_testing/BD343631-broadband-unpol/cubes/data/raw/CRSA00123425_cube.fits,97.61756,67.5,183459.70387514887,-2249.394484968303,92854.5491800586,90605.15469509028,354.7257088220891,354.7257088220891,125.2092898301123,66.24067105,1328.6331
/home/thomasmc/charis_mm_testing/BD343631-broadband-unpol/cubes/data/raw/CRSA00123426_cube.fits,97.53779,0.0,179762.59684071963,388.2310940701136,89687.18287332477,90075.41396739488,385.2271065194246,385.2271065194246,124.7656254339029,66.05939067,1328.6331
/home/thomasmc/charis_mm_testing/BD343631-broadband-unpol/cubes/data/raw/CRSA00123427_cube.fits,97.43921,45.0,184319.4795806413,-4985.508146054461,94652.49386334786,89666.9857172934,419.06505762040456,419.06505762040456,124.3265538099569,65.87713501,1328.6331
/home/thomasmc/charis_mm_testing/BD343631-broadband-unpol/cubes/data/raw/CRSA00123428_cube.fits,97.34929,22.5,190048.14348773792,-539.4394957818877,95293.79149175993,94754.35199597802,450.950682744043,450.950682744043,123.8937832315757,65.69393151,1328.6331
/home/thomasmc/charis_mm_testing/BD343631-broadband-unpol/cubes/data/raw/CRSA00123429_cube.fits,97.25913,67.5,185066.5790891414,-2164.554728097748,93615.56690861956,91451.01218052182,396.1721708296616,396.1721708296616,123.46673480239,65.50953458,1328.6331
