filepath,D_IMRANG,RET-ANG1,single_sum,single_diff,LCOUNTS,RCOUNTS,sum_std,diff_std,p,a,wavelength_bin
/home/thomasmc/charis_mm_testing/BD343631-broadband-unpol/cubes/data/raw/CRSA00123422_cube.fits,97.8916,0.0,192473.3907907879,-18176.33974542588,105324.86526810688,87148.52552268101,528.2022806714688,528.2022806714688,126.5757623688055,66.77899114,1422.2002
/home/thomasmc/charis_mm_testing/BD343631-broadband-unpol/cubes/data/raw/CRSA00123423_cube.fits,97.80772,45.0,198872.6734098449,-23438.18427666248,111155.4288432537,87717.24456659122,438.53225794538463,438.53225794538463,126.1145151377112,66.60077713,1422.2002
/home/thomasmc/charis_mm_testing/BD343631-broadband-unpol/cubes/data/raw/CRSA00123424_cube.fits,97.70938,22.5,202255.93830202584,-20722.777858764806,111489.35808039532,90766.58022163052,450.6865554825703,450.6865554825703,125.6585613281019,66.4212248,1422.2002
/home/thomasmc/charis_mm_testing/BD343631-broadband-unpol/cubes/data/raw/CRSA00123425_cube.fits,97.61756,67.5,191376.8391680041,-20406.468672125517,105891.65392006484,85485.18524793931,377.9008042225928,377.9008042225928,125.2092898301123,66.24067105,1422.2002
/home/thomasmc/charis_mm_testing/BD343631-broadband-unpol/cubes/data/raw/CRSA00123426_cube.fits,97.53779,0.0,187174.4135809266,-17660.70256801958,102417.5580744731,84756.85550645352,409.5627834546222,409.5627834546222,124.7656254339029,66.05939067,1422.2002
/home/thomasmc/charis_mm_testing/BD343631-broadband-unpol/cubes/data/raw/CRSA00123427_cube.fits,97.43921,45.0,190889.7705957761,-22387.717927599384,106638.74426168777,84251.02633408837,454.6507670372483,454.6507670372483,124.3265538099569,65.87713501,1422.2002
/home/thomasmc/charis_mm_testing/BD343631-broadband-unpol/cubes/data/raw/CRSA00123428_cube.fits,97.34929,22.5,196258.77080731053,-20262.012009532467,108260.39140842148,87998.37939888902,467.4617913023073,467.4617913023073,123.8937832315757,65.69393151,1422.2002
/home/thomasmc/charis_mm_testing/BD343631-broadband-unpol/cubes/data/raw/CRSA00123429_cube.fits,97.25913,67.5,193016.6071553662,-20808.60330939418,106912.6052323802,86104.001922986,418.8148262823566,418.8148262823566,123.46673480239,65.50953458,1422.2002
