filepath,D_IMRANG,RET-ANG1,single_sum,single_diff,LCOUNTS,RCOUNTS,sum_std,diff_std,p,a,wavelength_bin
/home/thomasmc/charis_mm_testing/BD343631-broadband-unpol/cubes/data/raw/CRSA00123422_cube.fits,97.8916,0.0,193462.3599423209,-5093.980133200806,99278.17003776086,94184.18990456006,547.4851397405279,547.4851397405279,126.5757623688055,66.77899114,1471.4264
/home/thomasmc/charis_mm_testing/BD343631-broadband-unpol/cubes/data/raw/CRSA00123423_cube.fits,97.80772,45.0,200790.95468636748,-9415.094717128535,105103.024701748,95687.92998461948,443.4746099508752,443.4746099508752,126.1145151377112,66.60077713,1471.4264
/home/thomasmc/charis_mm_testing/BD343631-broadband-unpol/cubes/data/raw/CRSA00123424_cube.fits,97.70938,22.5,201563.29857465145,-6901.237447484673,104232.26801106804,97331.03056358338,445.9550777574131,445.9550777574131,125.6585613281019,66.4212248,1471.4264
/home/thomasmc/charis_mm_testing/BD343631-broadband-unpol/cubes/data/raw/CRSA00123425_cube.fits,97.61756,67.5,190222.9161565973,-8375.643739534411,99299.27994806584,90923.63620853145,386.5657647513504,386.5657647513504,125.2092898301123,66.24067105,1471.4264
/home/thomasmc/charis_mm_testing/BD343631-broadband-unpol/cubes/data/raw/CRSA00123426_cube.fits,97.53779,0.0,187568.38823987968,-5582.634763513721,96575.51150169667,90992.87673818295,423.2254424076345,423.2254424076345,124.7656254339029,66.05939067,1471.4264
/home/thomasmc/charis_mm_testing/BD343631-broadband-unpol/cubes/data/raw/CRSA00123427_cube.fits,97.43921,45.0,191388.7247603229,-8600.448268219348,99994.58651427113,91394.13824605178,456.38547706594295,456.38547706594295,124.3265538099569,65.87713501,1471.4264
/home/thomasmc/charis_mm_testing/BD343631-broadband-unpol/cubes/data/raw/CRSA00123428_cube.fits,97.34929,22.5,199897.511462266,-7408.060356360482,103652.78590931324,96244.72555295276,459.92201968377793,459.92201968377793,123.8937832315757,65.69393151,1471.4264
/home/thomasmc/charis_mm_testing/BD343631-broadband-unpol/cubes/data/raw/CRSA00123429_cube.fits,97.25913,67.5,193541.26468655484,-7113.536695884875,100327.40069121984,93213.86399533498,418.7102035305494,418.7102035305494,123.46673480239,65.50953458,1471.4264
