filepath,D_IMRANG,RET-ANG1,single_sum,single_diff,LCOUNTS,RCOUNTS,sum_std,diff_std,p,a,wavelength_bin
/home/thomasmc/charis_mm_testing/BD343631-broadband-unpol/cubes/data/raw/CRSA00123422_cube.fits,97.8916,0.0,166565.34561094485,-2848.2294740277,84706.78754248627,81858.55806845857,480.71375928971617,480.71375928971617,126.5757623688055,66.77899114,1575.0495
/home/thomasmc/charis_mm_testing/BD343631-broadband-unpol/cubes/data/raw/CRSA00123423_cube.fits,97.80772,45.0,172130.64610300958,-6947.423539524418,89539.034821267,82591.61128174259,377.55575200921305,377.55575200921305,126.1145151377112,66.60077713,1575.0495
/home/thomasmc/charis_mm_testing/BD343631-broadband-unpol/cubes/data/raw/CRSA00123424_cube.fits,97.70938,22.5,172620.38081155857,-5092.719220861269,88856.55001620992,83763.83079534865,390.5973812557524,390.5973812557524,125.6585613281019,66.4212248,1575.0495
/home/thomasmc/charis_mm_testing/BD343631-broadband-unpol/cubes/data/raw/CRSA00123425_cube.fits,97.61756,67.5,164249.07489852916,-5203.122397493513,84726.09864801134,79522.97625051782,332.74655364957687,332.74655364957687,125.2092898301123,66.24067105,1575.0495
/home/thomasmc/charis_mm_testing/BD343631-broadband-unpol/cubes/data/raw/CRSA00123426_cube.fits,97.53779,0.0,162904.1405868776,-2440.7335201893875,82672.43705353349,80231.7035333441,380.6481814506565,380.6481814506565,124.7656254339029,66.05939067,1575.0495
/home/thomasmc/charis_mm_testing/BD343631-broadband-unpol/cubes/data/raw/CRSA00123427_cube.fits,97.43921,45.0,166443.58945468944,-5849.132539294369,86146.3609969919,80297.22845769754,392.6881094609524,392.6881094609524,124.3265538099569,65.87713501,1575.0495
/home/thomasmc/charis_mm_testing/BD343631-broadband-unpol/cubes/data/raw/CRSA00123428_cube.fits,97.34929,22.5,172104.42409052246,-4411.54274771671,88257.98341911958,83846.44067140287,390.6662017186739,390.6662017186739,123.8937832315757,65.69393151,1575.0495
/home/thomasmc/charis_mm_testing/BD343631-broadband-unpol/cubes/data/raw/CRSA00123429_cube.fits,97.25913,67.5,167164.80750969285,-4732.75498112489,85948.78124540887,81216.02626428398,359.1252444966318,359.1252444966318,123.46673480239,65.50953458,1575.0495
