{
    "image_rotator": {
        "phi_h": 4.313127055742267,
        "phi_r": 0.025306528525021712,
        "phi_45": 6.37563322740264e-18
    },
    "wollaston": {
        "eta": 0.9999999999999984
    }
}