{
    "image_rotator": {
        "phi_h": 0.9720131523006962,
        "phi_r": 0.013452631110609601,
        "phi_45": 0.018321020761162
    },
    "wollaston": {
        "eta": 0.9846228995168401
    }
}