{
    "image_rotator": {
        "phi_h": 1.3661759501092918,
        "phi_r": 0.0006706841721660118,
        "phi_45": 1e-10
    },
    "wollaston": {
        "eta": 0.9932965475392459
    }
}