{
    "image_rotator": {
        "phi_h": 1.1522462814116734,
        "phi_r": 0.010964623198551925,
        "phi_45": 0.003151773744912633
    },
    "wollaston": {
        "eta": 0.9938208324971743
    }
}