{
    "image_rotator": {
        "phi_h": 4.044901819786805,
        "phi_r": 0.017541259601331263,
        "phi_45": 0.028104674526560305
    },
    "wollaston": {
        "eta": 0.9922067256437367
    }
}