{
    "image_rotator": {
        "phi_h": 1.2501472984626307,
        "phi_r": 0.00441932059949699,
        "phi_45": 0.002446260009437912
    },
    "wollaston": {
        "eta": 0.9948796620721916
    }
}