{
    "image_rotator": {
        "phi_h": 0.9701252351186994,
        "phi_r": 0.017731273824602115,
        "phi_45": 0.00943217248626018
    },
    "wollaston": {
        "eta": 0.9902506497992681
    }
}