{
    "image_rotator": {
        "phi_h": 1.0178326787398189,
        "phi_r": 0.013495441600303644,
        "phi_45": 0.003471192947097182
    },
    "wollaston": {
        "eta": 0.9928655498420148
    }
}