{
    "image_rotator": {
        "phi_h": 0.9911178355022132,
        "phi_r": 0.016116586953022677,
        "phi_45": 0.007049478531055863
    },
    "wollaston": {
        "eta": 0.9950047456607085
    }
}