{
    "image_rotator": {
        "phi_h": 1.5285539795532688,
        "phi_r": 1e-10,
        "phi_45": 1e-10
    },
    "wollaston": {
        "eta": 0.9924629880500409
    }
}