{
    "image_rotator": {
        "phi_h": 1.0693707953842575,
        "phi_r": 0.012287730490379312,
        "phi_45": 0.00525231957043432
    },
    "wollaston": {
        "eta": 0.993884585224432
    }
}