{
    "image_rotator": {
        "phi_h": 0.9646096562968807,
        "phi_r": 0.01633379250039539,
        "phi_45": 0.011856617927395275
    },
    "wollaston": {
        "eta": 0.9902702850440593
    }
}