{
    "image_rotator": {
        "phi_h": 0.9823002068375323,
        "phi_r": 0.01153898453602447,
        "phi_45": 0.016943127589386844
    },
    "wollaston": {
        "eta": 0.9809923991821071
    }
}