{
    "image_rotator": {
        "phi_h": 1.0102853906254499,
        "phi_r": 0.0051255441425993855,
        "phi_45": 0.06762471665102647
    },
    "wollaston": {
        "eta": 0.9665886832257864
    }
}