{
    "image_rotator": {
        "phi_h": 3.818811038980184,
        "phi_r": 3.2570236619275465e-24,
        "phi_45": 0.01575440661511092
    },
    "wollaston": {
        "eta": 0.9966093397891261
    }
}