{
    "image_rotator": {
        "phi_h": 3.541880326984908,
        "phi_r": 9.738500918476896e-17,
        "phi_45": 0.016526529247698762
    },
    "wollaston": {
        "eta": 0.9874893058054002
    }
}