{
    "image_rotator": {
        "phi_h": 3.171335846774251,
        "phi_r": 1.6367957736383473e-16,
        "phi_45": 0.008770602636226515
    },
    "wollaston": {
        "eta": 0.9797722254664734
    }
}