{
    "image_rotator": {
        "phi_h": 2.7459729549362186,
        "phi_r": 1e-10,
        "phi_45": 1.3001581645425383e-10
    },
    "wollaston": {
        "eta": 0.9887953023603016
    }
}