{
    "image_rotator": {
        "phi_h": 2.4642084516033274,
        "phi_r": 7.604891756659398e-23,
        "phi_45": 0.000798877796356285
    },
    "wollaston": {
        "eta": 0.9900866213413552
    }
}