{
    "image_rotator": {
        "phi_h": 2.187644663439639,
        "phi_r": 1e-10,
        "phi_45": 1e-10
    },
    "wollaston": {
        "eta": 0.9919012687955197
    }
}