{
    "image_rotator": {
        "phi_h": 1.938893964571918,
        "phi_r": 4.402735889491289e-19,
        "phi_45": 1.820556789891864e-18
    },
    "wollaston": {
        "eta": 0.991251590057088
    }
}