{
    "image_rotator": {
        "phi_h": 1.728391821168865,
        "phi_r": 4.1932246487451533e-17,
        "phi_45": 3.6237783595638634e-17
    },
    "wollaston": {
        "eta": 0.9938576171971558
    }
}