{
    "image_rotator": {
        "phi": 1.0352901029599046,
        "delta_theta": -0.4605097348159088
    },
    "hwp": {
        "phi": 3.0116420631238037,
        "delta_theta": -4.249191716897452
    },
    "lp_rot": {
        "pa": 4.9999999999975
    },
    "lp": {
        "epsilon": 0.9764080607538451
    }
}