{
    "image_rotator": {
        "phi": 1.1504655997485151,
        "delta_theta": -0.44744043194786404
    },
    "hwp": {
        "phi": 3.008859282266823,
        "delta_theta": -1.9094053438930985
    },
    "lp_rot": {
        "pa": 0.35954964883003254
    },
    "lp": {
        "epsilon": 0.9913019365807373
    }
}