{
    "image_rotator": {
        "phi": 0.9473842840752935,
        "delta_theta": -0.4764875800858974
    },
    "hwp": {
        "phi": 3.0208255784880746,
        "delta_theta": -4.252403486251066
    },
    "lp_rot": {
        "pa": 4.9999999999975
    },
    "lp": {
        "epsilon": 0.9592297590234476
    }
}