{
    "image_rotator": {
        "phi": 0.8003003683994675,
        "delta_theta": 0.24851274072781412
    },
    "hwp": {
        "phi": 3.196880708590603,
        "delta_theta": 0.7214043859352579
    },
    "lp_rot": {
        "pa": -4.9999999999975
    },
    "lp": {
        "epsilon": 0.9054382809007635
    }
}