{
    "image_rotator": {
        "phi": 0.8399360482808715,
        "delta_theta": -0.4297810165605724
    },
    "hwp": {
        "phi": 3.057195955063052,
        "delta_theta": -4.310746979392694
    },
    "lp_rot": {
        "pa": 4.999999999999926
    },
    "lp": {
        "epsilon": 0.9300145049103906
    }
}