{
    "image_rotator": {
        "phi": 3.8081617626003084,
        "delta_theta": -0.03616173206970347
    },
    "hwp": {
        "phi": 3.0048749738069946,
        "delta_theta": -0.3239831569684806
    },
    "lp_rot": {
        "pa": -2.586972014247581
    },
    "lp": {
        "epsilon": 0.9919906286470849
    }
}