{
    "image_rotator": {
        "phi": 3.3002223646420115,
        "delta_theta": -0.3393712598669544
    },
    "hwp": {
        "phi": 3.102015512115006,
        "delta_theta": 0.6782293787816706
    },
    "lp_rot": {
        "pa": -4.9999999995
    },
    "lp": {
        "epsilon": 0.9821051548763656
    }
}