{
    "image_rotator": {
        "phi": 2.4750001809991455,
        "delta_theta": 0.6238402061366062
    },
    "hwp": {
        "phi": 2.995201158428971,
        "delta_theta": -0.27845159037536416
    },
    "lp_rot": {
        "pa": -0.9128673326499753
    },
    "lp": {
        "epsilon": 0.9851646254442343
    }
}