{
    "image_rotator": {
        "phi": 2.1942878082582986,
        "delta_theta": 0.1938149726672642
    },
    "hwp": {
        "phi": 2.9906331907840173,
        "delta_theta": -0.3399726823269574
    },
    "lp_rot": {
        "pa": -1.5349681806694582
    },
    "lp": {
        "epsilon": 0.9876529975648756
    }
}