{
    "image_rotator": {
        "phi": 1.7303272803329424,
        "delta_theta": -0.19297604434210755
    },
    "hwp": {
        "phi": 2.984419137886851,
        "delta_theta": -1.5301537985056188
    },
    "lp_rot": {
        "pa": 0.21206716071060253
    },
    "lp": {
        "epsilon": 0.9884343721056208
    }
}