{
    "image_rotator": {
        "phi": 4.312397724413753
    },
    "hwp": {
        "phi": 3.020886808827544
    },
    "lp": {
        "epsilon": 0.9999999999999998
    }
}