{
    "image_rotator": {
        "phi": 4.036573727219683
    },
    "hwp": {
        "phi": 3.026480566574858
    },
    "lp": {
        "epsilon": 0.9826788607470659
    }
}