{
    "image_rotator": {
        "phi": 0.800300368400106
    },
    "hwp": {
        "phi": 3.1629341722938884
    },
    "lp": {
        "epsilon": 0.9075996521356174
    }
}