{
    "image_rotator": {
        "phi": 1.0352901029604222
    },
    "hwp": {
        "phi": 3.0029451032051737
    },
    "lp": {
        "epsilon": 0.9730212429603863
    }
}