{
    "image_rotator": {
        "phi": 1.5281092580192912
    },
    "hwp": {
        "phi": 2.9472821683476536
    },
    "lp": {
        "epsilon": 0.9841073014845596
    }
}