{
    "image_rotator": {
        "phi": 0.8399360481808716
    },
    "hwp": {
        "phi": 3.080428303739532
    },
    "lp": {
        "epsilon": 0.9294153411312643
    }
}