{
    "image_rotator": {
        "phi": 1.1500361349708539
    },
    "hwp": {
        "phi": 2.984745807565718
    },
    "lp": {
        "epsilon": 0.9854497358526484
    }
}