{
    "image_rotator": {
        "phi": 0.8140414998434663
    },
    "hwp": {
        "phi": 3.1226913858840377
    },
    "lp": {
        "epsilon": 0.9212651204974756
    }
}