{
    "image_rotator": {
        "phi": 3.525120645350325
    },
    "hwp": {
        "phi": 3.0820583829450685
    },
    "lp": {
        "epsilon": 0.9764554189612198
    }
}