{
    "image_rotator": {
        "phi": 2.746431957433162
    },
    "hwp": {
        "phi": 2.9242637620174268
    },
    "lp": {
        "epsilon": 0.9905207670228092
    }
}