{
    "image_rotator": {
        "phi": 1.9429556958994372
    },
    "hwp": {
        "phi": 2.933582312743501
    },
    "lp": {
        "epsilon": 0.9844022058350185
    }
}