{
    "image_rotator": {
        "phi": 1.7299973769638406
    },
    "hwp": {
        "phi": 2.938423753511763
    },
    "lp": {
        "epsilon": 0.9859780996986993
    }
}