FILE_NAME,SIMPLE,BITPIX,NAXIS,NAXIS1,NAXIS2,DATE-OBS,OBJECT,UT,UT-END,UT-STR,HST,HST-END,HST-STR,MJD,MJD-END,MJD-STR,FRAMEID,EXPTIME,DATA-TYP,OBSERVAT,TELESCOP,INSTRUME,TIMESYS,PROP-ID,OBSERVER,OBS-ALOC,OBS-MOD,RADESYS,LONPOLE,RA,DEC,EQUINOX,TELFOCUS,FOC-VAL,AIRMASS,ZD,AZIMUTH,ALTITUDE,FOC-POS,AUTOGUID,M2-TYPE,OUT-HUM,OUT-PRS,OUT-TMP,OUT-WND,U_CAMERA,U_AQTINT,U_AQNCYC,U_FLCOFF,U_AQSDEL,U_AQDTIM,U_HWPANG,U_NLOOPS,U_LOOPIT,U_NPOLST,U_PLSTIT,U_ORGDIR,U_OGFNAM,U_OGFNUM,U_EMGAIN,U_QWP1,U_QWP2,U_FILTER,U_MASK,U_MANGLE,U_AOHWP,D_SADC,D_SADCA1,D_SADCA2,D_SADCDC,D_SADCFC,D_SADCMD,D_SADCPA,D_SADCP,D_SADCRA,D_SADCST,D_BS1,D_BS1P,D_BS1S,D_BS2,D_BS2P,D_BS2S,D_ENSHUT,D_BNCHI,D_BNCHO,D_BNCTI,D_BNCTO,D_IMRANG,D_IMRDEC,D_IMRMOD,D_IMRPAD,D_IMRPAP,D_IMRRA,D_IMR,D_ADFG,D_DMCMTX,D_DMGAIN,D_HDFG,D_HTTG,D_LDFG,D_LOOP,D_LTTG,D_PSUBG,D_STTG,D_TTCMTX,D_TTGAIN,D_WTTG,DATE,U_FLCSTT,OG_FRMID,DETECTOR,DETGAIN,RET-ANG1,RETPLAT1,U_FLCANG,TINT,PA-STR,PA-END,PA,DEROTANG,WCSAXES,CRPIX1,CRPIX2,PC1_1,PC1_2,PC2_1,PC2_2,CDELT1,CDELT2,CUNIT1,CUNIT2,CTYPE1,CTYPE2,CRVAL1,CRVAL2,LATPOLE,MJDREF,DPP_BACK,COL_METH,MODEL,MOD_AMP,MOD_X,MOD_Y,PHOTFLUX,PHOTRAD,MEDFLUX,SUMFLUX,PEAKFLUX,MAX_X,MAX_Y,MAX_PIXEL_VALUE,R_15_TOTAL_COUNTS,NORM_I,DOUBLE_DIFFERENCE,DOUBLE_SUM,Q,U,Q_sem,U_sem,SCIENCE_REGION_MAX_RADIUS,APPENDIX_D_APERTURE_RADIUS,BACKGROUND_SUBTRACTION_METHOD,BACKGROUND_ANNULUS_INNER_RADIUS,BACKGROUND_ANNULUS_OUTER_RADIUS,BACKGROUND_ANNULUS_WIDTH,R_75_RAW_TOTAL_COUNTS,R_75_TOTAL_COUNTS,R_75_TOTAL_COUNTS_NOISE,R_75_NO_ANNULUS_SNR,DOUBLE_DIFFERENCE_ERRS,APPENDIX_D_Q_OVER_I,APPENDIX_D_U_OVER_I
VDATA20220128A_00000364_calib_collapsed_analyzed.fits,True,-32,2,366,366,2022-01-28,HD36819,07:30:16.118,07:30:24.045,07:30:08.191,21:30:16.125,21:30:24.053,21:30:08.197,59607.3126855,59607.312778,59607.312593,VTMP00000364,0.01,ACQUISITION,NAOJ,Subaru,VAMPIRES,UTC,o21156,"""[Summit] Millar-Blancher, Zhang [Hilo] Guyon, Deo, Vievard, Ah""",Observation,IMAG_POL,ICRS,180.0,5:35:26.651,24:02:24.17,2000.0,NS_IR,-0.12,1.003,4.24793,354.20239,85.75207,Nasmyth-IR,OFF,IR,26.1,622.1,271.55,4.6,1.0,10000.0,750.0,0.0,100000.0,10000.0,0.0,2.0,1.0,4.0,1.0,/mnt/data/20220128/,HD36819_04_20220128_675-50_EmptySlot_0,0,50.0,152.0,165.0,675-50,EmptySlot,1.0,T,IN,143.16803,141.16802,+24:02:23,1.0,ADI,-39.0,163.025,05:35:27.1,SYNC,SCEXAO,348.72,35708928.0,MIRROR,152.63,15629312.0,OPEN,13.0,100.0,10.7,0.0,107.36972,+24:02:22.52,ADI,-45.031,-39.0,05:35:27.130,TRACK,0.0,ao188cmtx.oct,10.0,1.0,1.0,0.0,ON,0.0,0.01,0.0,ao188ttctrl.oct,0.001,0.0,2022-01-28T07:30:28,1,VMPA00016513,iXon Ultra 897 - VAMPIRES 1.0,50.0,0.0,HWP(NIR),45,7.49,170.5630732905097,169.7321479618698,170.1471114528957,91.5471114528957,2,128.5,128.5,-0.0269989075701,0.99963546305142,-0.99963546305142,-0.0269989075701,-1.7333333333333e-06,1.7333333333333e-06,deg,deg,RA---TAN,DEC--TAN,83.861045833333,24.040047222222,24.040047222222,0.0,master_dark_em50_00010ms_256x256_cam1.fits,median,gaussian,334.3410436651135,182.92204143504,182.3274260597507,430001.3238122556,30,27.33297538757324,2723936.5,1401.332397460938,182.0,183.0,1401.3323974609375,163807.96268564335,"(-0.004952829046704188, 0.0)",-0.0031722281356746334,-0.12734696730917106,0.0,0.0,0,0,132.0,75,none,,,0,1372875.6599693298,1372875.6599693298,1171.6977681848377,1171.6977681848377,0.0003995358219190172,,
VDATA20220128A_00000365_calib_collapsed_analyzed.fits,True,-32,2,366,366,2022-01-28,HD36819,07:30:16.118,07:30:24.045,07:30:08.191,21:30:16.125,21:30:24.053,21:30:08.197,59607.3126855,59607.312778,59607.312593,VTMP00000365,0.01,ACQUISITION,NAOJ,Subaru,VAMPIRES,UTC,o21156,"""[Summit] Millar-Blancher, Zhang [Hilo] Guyon, Deo, Vievard, Ah""",Observation,IMAG_POL,ICRS,180.0,5:35:26.651,24:02:24.17,2000.0,NS_IR,-0.12,1.003,4.24793,354.20239,85.75207,Nasmyth-IR,OFF,IR,26.1,622.1,271.55,4.6,1.0,10000.0,750.0,0.0,100000.0,10000.0,0.0,2.0,1.0,4.0,1.0,/mnt/data/20220128/,HD36819_04_20220128_675-50_EmptySlot_0,0,50.0,152.0,165.0,675-50,EmptySlot,1.0,T,IN,143.16803,141.16802,+24:02:23,1.0,ADI,-39.0,163.025,05:35:27.1,SYNC,SCEXAO,348.72,35708928.0,MIRROR,152.63,15629312.0,OPEN,13.0,100.0,10.7,0.0,107.36972,+24:02:22.52,ADI,-45.031,-39.0,05:35:27.130,TRACK,0.0,ao188cmtx.oct,10.0,1.0,1.0,0.0,ON,0.0,0.01,0.0,ao188ttctrl.oct,0.001,0.0,2022-01-28T07:30:28,2,VMPA00016513,iXon Ultra 897 - VAMPIRES 1.0,50.0,0.0,HWP(NIR),45,7.49,170.5630732905097,169.7321479618698,170.1471114528957,91.5471114528957,2,128.5,128.5,-0.0269989075701,0.99963546305142,-0.99963546305142,-0.0269989075701,-1.7333333333333e-06,1.7333333333333e-06,deg,deg,RA---TAN,DEC--TAN,83.861045833333,24.040047222222,24.040047222222,0.0,master_dark_em50_00010ms_256x256_cam1.fits,median,gaussian,328.2324197424647,182.8125412479355,182.2753429944118,425431.2269891358,30,27.09189987182617,2706824.5,1420.761352539062,182.0,183.0,1420.7613525390625,161418.8747046403,0,0.0,0.0,0.0,0.0,0,0,132.0,75,none,,,0,1360477.7577896118,1360477.7577896118,1166.3951979451956,1166.3951979451954,0.0,,
VDATA20220128A_00000366_calib_collapsed_analyzed.fits,True,-32,2,366,366,2022-01-28,HD36819,07:30:16.118,07:30:24.045,07:30:08.191,21:30:16.125,21:30:24.053,21:30:08.197,59607.3126855,59607.312778,59607.312593,VTMP00000366,0.01,ACQUISITION,NAOJ,Subaru,VAMPIRES,UTC,o21156,"""[Summit] Millar-Blancher, Zhang [Hilo] Guyon, Deo, Vievard, Ah""",Observation,IMAG_POL,ICRS,180.0,5:35:26.651,24:02:24.17,2000.0,NS_IR,-0.12,1.003,4.24793,354.20239,85.75207,Nasmyth-IR,OFF,IR,26.1,622.1,271.55,4.6,2.0,10000.0,750.0,0.0,100000.0,10000.0,0.0,2.0,1.0,4.0,1.0,/mnt/data/20220128/,HD36819_04_20220128_675-50_EmptySlot_0,0,50.0,152.0,165.0,675-50,EmptySlot,1.0,T,IN,143.16803,141.16802,+24:02:23,1.0,ADI,-39.0,163.025,05:35:27.1,SYNC,SCEXAO,348.72,35708928.0,MIRROR,152.63,15629312.0,OPEN,13.0,100.0,10.7,0.0,107.36972,+24:02:22.52,ADI,-45.031,-39.0,05:35:27.130,TRACK,0.0,ao188cmtx.oct,10.0,1.0,1.0,0.0,ON,0.0,0.01,0.0,ao188ttctrl.oct,0.001,0.0,2022-01-28T07:30:31,1,VMPA00016515,iXon Ultra 897 - VAMPIRES 2.0,50.0,0.0,HWP(NIR),45,7.49,170.5630732905097,169.7321479618698,170.1471114528957,91.5471114528957,2,128.5,128.5,-0.0269989075701,0.99963546305142,-0.99963546305142,-0.0269989075701,-1.7333333333333e-06,1.7333333333333e-06,deg,deg,RA---TAN,DEC--TAN,83.861045833333,24.040047222222,24.040047222222,0.0,master_dark_em50_00010ms_256x256_cam2.fits,median,gaussian,442.0875012583609,182.8670038166175,182.3922599769408,563935.3548422242,30,33.94416427612305,3474209.25,1873.00244140625,182.0,183.0,1873.00244140625,215691.87099045844,0,0.0,0.0,0.0,0.0,0,0,133.0,75,none,,,0,1781692.30941391,1781692.30941391,1334.8004755070735,1334.8004755070738,0.0,,
VDATA20220128A_00000367_calib_collapsed_analyzed.fits,True,-32,2,366,366,2022-01-28,HD36819,07:30:16.118,07:30:24.045,07:30:08.191,21:30:16.125,21:30:24.053,21:30:08.197,59607.3126855,59607.312778,59607.312593,VTMP00000367,0.01,ACQUISITION,NAOJ,Subaru,VAMPIRES,UTC,o21156,"""[Summit] Millar-Blancher, Zhang [Hilo] Guyon, Deo, Vievard, Ah""",Observation,IMAG_POL,ICRS,180.0,5:35:26.651,24:02:24.17,2000.0,NS_IR,-0.12,1.003,4.24793,354.20239,85.75207,Nasmyth-IR,OFF,IR,26.1,622.1,271.55,4.6,2.0,10000.0,750.0,0.0,100000.0,10000.0,0.0,2.0,1.0,4.0,1.0,/mnt/data/20220128/,HD36819_04_20220128_675-50_EmptySlot_0,0,50.0,152.0,165.0,675-50,EmptySlot,1.0,T,IN,143.16803,141.16802,+24:02:23,1.0,ADI,-39.0,163.025,05:35:27.1,SYNC,SCEXAO,348.72,35708928.0,MIRROR,152.63,15629312.0,OPEN,13.0,100.0,10.7,0.0,107.36972,+24:02:22.52,ADI,-45.031,-39.0,05:35:27.130,TRACK,0.0,ao188cmtx.oct,10.0,1.0,1.0,0.0,ON,0.0,0.01,0.0,ao188ttctrl.oct,0.001,0.0,2022-01-28T07:30:31,2,VMPA00016515,iXon Ultra 897 - VAMPIRES 2.0,50.0,0.0,HWP(NIR),45,7.49,170.5630732905097,169.7321479618698,170.1471114528957,91.5471114528957,2,128.5,128.5,-0.0269989075701,0.99963546305142,-0.99963546305142,-0.0269989075701,-1.7333333333333e-06,1.7333333333333e-06,deg,deg,RA---TAN,DEC--TAN,83.861045833333,24.040047222222,24.040047222222,0.0,master_dark_em50_00010ms_256x256_cam2.fits,median,gaussian,430.2633745211002,182.7761690583165,182.3578645734921,552059.8096612548,30,33.51789093017578,3430616.25,1880.711059570312,182.0,183.0,1880.7110595703125,210412.8000513884,0,0.0,0.0,0.0,0.0,0,0,134.0,75,none,,,0,1749422.0861816406,1749422.0861816406,1322.6572066040546,1322.6572066040544,0.0,,
VDATA20220128A_00000368_calib_collapsed_analyzed.fits,True,-32,2,366,366,2022-01-28,HD36819,07:31:05.830,07:31:13.779,07:30:57.881,21:31:05.837,21:31:13.785,21:30:57.888,59607.3132525,59607.313345,59607.31316,VTMP00000368,0.01,ACQUISITION,NAOJ,Subaru,VAMPIRES,UTC,o21156,"""[Summit] Millar-Blancher, Zhang [Hilo] Guyon, Deo, Vievard, Ah""",Observation,IMAG_POL,ICRS,180.0,5:35:26.651,24:02:24.15,2000.0,NS_IR,-0.12,1.003,4.27213,351.65488,85.72787,Nasmyth-IR,OFF,IR,26.5,622.1,271.55,4.6,1.0,10000.0,750.0,0.0,100000.0,10000.0,45.0,2.0,1.0,4.0,2.0,/mnt/data/20220128/,HD36819_04_20220128_675-50_EmptySlot_0,1,50.0,152.0,165.0,675-50,EmptySlot,1.0,T,IN,143.18,141.17999,+24:02:23,1.0,ADI,-39.0,163.025,05:35:27.1,SYNC,SCEXAO,348.72,35708928.0,MIRROR,152.63,15629312.0,OPEN,13.0,100.0,10.6,0.0,107.36969,+24:02:22.52,ADI,-47.655,-39.0,05:35:27.130,TRACK,0.0,ao188cmtx.oct,10.0,1.0,1.0,0.0,ON,0.0,0.01,0.0,ao188ttctrl.oct,0.001,0.0,2022-01-28T07:31:18,1,VMPA00016517,iXon Ultra 897 - VAMPIRES 1.0,50.0,45.0,HWP(NIR),45,7.49,168.0298263160357,167.2125198017831,167.6205632422972,89.02056324229719,2,128.5,128.5,0.017093563699666,0.99985389436659,-0.99985389436659,0.017093563699666,-1.7333333333333e-06,1.7333333333333e-06,deg,deg,RA---TAN,DEC--TAN,83.861045833333,24.040041666667,24.040041666667,0.0,master_dark_em50_00010ms_256x256_cam1.fits,median,gaussian,6520.406653575535,182.415929136716,182.1475827821246,1079573.163269652,30,22.6822509765625,3187520.25,11003.595703125,183.0,183.0,11003.595703125,588145.8331588677,"(0.035031818817370886, 0.0)",0.01594186295672491,-0.13943669205765893,0.0,0.0,0,0,118.0,75,none,,,0,2222133.422718048,2222133.422718048,1490.6822004431556,1490.6822004431554,0.00031482980607056384,,
VDATA20220128A_00000369_calib_collapsed_analyzed.fits,True,-32,2,366,366,2022-01-28,HD36819,07:31:05.830,07:31:13.779,07:30:57.881,21:31:05.837,21:31:13.785,21:30:57.888,59607.3132525,59607.313345,59607.31316,VTMP00000369,0.01,ACQUISITION,NAOJ,Subaru,VAMPIRES,UTC,o21156,"""[Summit] Millar-Blancher, Zhang [Hilo] Guyon, Deo, Vievard, Ah""",Observation,IMAG_POL,ICRS,180.0,5:35:26.651,24:02:24.15,2000.0,NS_IR,-0.12,1.003,4.27213,351.65488,85.72787,Nasmyth-IR,OFF,IR,26.5,622.1,271.55,4.6,1.0,10000.0,750.0,0.0,100000.0,10000.0,45.0,2.0,1.0,4.0,2.0,/mnt/data/20220128/,HD36819_04_20220128_675-50_EmptySlot_0,1,50.0,152.0,165.0,675-50,EmptySlot,1.0,T,IN,143.18,141.17999,+24:02:23,1.0,ADI,-39.0,163.025,05:35:27.1,SYNC,SCEXAO,348.72,35708928.0,MIRROR,152.63,15629312.0,OPEN,13.0,100.0,10.6,0.0,107.36969,+24:02:22.52,ADI,-47.655,-39.0,05:35:27.130,TRACK,0.0,ao188cmtx.oct,10.0,1.0,1.0,0.0,ON,0.0,0.01,0.0,ao188ttctrl.oct,0.001,0.0,2022-01-28T07:31:18,2,VMPA00016517,iXon Ultra 897 - VAMPIRES 1.0,50.0,45.0,HWP(NIR),45,7.49,168.0298263160357,167.2125198017831,167.6205632422972,89.02056324229719,2,128.5,128.5,0.017093563699666,0.99985389436659,-0.99985389436659,0.017093563699666,-1.7333333333333e-06,1.7333333333333e-06,deg,deg,RA---TAN,DEC--TAN,83.861045833333,24.040041666667,24.040041666667,0.0,master_dark_em50_00010ms_256x256_cam1.fits,median,gaussian,6055.93057061867,182.4247831170074,182.147745091234,1026107.521939697,30,21.93098831176758,3046570.0,10328.8232421875,183.0,183.0,10328.8232421875,558661.6883988073,0,0.0,0.0,0.0,0.0,0,0,117.0,75,none,,,0,2117876.8623428345,2117876.8623428345,1455.2927067579342,1455.2927067579342,0.0,,
VDATA20220128A_00000370_calib_collapsed_analyzed.fits,True,-32,2,366,366,2022-01-28,HD36819,07:31:05.830,07:31:13.779,07:30:57.881,21:31:05.837,21:31:13.785,21:30:57.888,59607.3132525,59607.313345,59607.31316,VTMP00000370,0.01,ACQUISITION,NAOJ,Subaru,VAMPIRES,UTC,o21156,"""[Summit] Millar-Blancher, Zhang [Hilo] Guyon, Deo, Vievard, Ah""",Observation,IMAG_POL,ICRS,180.0,5:35:26.651,24:02:24.15,2000.0,NS_IR,-0.12,1.003,4.27213,351.65488,85.72787,Nasmyth-IR,OFF,IR,26.5,622.1,271.55,4.6,2.0,10000.0,750.0,0.0,100000.0,10000.0,45.0,2.0,1.0,4.0,2.0,/mnt/data/20220128/,HD36819_04_20220128_675-50_EmptySlot_0,1,50.0,152.0,165.0,675-50,EmptySlot,1.0,T,IN,143.18,141.17999,+24:02:23,1.0,ADI,-39.0,163.025,05:35:27.1,SYNC,SCEXAO,348.72,35708928.0,MIRROR,152.63,15629312.0,OPEN,13.0,100.0,10.6,0.0,107.36969,+24:02:22.52,ADI,-47.655,-39.0,05:35:27.130,TRACK,0.0,ao188cmtx.oct,10.0,1.0,1.0,0.0,ON,0.0,0.01,0.0,ao188ttctrl.oct,0.001,0.0,2022-01-28T07:31:22,1,VMPA00016519,iXon Ultra 897 - VAMPIRES 2.0,50.0,45.0,HWP(NIR),45,7.49,168.0298263160357,167.2125198017831,167.6205632422972,89.02056324229719,2,128.5,128.5,0.017093563699666,0.99985389436659,-0.99985389436659,0.017093563699666,-1.7333333333333e-06,1.7333333333333e-06,deg,deg,RA---TAN,DEC--TAN,83.861045833333,24.040041666667,24.040041666667,0.0,master_dark_em50_00010ms_256x256_cam2.fits,median,gaussian,8103.956296490494,182.4415995253525,182.1054988365933,1391899.40501648,30,27.72509384155273,4027158.75,14332.8310546875,183.0,183.0,14332.8310546875,758890.3315743423,0,0.0,0.0,0.0,0.0,0,0,119.0,75,none,,,0,2844945.043319702,2844945.043319702,1686.6964882039988,1686.6964882039988,0.0,,
VDATA20220128A_00000371_calib_collapsed_analyzed.fits,True,-32,2,366,366,2022-01-28,HD36819,07:31:05.830,07:31:13.779,07:30:57.881,21:31:05.837,21:31:13.785,21:30:57.888,59607.3132525,59607.313345,59607.31316,VTMP00000371,0.01,ACQUISITION,NAOJ,Subaru,VAMPIRES,UTC,o21156,"""[Summit] Millar-Blancher, Zhang [Hilo] Guyon, Deo, Vievard, Ah""",Observation,IMAG_POL,ICRS,180.0,5:35:26.651,24:02:24.15,2000.0,NS_IR,-0.12,1.003,4.27213,351.65488,85.72787,Nasmyth-IR,OFF,IR,26.5,622.1,271.55,4.6,2.0,10000.0,750.0,0.0,100000.0,10000.0,45.0,2.0,1.0,4.0,2.0,/mnt/data/20220128/,HD36819_04_20220128_675-50_EmptySlot_0,1,50.0,152.0,165.0,675-50,EmptySlot,1.0,T,IN,143.18,141.17999,+24:02:23,1.0,ADI,-39.0,163.025,05:35:27.1,SYNC,SCEXAO,348.72,35708928.0,MIRROR,152.63,15629312.0,OPEN,13.0,100.0,10.6,0.0,107.36969,+24:02:22.52,ADI,-47.655,-39.0,05:35:27.130,TRACK,0.0,ao188cmtx.oct,10.0,1.0,1.0,0.0,ON,0.0,0.01,0.0,ao188ttctrl.oct,0.001,0.0,2022-01-28T07:31:22,2,VMPA00016519,iXon Ultra 897 - VAMPIRES 2.0,50.0,45.0,HWP(NIR),45,7.49,168.0298263160357,167.2125198017831,167.6205632422972,89.02056324229719,2,128.5,128.5,0.017093563699666,0.99985389436659,-0.99985389436659,0.017093563699666,-1.7333333333333e-06,1.7333333333333e-06,deg,deg,RA---TAN,DEC--TAN,83.861045833333,24.040041666667,24.040041666667,0.0,master_dark_em50_00010ms_256x256_cam2.fits,median,gaussian,8081.64680365584,182.4295309069826,182.0877575164343,1419402.259999389,30,28.1183967590332,4098316.75,13933.421875,183.0,183.0,13933.421875,774321.7596550367,0,0.0,0.0,0.0,0.0,0,0,118.0,75,none,,,0,2901485.134525299,2901485.134525299,1703.3746312908677,1703.3746312908675,0.0,,
VDATA20220128A_00000372_calib_collapsed_analyzed.fits,True,-32,2,366,366,2022-01-28,HD36819,07:31:36.263,07:31:44.213,07:31:28.313,21:31:36.270,21:31:44.221,21:31:28.319,59607.3136115,59607.313704,59607.313519,VTMP00000372,0.01,ACQUISITION,NAOJ,Subaru,VAMPIRES,UTC,o21156,"""[Summit] Millar-Blancher, Zhang [Hilo] Guyon, Deo, Vievard, Ah""",Observation,IMAG_POL,ICRS,180.0,5:35:26.651,24:02:24.18,2000.0,NS_IR,-0.12,1.003,4.29085,350.13717,85.70915,Nasmyth-IR,OFF,IR,25.9,622.1,271.55,4.6,1.0,10000.0,750.0,0.0,100000.0,10000.0,22.5,2.0,1.0,4.0,3.0,/mnt/data/20220128/,HD36819_04_20220128_675-50_EmptySlot_0,2,50.0,152.0,165.0,675-50,EmptySlot,1.0,T,IN,143.18998,141.18997,+24:02:23,1.0,ADI,-39.0,163.025,05:35:27.1,SYNC,SCEXAO,348.72,35708928.0,MIRROR,152.63,15629312.0,OPEN,13.0,100.0,10.6,0.0,107.3604,+24:02:22.52,ADI,-49.213,-39.0,05:35:27.130,TRACK,0.0,ao188cmtx.oct,10.0,1.0,1.0,0.0,ON,0.0,0.01,0.0,ao188ttctrl.oct,0.001,0.0,2022-01-28T07:31:49,1,VMPA00016521,iXon Ultra 897 - VAMPIRES 1.0,50.0,22.5,HWP(NIR),45,7.49,166.4484055900096,165.6410671124455,166.0440630229906,87.4440630229906,2,128.5,128.5,0.044594721638879,0.99900516054821,-0.99900516054821,0.044594721638879,-1.7333333333333e-06,1.7333333333333e-06,deg,deg,RA---TAN,DEC--TAN,83.861045833333,24.04005,24.04005,0.0,master_dark_em50_00010ms_256x256_cam1.fits,median,gaussian,1846.202389715009,182.7380179728589,182.0878973272247,719776.7231814575,30,25.7469425201416,2956779.0,4773.6162109375,182.0,183.0,4773.6162109375,331905.2643455781,"(-0.0009292775340394299, 0.0)",-0.001437460708838451,-0.13036608572620925,0.0,0.0,0,0,121.0,75,none,,,0,1817645.0198440552,1817645.0198440552,1348.200660081449,1348.200660081449,0.00034701463149567675,,
VDATA20220128A_00000373_calib_collapsed_analyzed.fits,True,-32,2,366,366,2022-01-28,HD36819,07:31:36.263,07:31:44.213,07:31:28.313,21:31:36.270,21:31:44.221,21:31:28.319,59607.3136115,59607.313704,59607.313519,VTMP00000373,0.01,ACQUISITION,NAOJ,Subaru,VAMPIRES,UTC,o21156,"""[Summit] Millar-Blancher, Zhang [Hilo] Guyon, Deo, Vievard, Ah""",Observation,IMAG_POL,ICRS,180.0,5:35:26.651,24:02:24.18,2000.0,NS_IR,-0.12,1.003,4.29085,350.13717,85.70915,Nasmyth-IR,OFF,IR,25.9,622.1,271.55,4.6,1.0,10000.0,750.0,0.0,100000.0,10000.0,22.5,2.0,1.0,4.0,3.0,/mnt/data/20220128/,HD36819_04_20220128_675-50_EmptySlot_0,2,50.0,152.0,165.0,675-50,EmptySlot,1.0,T,IN,143.18998,141.18997,+24:02:23,1.0,ADI,-39.0,163.025,05:35:27.1,SYNC,SCEXAO,348.72,35708928.0,MIRROR,152.63,15629312.0,OPEN,13.0,100.0,10.6,0.0,107.3604,+24:02:22.52,ADI,-49.213,-39.0,05:35:27.130,TRACK,0.0,ao188cmtx.oct,10.0,1.0,1.0,0.0,ON,0.0,0.01,0.0,ao188ttctrl.oct,0.001,0.0,2022-01-28T07:31:49,2,VMPA00016521,iXon Ultra 897 - VAMPIRES 1.0,50.0,22.5,HWP(NIR),45,7.49,166.4484055900096,165.6410671124455,166.0440630229906,87.4440630229906,2,128.5,128.5,0.044594721638879,0.99900516054821,-0.99900516054821,0.044594721638879,-1.7333333333333e-06,1.7333333333333e-06,deg,deg,RA---TAN,DEC--TAN,83.861045833333,24.04005,24.04005,0.0,master_dark_em50_00010ms_256x256_cam1.fits,median,gaussian,1770.806079456178,182.746855513127,182.0682107202804,709617.4022839357,30,25.65176582336426,2898512.0,4717.44775390625,182.0,183.0,4717.44775390625,326961.16871159954,0,0.0,0.0,0.0,0.0,0,0,120.0,75,none,,,0,1793209.5869979858,1793209.5869979858,1339.1077577991944,1339.1077577991944,0.0,,
VDATA20220128A_00000374_calib_collapsed_analyzed.fits,True,-32,2,366,366,2022-01-28,HD36819,07:31:36.263,07:31:44.213,07:31:28.313,21:31:36.270,21:31:44.221,21:31:28.319,59607.3136115,59607.313704,59607.313519,VTMP00000374,0.01,ACQUISITION,NAOJ,Subaru,VAMPIRES,UTC,o21156,"""[Summit] Millar-Blancher, Zhang [Hilo] Guyon, Deo, Vievard, Ah""",Observation,IMAG_POL,ICRS,180.0,5:35:26.651,24:02:24.18,2000.0,NS_IR,-0.12,1.003,4.29085,350.13717,85.70915,Nasmyth-IR,OFF,IR,25.9,622.1,271.55,4.6,2.0,10000.0,750.0,0.0,100000.0,10000.0,22.5,2.0,1.0,4.0,3.0,/mnt/data/20220128/,HD36819_04_20220128_675-50_EmptySlot_0,2,50.0,152.0,165.0,675-50,EmptySlot,1.0,T,IN,143.18998,141.18997,+24:02:23,1.0,ADI,-39.0,163.025,05:35:27.1,SYNC,SCEXAO,348.72,35708928.0,MIRROR,152.63,15629312.0,OPEN,13.0,100.0,10.6,0.0,107.3604,+24:02:22.52,ADI,-49.213,-39.0,05:35:27.130,TRACK,0.0,ao188cmtx.oct,10.0,1.0,1.0,0.0,ON,0.0,0.01,0.0,ao188ttctrl.oct,0.001,0.0,2022-01-28T07:31:53,1,VMPA00016523,iXon Ultra 897 - VAMPIRES 2.0,50.0,22.5,HWP(NIR),45,7.49,166.4484055900096,165.6410671124455,166.0440630229906,87.4440630229906,2,128.5,128.5,0.044594721638879,0.99900516054821,-0.99900516054821,0.044594721638879,-1.7333333333333e-06,1.7333333333333e-06,deg,deg,RA---TAN,DEC--TAN,83.861045833333,24.04005,24.04005,0.0,master_dark_em50_00010ms_256x256_cam2.fits,median,gaussian,2361.111173286667,182.7505807784925,182.0660462633022,943683.841444702,30,32.37792205810547,3779452.25,6207.3154296875,182.0,183.0,6207.3154296875,435696.9174960464,0,0.0,0.0,0.0,0.0,0,0,122.0,75,none,,,0,2364913.7441101074,2364913.7441101074,1537.8276054584621,1537.8276054584621,0.0,,
VDATA20220128A_00000375_calib_collapsed_analyzed.fits,True,-32,2,366,366,2022-01-28,HD36819,07:31:36.263,07:31:44.213,07:31:28.313,21:31:36.270,21:31:44.221,21:31:28.319,59607.3136115,59607.313704,59607.313519,VTMP00000375,0.01,ACQUISITION,NAOJ,Subaru,VAMPIRES,UTC,o21156,"""[Summit] Millar-Blancher, Zhang [Hilo] Guyon, Deo, Vievard, Ah""",Observation,IMAG_POL,ICRS,180.0,5:35:26.651,24:02:24.18,2000.0,NS_IR,-0.12,1.003,4.29085,350.13717,85.70915,Nasmyth-IR,OFF,IR,25.9,622.1,271.55,4.6,2.0,10000.0,750.0,0.0,100000.0,10000.0,22.5,2.0,1.0,4.0,3.0,/mnt/data/20220128/,HD36819_04_20220128_675-50_EmptySlot_0,2,50.0,152.0,165.0,675-50,EmptySlot,1.0,T,IN,143.18998,141.18997,+24:02:23,1.0,ADI,-39.0,163.025,05:35:27.1,SYNC,SCEXAO,348.72,35708928.0,MIRROR,152.63,15629312.0,OPEN,13.0,100.0,10.6,0.0,107.3604,+24:02:22.52,ADI,-49.213,-39.0,05:35:27.130,TRACK,0.0,ao188cmtx.oct,10.0,1.0,1.0,0.0,ON,0.0,0.01,0.0,ao188ttctrl.oct,0.001,0.0,2022-01-28T07:31:53,2,VMPA00016523,iXon Ultra 897 - VAMPIRES 2.0,50.0,22.5,HWP(NIR),45,7.49,166.4484055900096,165.6410671124455,166.0440630229906,87.4440630229906,2,128.5,128.5,0.044594721638879,0.99900516054821,-0.99900516054821,0.044594721638879,-1.7333333333333e-06,1.7333333333333e-06,deg,deg,RA---TAN,DEC--TAN,83.861045833333,24.04005,24.04005,0.0,master_dark_em50_00010ms_256x256_cam2.fits,median,gaussian,2300.314166449343,182.7331906468273,182.0447376708225,927909.5930554196,30,31.48583221435547,3764629.75,6213.08740234375,182.0,183.0,6213.08740234375,428395.0421707789,0,0.0,0.0,0.0,0.0,0,0,121.0,75,none,,,0,2328541.1925811768,2328541.1925811768,1525.955829171073,1525.955829171073,0.0,,
VDATA20220128A_00000376_calib_collapsed_analyzed.fits,True,-32,2,366,366,2022-01-28,HD36819,07:32:08.356,07:32:16.302,07:32:00.411,21:32:08.363,21:32:16.309,21:32:00.417,59607.3139815,59607.314074,59607.313889,VTMP00000376,0.01,ACQUISITION,NAOJ,Subaru,VAMPIRES,UTC,o21156,"""[Summit] Millar-Blancher, Zhang [Hilo] Guyon, Deo, Vievard, Ah""",Observation,IMAG_POL,ICRS,180.0,5:35:26.651,24:02:24.18,2000.0,NS_IR,-0.12,1.003,4.31444,348.51972,85.68556,Nasmyth-IR,OFF,IR,25.9,622.1,271.55,4.7,1.0,10000.0,750.0,0.0,100000.0,10000.0,67.5,2.0,1.0,4.0,4.0,/mnt/data/20220128/,HD36819_04_20220128_675-50_EmptySlot_0,3,50.0,152.0,165.0,675-50,EmptySlot,1.0,T,IN,143.20195,141.20099,+24:02:23,1.0,ADI,-39.0,163.025,05:35:27.1,SYNC,SCEXAO,348.72,35708928.0,MIRROR,152.63,15629312.0,OPEN,13.0,100.0,10.6,0.0,107.35025,+24:02:22.52,ADI,-50.859,-39.0,05:35:27.130,TRACK,0.0,ao188cmtx.oct,10.0,1.0,1.0,0.0,ON,0.0,0.01,0.0,ao188ttctrl.oct,0.001,0.0,2022-01-28T07:32:21,1,VMPA00016525,iXon Ultra 897 - VAMPIRES 1.0,50.0,67.5,HWP(NIR),45,7.49,164.8392383784075,164.0431581562038,164.4404652272129,85.84046522721295,2,128.5,128.5,0.07253382412782,0.9973659530771,-0.9973659530771,0.07253382412782,-1.7333333333333e-06,1.7333333333333e-06,deg,deg,RA---TAN,DEC--TAN,83.861045833333,24.04005,24.04005,0.0,master_dark_em50_00010ms_256x256_cam1.fits,median,gaussian,517.9918297666657,183.2570985159226,181.901664257212,543644.4135009766,30,26.4713249206543,2872937.0,2421.459228515625,182.0,183.0,2421.459228515625,222771.37999657696,"(0.032432978895845885, 0.0)",0.0134079994996545,-0.13057728612911634,0.0,0.0,0,0,134.0,75,none,,,0,1567303.9258003235,1567303.9258003235,1251.9200956132638,1251.9200956132638,0.00037638078768321547,,
VDATA20220128A_00000377_calib_collapsed_analyzed.fits,True,-32,2,366,366,2022-01-28,HD36819,07:32:08.356,07:32:16.302,07:32:00.411,21:32:08.363,21:32:16.309,21:32:00.417,59607.3139815,59607.314074,59607.313889,VTMP00000377,0.01,ACQUISITION,NAOJ,Subaru,VAMPIRES,UTC,o21156,"""[Summit] Millar-Blancher, Zhang [Hilo] Guyon, Deo, Vievard, Ah""",Observation,IMAG_POL,ICRS,180.0,5:35:26.651,24:02:24.18,2000.0,NS_IR,-0.12,1.003,4.31444,348.51972,85.68556,Nasmyth-IR,OFF,IR,25.9,622.1,271.55,4.7,1.0,10000.0,750.0,0.0,100000.0,10000.0,67.5,2.0,1.0,4.0,4.0,/mnt/data/20220128/,HD36819_04_20220128_675-50_EmptySlot_0,3,50.0,152.0,165.0,675-50,EmptySlot,1.0,T,IN,143.20195,141.20099,+24:02:23,1.0,ADI,-39.0,163.025,05:35:27.1,SYNC,SCEXAO,348.72,35708928.0,MIRROR,152.63,15629312.0,OPEN,13.0,100.0,10.6,0.0,107.35025,+24:02:22.52,ADI,-50.859,-39.0,05:35:27.130,TRACK,0.0,ao188cmtx.oct,10.0,1.0,1.0,0.0,ON,0.0,0.01,0.0,ao188ttctrl.oct,0.001,0.0,2022-01-28T07:32:21,2,VMPA00016525,iXon Ultra 897 - VAMPIRES 1.0,50.0,67.5,HWP(NIR),45,7.49,164.8392383784075,164.0431581562038,164.4404652272129,85.84046522721295,2,128.5,128.5,0.07253382412782,0.9973659530771,-0.9973659530771,0.07253382412782,-1.7333333333333e-06,1.7333333333333e-06,deg,deg,RA---TAN,DEC--TAN,83.861045833333,24.04005,24.04005,0.0,master_dark_em50_00010ms_256x256_cam1.fits,median,gaussian,494.1020815183547,183.2605190656386,181.8944483887879,520061.1214682006,30,25.71719551086426,2719301.75,2301.49560546875,182.0,183.0,2301.49560546875,212667.21025448744,0,0.0,0.0,0.0,0.0,0,0,129.0,75,none,,,0,1500785.477607727,1500785.477607727,1225.0654993132925,1225.0654993132928,0.0,,
VDATA20220128A_00000378_calib_collapsed_analyzed.fits,True,-32,2,366,366,2022-01-28,HD36819,07:32:08.356,07:32:16.302,07:32:00.411,21:32:08.363,21:32:16.309,21:32:00.417,59607.3139815,59607.314074,59607.313889,VTMP00000378,0.01,ACQUISITION,NAOJ,Subaru,VAMPIRES,UTC,o21156,"""[Summit] Millar-Blancher, Zhang [Hilo] Guyon, Deo, Vievard, Ah""",Observation,IMAG_POL,ICRS,180.0,5:35:26.651,24:02:24.18,2000.0,NS_IR,-0.12,1.003,4.31444,348.51972,85.68556,Nasmyth-IR,OFF,IR,25.9,622.1,271.55,4.7,2.0,10000.0,750.0,0.0,100000.0,10000.0,67.5,2.0,1.0,4.0,4.0,/mnt/data/20220128/,HD36819_04_20220128_675-50_EmptySlot_0,3,50.0,152.0,165.0,675-50,EmptySlot,1.0,T,IN,143.20195,141.20099,+24:02:23,1.0,ADI,-39.0,163.025,05:35:27.1,SYNC,SCEXAO,348.72,35708928.0,MIRROR,152.63,15629312.0,OPEN,13.0,100.0,10.6,0.0,107.35025,+24:02:22.52,ADI,-50.859,-39.0,05:35:27.130,TRACK,0.0,ao188cmtx.oct,10.0,1.0,1.0,0.0,ON,0.0,0.01,0.0,ao188ttctrl.oct,0.001,0.0,2022-01-28T07:32:24,1,VMPA00016525,iXon Ultra 897 - VAMPIRES 2.0,50.0,67.5,HWP(NIR),45,7.49,164.8392383784075,164.0431581562038,164.4404652272129,85.84046522721295,2,128.5,128.5,0.07253382412782,0.9973659530771,-0.9973659530771,0.07253382412782,-1.7333333333333e-06,1.7333333333333e-06,deg,deg,RA---TAN,DEC--TAN,83.861045833333,24.04005,24.04005,0.0,master_dark_em50_00010ms_256x256_cam2.fits,median,gaussian,656.2542014986642,183.2509842455715,181.906048773566,691570.9814782712,30,32.19759368896484,3572309.25,3010.90185546875,182.0,183.0,3010.90185546875,283539.3296026249,0,0.0,0.0,0.0,0.0,0,0,132.0,75,none,,,0,1980780.40965271,1980780.40965271,1407.4020071225953,1407.4020071225955,0.0,,
VDATA20220128A_00000379_calib_collapsed_analyzed.fits,True,-32,2,366,366,2022-01-28,HD36819,07:32:08.356,07:32:16.302,07:32:00.411,21:32:08.363,21:32:16.309,21:32:00.417,59607.3139815,59607.314074,59607.313889,VTMP00000379,0.01,ACQUISITION,NAOJ,Subaru,VAMPIRES,UTC,o21156,"""[Summit] Millar-Blancher, Zhang [Hilo] Guyon, Deo, Vievard, Ah""",Observation,IMAG_POL,ICRS,180.0,5:35:26.651,24:02:24.18,2000.0,NS_IR,-0.12,1.003,4.31444,348.51972,85.68556,Nasmyth-IR,OFF,IR,25.9,622.1,271.55,4.7,2.0,10000.0,750.0,0.0,100000.0,10000.0,67.5,2.0,1.0,4.0,4.0,/mnt/data/20220128/,HD36819_04_20220128_675-50_EmptySlot_0,3,50.0,152.0,165.0,675-50,EmptySlot,1.0,T,IN,143.20195,141.20099,+24:02:23,1.0,ADI,-39.0,163.025,05:35:27.1,SYNC,SCEXAO,348.72,35708928.0,MIRROR,152.63,15629312.0,OPEN,13.0,100.0,10.6,0.0,107.35025,+24:02:22.52,ADI,-50.859,-39.0,05:35:27.130,TRACK,0.0,ao188cmtx.oct,10.0,1.0,1.0,0.0,ON,0.0,0.01,0.0,ao188ttctrl.oct,0.001,0.0,2022-01-28T07:32:24,2,VMPA00016525,iXon Ultra 897 - VAMPIRES 2.0,50.0,67.5,HWP(NIR),45,7.49,164.8392383784075,164.0431581562038,164.4404652272129,85.84046522721295,2,128.5,128.5,0.07253382412782,0.9973659530771,-0.9973659530771,0.07253382412782,-1.7333333333333e-06,1.7333333333333e-06,deg,deg,RA---TAN,DEC--TAN,83.861045833333,24.04005,24.04005,0.0,master_dark_em50_00010ms_256x256_cam2.fits,median,gaussian,678.1335624419467,183.2585859479179,181.8141493285567,703179.5700280763,30,32.5807991027832,3589063.75,3051.21533203125,182.0,183.0,3051.21533203125,289175.0986767928,0,0.0,0.0,0.009557045546199771,0.007422730104246476,0,0,132.0,75,none,,,0,2008892.4341392517,2008892.4341392517,1417.3540256898598,1417.3540256898598,0.0,,
VDATA20220128A_00000380_calib_collapsed_analyzed.fits,True,-32,2,366,366,2022-01-28,HD36819,07:32:40.125,07:32:48.087,07:32:32.162,21:32:40.132,21:32:48.095,21:32:32.169,59607.3143515,59607.314444,59607.314259,VTMP00000380,0.01,ACQUISITION,NAOJ,Subaru,VAMPIRES,UTC,o21156,"""[Summit] Millar-Blancher, Zhang [Hilo] Guyon, Deo, Vievard, Ah""",Observation,IMAG_POL,ICRS,180.0,5:35:26.651,24:02:24.17,2000.0,NS_IR,-0.12,1.003,4.34072,346.96556,85.65928,Nasmyth-IR,OFF,IR,25.8,622.1,271.55,4.7,1.0,10000.0,750.0,0.0,100000.0,10000.0,0.0,2.0,2.0,4.0,1.0,/mnt/data/20220128/,HD36819_04_20220128_675-50_EmptySlot_0,4,50.0,152.0,165.0,675-50,EmptySlot,1.0,T,IN,143.21602,141.21496,+24:02:23,1.0,ADI,-39.0,163.025,05:35:27.1,SYNC,SCEXAO,348.72,35708928.0,MIRROR,152.63,15629312.0,OPEN,13.0,100.0,10.6,0.0,107.32678,+24:02:22.52,ADI,-52.486,-39.0,05:35:27.130,TRACK,0.0,ao188cmtx.oct,10.0,1.0,1.0,0.0,ON,0.0,0.01,0.0,ao188ttctrl.oct,0.001,0.0,2022-01-28T07:32:52,1,VMPA00016529,iXon Ultra 897 - VAMPIRES 1.0,50.0,0.0,HWP(NIR),45,7.49,163.2530428399112,162.4691272742185,162.8602984217002,84.26029842170016,2,128.5,128.5,0.10000922299363,0.99498651011771,-0.99498651011771,0.10000922299363,-1.7333333333333e-06,1.7333333333333e-06,deg,deg,RA---TAN,DEC--TAN,83.861045833333,24.040047222222,24.040047222222,0.0,master_dark_em50_00010ms_256x256_cam1.fits,median,gaussian,1589.627210205985,182.548098362371,182.1235262255394,758510.5451074219,30,25.54833793640137,2982733.5,4668.37158203125,182.0,183.0,4668.37158203125,350587.57382834057,"(-0.005243788436257446, 0.0)",-0.0036748001694661466,-0.1354295551530259,0.0,0.0,0,0,120.0,75,none,,,0,1881405.130455017,1881405.130455017,1371.6432227277678,1371.643222727768,0.00033954021377198475,,
VDATA20220128A_00000381_calib_collapsed_analyzed.fits,True,-32,2,366,366,2022-01-28,HD36819,07:32:40.125,07:32:48.087,07:32:32.162,21:32:40.132,21:32:48.095,21:32:32.169,59607.3143515,59607.314444,59607.314259,VTMP00000381,0.01,ACQUISITION,NAOJ,Subaru,VAMPIRES,UTC,o21156,"""[Summit] Millar-Blancher, Zhang [Hilo] Guyon, Deo, Vievard, Ah""",Observation,IMAG_POL,ICRS,180.0,5:35:26.651,24:02:24.17,2000.0,NS_IR,-0.12,1.003,4.34072,346.96556,85.65928,Nasmyth-IR,OFF,IR,25.8,622.1,271.55,4.7,1.0,10000.0,750.0,0.0,100000.0,10000.0,0.0,2.0,2.0,4.0,1.0,/mnt/data/20220128/,HD36819_04_20220128_675-50_EmptySlot_0,4,50.0,152.0,165.0,675-50,EmptySlot,1.0,T,IN,143.21602,141.21496,+24:02:23,1.0,ADI,-39.0,163.025,05:35:27.1,SYNC,SCEXAO,348.72,35708928.0,MIRROR,152.63,15629312.0,OPEN,13.0,100.0,10.6,0.0,107.32678,+24:02:22.52,ADI,-52.486,-39.0,05:35:27.130,TRACK,0.0,ao188cmtx.oct,10.0,1.0,1.0,0.0,ON,0.0,0.01,0.0,ao188ttctrl.oct,0.001,0.0,2022-01-28T07:32:52,2,VMPA00016529,iXon Ultra 897 - VAMPIRES 1.0,50.0,0.0,HWP(NIR),45,7.49,163.2530428399112,162.4691272742185,162.8602984217002,84.26029842170016,2,128.5,128.5,0.10000922299363,0.99498651011771,-0.99498651011771,0.10000922299363,-1.7333333333333e-06,1.7333333333333e-06,deg,deg,RA---TAN,DEC--TAN,83.861045833333,24.040047222222,24.040047222222,0.0,master_dark_em50_00010ms_256x256_cam1.fits,median,gaussian,1726.767523762168,182.6140734714506,182.1475760163211,753469.5258184812,30,25.53145027160645,2957517.75,4687.296875,182.0,183.0,4687.296875,349087.8801969144,0,0.0,0.0,0.0,0.0,0,0,120.0,75,none,,,0,1868170.2521247864,1868170.2521247864,1366.8102473001827,1366.8102473001825,0.0,,
VDATA20220128A_00000382_calib_collapsed_analyzed.fits,True,-32,2,366,366,2022-01-28,HD36819,07:32:40.125,07:32:48.087,07:32:32.162,21:32:40.132,21:32:48.095,21:32:32.169,59607.3143515,59607.314444,59607.314259,VTMP00000382,0.01,ACQUISITION,NAOJ,Subaru,VAMPIRES,UTC,o21156,"""[Summit] Millar-Blancher, Zhang [Hilo] Guyon, Deo, Vievard, Ah""",Observation,IMAG_POL,ICRS,180.0,5:35:26.651,24:02:24.17,2000.0,NS_IR,-0.12,1.003,4.34072,346.96556,85.65928,Nasmyth-IR,OFF,IR,25.8,622.1,271.55,4.7,2.0,10000.0,750.0,0.0,100000.0,10000.0,0.0,2.0,2.0,4.0,1.0,/mnt/data/20220128/,HD36819_04_20220128_675-50_EmptySlot_0,4,50.0,152.0,165.0,675-50,EmptySlot,1.0,T,IN,143.21602,141.21496,+24:02:23,1.0,ADI,-39.0,163.025,05:35:27.1,SYNC,SCEXAO,348.72,35708928.0,MIRROR,152.63,15629312.0,OPEN,13.0,100.0,10.6,0.0,107.32678,+24:02:22.52,ADI,-52.486,-39.0,05:35:27.130,TRACK,0.0,ao188cmtx.oct,10.0,1.0,1.0,0.0,ON,0.0,0.01,0.0,ao188ttctrl.oct,0.001,0.0,2022-01-28T07:32:56,1,VMPA00016529,iXon Ultra 897 - VAMPIRES 2.0,50.0,0.0,HWP(NIR),45,7.49,163.2530428399112,162.4691272742185,162.8602984217002,84.26029842170016,2,128.5,128.5,0.10000922299363,0.99498651011771,-0.99498651011771,0.10000922299363,-1.7333333333333e-06,1.7333333333333e-06,deg,deg,RA---TAN,DEC--TAN,83.861045833333,24.040047222222,24.040047222222,0.0,master_dark_em50_00010ms_256x256_cam2.fits,median,gaussian,2079.8524602424,182.545771113107,182.128666654694,1009250.256282959,30,32.34506607055664,3877754.0,6079.85205078125,182.0,183.0,6079.85205078125,467424.5660940354,0,0.0,0.0,0.0,0.0,0,0,119.0,75,none,,,0,2484689.9980278015,2484689.9980278015,1576.2899473218122,1576.2899473218122,0.0,,
VDATA20220128A_00000383_calib_collapsed_analyzed.fits,True,-32,2,366,366,2022-01-28,HD36819,07:32:40.125,07:32:48.087,07:32:32.162,21:32:40.132,21:32:48.095,21:32:32.169,59607.3143515,59607.314444,59607.314259,VTMP00000383,0.01,ACQUISITION,NAOJ,Subaru,VAMPIRES,UTC,o21156,"""[Summit] Millar-Blancher, Zhang [Hilo] Guyon, Deo, Vievard, Ah""",Observation,IMAG_POL,ICRS,180.0,5:35:26.651,24:02:24.17,2000.0,NS_IR,-0.12,1.003,4.34072,346.96556,85.65928,Nasmyth-IR,OFF,IR,25.8,622.1,271.55,4.7,2.0,10000.0,750.0,0.0,100000.0,10000.0,0.0,2.0,2.0,4.0,1.0,/mnt/data/20220128/,HD36819_04_20220128_675-50_EmptySlot_0,4,50.0,152.0,165.0,675-50,EmptySlot,1.0,T,IN,143.21602,141.21496,+24:02:23,1.0,ADI,-39.0,163.025,05:35:27.1,SYNC,SCEXAO,348.72,35708928.0,MIRROR,152.63,15629312.0,OPEN,13.0,100.0,10.6,0.0,107.32678,+24:02:22.52,ADI,-52.486,-39.0,05:35:27.130,TRACK,0.0,ao188cmtx.oct,10.0,1.0,1.0,0.0,ON,0.0,0.01,0.0,ao188ttctrl.oct,0.001,0.0,2022-01-28T07:32:56,2,VMPA00016529,iXon Ultra 897 - VAMPIRES 2.0,50.0,0.0,HWP(NIR),45,7.49,163.2530428399112,162.4691272742185,162.8602984217002,84.26029842170016,2,128.5,128.5,0.10000922299363,0.99498651011771,-0.99498651011771,0.10000922299363,-1.7333333333333e-06,1.7333333333333e-06,deg,deg,RA---TAN,DEC--TAN,83.861045833333,24.040047222222,24.040047222222,0.0,master_dark_em50_00010ms_256x256_cam2.fits,median,gaussian,2151.812152395658,182.603055314141,182.1263181629784,992134.8497570796,30,31.61099815368652,3808131.75,6148.3046875,182.0,183.0,6148.3046875,460472.5475085173,0,0.0,0.0,0.0,0.0,0,0,121.0,75,none,,,0,2439580.4694976807,2439580.4694976807,1561.9156409671045,1561.9156409671043,0.0,,
VDATA20220128A_00000384_calib_collapsed_analyzed.fits,True,-32,2,366,366,2022-01-28,HD36819,07:33:11.690,07:33:19.622,07:33:03.758,21:33:11.696,21:33:19.629,21:33:03.764,59607.3147105,59607.314803,59607.314618,VTMP00000384,0.01,ACQUISITION,NAOJ,Subaru,VAMPIRES,UTC,o21156,"""[Summit] Millar-Blancher, Zhang [Hilo] Guyon, Deo, Vievard, Ah""",Observation,IMAG_POL,ICRS,180.0,5:35:26.651,24:02:24.14,2000.0,NS_IR,-0.12,1.003,4.37055,345.41704,85.62945,Nasmyth-IR,OFF,IR,25.8,622.1,271.55,4.7,1.0,10000.0,750.0,0.0,100000.0,10000.0,45.0,2.0,2.0,4.0,2.0,/mnt/data/20220128/,HD36819_04_20220128_675-50_EmptySlot_0,5,50.0,152.0,165.0,675-50,EmptySlot,1.0,T,IN,143.23103,141.23102,+24:02:23,1.0,ADI,-39.0,163.025,05:35:27.1,SYNC,SCEXAO,348.72,35708928.0,MIRROR,152.63,15629312.0,OPEN,13.0,100.0,10.6,0.0,107.29972,+24:02:22.52,ADI,-54.093,-39.0,05:35:27.130,TRACK,0.0,ao188cmtx.oct,10.0,1.0,1.0,0.0,ON,0.0,0.01,0.0,ao188ttctrl.oct,0.001,0.0,2022-01-28T07:33:24,1,VMPA00016533,iXon Ultra 897 - VAMPIRES 1.0,50.0,45.0,HWP(NIR),45,7.49,161.7376189140196,160.9662793143866,161.3511163687652,82.7511163687652,2,128.5,128.5,0.1261796405793,0.99200740839133,-0.99200740839133,0.1261796405793,-1.7333333333333e-06,1.7333333333333e-06,deg,deg,RA---TAN,DEC--TAN,83.861045833333,24.040038888889,24.040038888889,0.0,master_dark_em50_00010ms_256x256_cam1.fits,median,gaussian,5044.518729991772,182.5479411764513,182.2360891884709,965795.7608410644,30,24.39320373535156,3145192.75,8735.7353515625,182.0,183.0,8735.7353515625,504547.9457383407,"(0.03386536151637806, 0.0)",0.015840670408996182,-0.1326520527282106,0.0,0.0,0,0,119.0,75,none,,,0,2113537.896209717,2113537.896209717,1453.8011886808033,1453.8011886808033,0.0003240817615827616,,
VDATA20220128A_00000385_calib_collapsed_analyzed.fits,True,-32,2,366,366,2022-01-28,HD36819,07:33:11.690,07:33:19.622,07:33:03.758,21:33:11.696,21:33:19.629,21:33:03.764,59607.3147105,59607.314803,59607.314618,VTMP00000385,0.01,ACQUISITION,NAOJ,Subaru,VAMPIRES,UTC,o21156,"""[Summit] Millar-Blancher, Zhang [Hilo] Guyon, Deo, Vievard, Ah""",Observation,IMAG_POL,ICRS,180.0,5:35:26.651,24:02:24.14,2000.0,NS_IR,-0.12,1.003,4.37055,345.41704,85.62945,Nasmyth-IR,OFF,IR,25.8,622.1,271.55,4.7,1.0,10000.0,750.0,0.0,100000.0,10000.0,45.0,2.0,2.0,4.0,2.0,/mnt/data/20220128/,HD36819_04_20220128_675-50_EmptySlot_0,5,50.0,152.0,165.0,675-50,EmptySlot,1.0,T,IN,143.23103,141.23102,+24:02:23,1.0,ADI,-39.0,163.025,05:35:27.1,SYNC,SCEXAO,348.72,35708928.0,MIRROR,152.63,15629312.0,OPEN,13.0,100.0,10.6,0.0,107.29972,+24:02:22.52,ADI,-54.093,-39.0,05:35:27.130,TRACK,0.0,ao188cmtx.oct,10.0,1.0,1.0,0.0,ON,0.0,0.01,0.0,ao188ttctrl.oct,0.001,0.0,2022-01-28T07:33:24,2,VMPA00016533,iXon Ultra 897 - VAMPIRES 1.0,50.0,45.0,HWP(NIR),45,7.49,161.7376189140196,160.9662793143866,161.3511163687652,82.7511163687652,2,128.5,128.5,0.1261796405793,0.99200740839133,-0.99200740839133,0.1261796405793,-1.7333333333333e-06,1.7333333333333e-06,deg,deg,RA---TAN,DEC--TAN,83.861045833333,24.040038888889,24.040038888889,0.0,master_dark_em50_00010ms_256x256_cam1.fits,median,gaussian,4793.81080567033,182.523705427783,182.2099063201109,919482.4098254396,30,23.41645622253418,3003245.75,8364.11328125,182.0,183.0,8364.11328125,480921.7749615928,0,0.0,0.0,0.0,0.0,0,0,119.0,75,none,,,0,2014514.3745574951,2014514.3745574951,1419.335892083863,1419.335892083863,0.0,,
VDATA20220128A_00000386_calib_collapsed_analyzed.fits,True,-32,2,366,366,2022-01-28,HD36819,07:33:11.690,07:33:19.622,07:33:03.758,21:33:11.696,21:33:19.629,21:33:03.764,59607.3147105,59607.314803,59607.314618,VTMP00000386,0.01,ACQUISITION,NAOJ,Subaru,VAMPIRES,UTC,o21156,"""[Summit] Millar-Blancher, Zhang [Hilo] Guyon, Deo, Vievard, Ah""",Observation,IMAG_POL,ICRS,180.0,5:35:26.651,24:02:24.14,2000.0,NS_IR,-0.12,1.003,4.37055,345.41704,85.62945,Nasmyth-IR,OFF,IR,25.8,622.1,271.55,4.7,2.0,10000.0,750.0,0.0,100000.0,10000.0,45.0,2.0,2.0,4.0,2.0,/mnt/data/20220128/,HD36819_04_20220128_675-50_EmptySlot_0,5,50.0,152.0,165.0,675-50,EmptySlot,1.0,T,IN,143.23103,141.23102,+24:02:23,1.0,ADI,-39.0,163.025,05:35:27.1,SYNC,SCEXAO,348.72,35708928.0,MIRROR,152.63,15629312.0,OPEN,13.0,100.0,10.6,0.0,107.29972,+24:02:22.52,ADI,-54.093,-39.0,05:35:27.130,TRACK,0.0,ao188cmtx.oct,10.0,1.0,1.0,0.0,ON,0.0,0.01,0.0,ao188ttctrl.oct,0.001,0.0,2022-01-28T07:33:27,1,VMPA00016533,iXon Ultra 897 - VAMPIRES 2.0,50.0,45.0,HWP(NIR),45,7.49,161.7376189140196,160.9662793143866,161.3511163687652,82.7511163687652,2,128.5,128.5,0.1261796405793,0.99200740839133,-0.99200740839133,0.1261796405793,-1.7333333333333e-06,1.7333333333333e-06,deg,deg,RA---TAN,DEC--TAN,83.861045833333,24.040038888889,24.040038888889,0.0,master_dark_em50_00010ms_256x256_cam2.fits,median,gaussian,6240.641155256935,182.5412036884735,182.1916231192677,1226634.815236205,30,29.45693588256836,3925139.75,11024.0458984375,182.0,183.0,11024.0458984375,641046.0793682951,0,0.0,0.0,0.0,0.0,0,0,120.0,75,none,,,0,2669489.511188507,2669489.511188507,1633.8572493300958,1633.857249330096,0.0,,
VDATA20220128A_00000387_calib_collapsed_analyzed.fits,True,-32,2,366,366,2022-01-28,HD36819,07:33:11.690,07:33:19.622,07:33:03.758,21:33:11.696,21:33:19.629,21:33:03.764,59607.3147105,59607.314803,59607.314618,VTMP00000387,0.01,ACQUISITION,NAOJ,Subaru,VAMPIRES,UTC,o21156,"""[Summit] Millar-Blancher, Zhang [Hilo] Guyon, Deo, Vievard, Ah""",Observation,IMAG_POL,ICRS,180.0,5:35:26.651,24:02:24.14,2000.0,NS_IR,-0.12,1.003,4.37055,345.41704,85.62945,Nasmyth-IR,OFF,IR,25.8,622.1,271.55,4.7,2.0,10000.0,750.0,0.0,100000.0,10000.0,45.0,2.0,2.0,4.0,2.0,/mnt/data/20220128/,HD36819_04_20220128_675-50_EmptySlot_0,5,50.0,152.0,165.0,675-50,EmptySlot,1.0,T,IN,143.23103,141.23102,+24:02:23,1.0,ADI,-39.0,163.025,05:35:27.1,SYNC,SCEXAO,348.72,35708928.0,MIRROR,152.63,15629312.0,OPEN,13.0,100.0,10.6,0.0,107.29972,+24:02:22.52,ADI,-54.093,-39.0,05:35:27.130,TRACK,0.0,ao188cmtx.oct,10.0,1.0,1.0,0.0,ON,0.0,0.01,0.0,ao188ttctrl.oct,0.001,0.0,2022-01-28T07:33:27,2,VMPA00016533,iXon Ultra 897 - VAMPIRES 2.0,50.0,45.0,HWP(NIR),45,7.49,161.7376189140196,160.9662793143866,161.3511163687652,82.7511163687652,2,128.5,128.5,0.1261796405793,0.99200740839133,-0.99200740839133,0.1261796405793,-1.7333333333333e-06,1.7333333333333e-06,deg,deg,RA---TAN,DEC--TAN,83.861045833333,24.040038888889,24.040038888889,0.0,master_dark_em50_00010ms_256x256_cam2.fits,median,gaussian,6433.557424308092,182.561090115515,182.1865655936446,1250784.094838867,30,29.78784942626953,3998133.25,11182.373046875,182.0,183.0,11182.373046875,654688.1363424562,0,0.0,0.0,0.0,0.0,0,0,121.0,75,none,,,0,2721250.0333747864,2721250.0333747864,1649.6211787482562,1649.6211787482564,0.0,,
VDATA20220128A_00000388_calib_collapsed_analyzed.fits,True,-32,2,366,366,2022-01-28,HD36819,07:33:40.920,07:33:48.849,07:33:32.990,21:33:40.926,21:33:48.856,21:33:32.997,59607.3150465,59607.315139,59607.314954,VTMP00000388,0.01,ACQUISITION,NAOJ,Subaru,VAMPIRES,UTC,o21156,"""[Summit] Millar-Blancher, Zhang [Hilo] Guyon, Deo, Vievard, Ah""",Observation,IMAG_POL,ICRS,180.0,5:35:26.648,24:02:24.23,2000.0,NS_IR,-0.12,1.003,4.40094,344.0101,85.59906,Nasmyth-IR,OFF,IR,25.7,622.1,271.55,4.8,1.0,10000.0,750.0,0.0,100000.0,10000.0,22.5,2.0,2.0,4.0,3.0,/mnt/data/20220128/,HD36819_04_20220128_675-50_EmptySlot_0,6,50.0,152.0,165.0,675-50,EmptySlot,1.0,T,IN,143.24604,141.24603,+24:02:23,1.0,ADI,-39.0,163.025,05:35:27.1,SYNC,SCEXAO,348.72,35708928.0,MIRROR,152.63,15629312.0,OPEN,13.0,100.0,10.6,0.0,107.29972,+24:02:22.52,ADI,-55.529,-39.0,05:35:27.130,TRACK,0.0,ao188cmtx.oct,10.0,1.0,1.0,0.0,ON,0.0,0.01,0.0,ao188ttctrl.oct,0.001,0.0,2022-01-28T07:33:53,1,VMPA00016537,iXon Ultra 897 - VAMPIRES 1.0,50.0,22.5,HWP(NIR),45,7.49,160.3416589574206,159.5827045841406,159.9613111783035,81.36131117830351,2,128.5,128.5,0.15020296440071,0.98865518229828,-0.98865518229828,0.15020296440071,-1.7333333333333e-06,1.7333333333333e-06,deg,deg,RA---TAN,DEC--TAN,83.861033333333,24.040063888889,24.040063888889,0.0,master_dark_em50_00010ms_256x256_cam1.fits,median,gaussian,4223.296188899114,182.5875744072801,182.3259565666392,914639.8910400388,30,23.78023147583008,3060588.0,7467.95751953125,182.0,183.0,7467.95751953125,470910.9796729761,"(-0.0010594071890633883, 0.0)",-0.0010900848378896002,-0.13530493055545398,0.0,0.0,0,0,121.0,75,none,,,0,2018946.6380691528,2018946.6380691528,1420.8964205983323,1420.8964205983323,0.000328225701587636,,
VDATA20220128A_00000389_calib_collapsed_analyzed.fits,True,-32,2,366,366,2022-01-28,HD36819,07:33:40.920,07:33:48.849,07:33:32.990,21:33:40.926,21:33:48.856,21:33:32.997,59607.3150465,59607.315139,59607.314954,VTMP00000389,0.01,ACQUISITION,NAOJ,Subaru,VAMPIRES,UTC,o21156,"""[Summit] Millar-Blancher, Zhang [Hilo] Guyon, Deo, Vievard, Ah""",Observation,IMAG_POL,ICRS,180.0,5:35:26.648,24:02:24.23,2000.0,NS_IR,-0.12,1.003,4.40094,344.0101,85.59906,Nasmyth-IR,OFF,IR,25.7,622.1,271.55,4.8,1.0,10000.0,750.0,0.0,100000.0,10000.0,22.5,2.0,2.0,4.0,3.0,/mnt/data/20220128/,HD36819_04_20220128_675-50_EmptySlot_0,6,50.0,152.0,165.0,675-50,EmptySlot,1.0,T,IN,143.24604,141.24603,+24:02:23,1.0,ADI,-39.0,163.025,05:35:27.1,SYNC,SCEXAO,348.72,35708928.0,MIRROR,152.63,15629312.0,OPEN,13.0,100.0,10.6,0.0,107.29972,+24:02:22.52,ADI,-55.529,-39.0,05:35:27.130,TRACK,0.0,ao188cmtx.oct,10.0,1.0,1.0,0.0,ON,0.0,0.01,0.0,ao188ttctrl.oct,0.001,0.0,2022-01-28T07:33:53,2,VMPA00016537,iXon Ultra 897 - VAMPIRES 1.0,50.0,22.5,HWP(NIR),45,7.49,160.3416589574206,159.5827045841406,159.9613111783035,81.36131117830351,2,128.5,128.5,0.15020296440071,0.98865518229828,-0.98865518229828,0.15020296440071,-1.7333333333333e-06,1.7333333333333e-06,deg,deg,RA---TAN,DEC--TAN,83.861033333333,24.040063888889,24.040063888889,0.0,master_dark_em50_00010ms_256x256_cam1.fits,median,gaussian,4117.547572233972,182.5799609161358,182.311895491697,904056.3886840822,30,23.63872528076172,3016043.75,7468.65576171875,182.0,183.0,7468.65576171875,466106.916843747,0,0.0,0.0,0.0,0.0,0,0,120.0,75,none,,,0,1994220.9887771606,1994220.9887771606,1412.1688952732109,1412.1688952732109,0.0,,
VDATA20220128A_00000390_calib_collapsed_analyzed.fits,True,-32,2,366,366,2022-01-28,HD36819,07:33:40.920,07:33:48.849,07:33:32.990,21:33:40.926,21:33:48.856,21:33:32.997,59607.3150465,59607.315139,59607.314954,VTMP00000390,0.01,ACQUISITION,NAOJ,Subaru,VAMPIRES,UTC,o21156,"""[Summit] Millar-Blancher, Zhang [Hilo] Guyon, Deo, Vievard, Ah""",Observation,IMAG_POL,ICRS,180.0,5:35:26.648,24:02:24.23,2000.0,NS_IR,-0.12,1.003,4.40094,344.0101,85.59906,Nasmyth-IR,OFF,IR,25.7,622.1,271.55,4.8,2.0,10000.0,750.0,0.0,100000.0,10000.0,22.5,2.0,2.0,4.0,3.0,/mnt/data/20220128/,HD36819_04_20220128_675-50_EmptySlot_0,6,50.0,152.0,165.0,675-50,EmptySlot,1.0,T,IN,143.24604,141.24603,+24:02:23,1.0,ADI,-39.0,163.025,05:35:27.1,SYNC,SCEXAO,348.72,35708928.0,MIRROR,152.63,15629312.0,OPEN,13.0,100.0,10.6,0.0,107.29972,+24:02:22.52,ADI,-55.529,-39.0,05:35:27.130,TRACK,0.0,ao188cmtx.oct,10.0,1.0,1.0,0.0,ON,0.0,0.01,0.0,ao188ttctrl.oct,0.001,0.0,2022-01-28T07:33:57,1,VMPA00016539,iXon Ultra 897 - VAMPIRES 2.0,50.0,22.5,HWP(NIR),45,7.49,160.3416589574206,159.5827045841406,159.9613111783035,81.36131117830351,2,128.5,128.5,0.15020296440071,0.98865518229828,-0.98865518229828,0.15020296440071,-1.7333333333333e-06,1.7333333333333e-06,deg,deg,RA---TAN,DEC--TAN,83.861033333333,24.040063888889,24.040063888889,0.0,master_dark_em50_00010ms_256x256_cam2.fits,median,gaussian,5475.045136283978,182.6559139684806,182.2879482169082,1210313.043582765,30,29.62598419189453,3963755.5,9828.2265625,182.0,183.0,9828.2265625,623792.7288706778,0,0.0,0.0,0.0,0.0,0,0,121.0,75,none,,,0,2651974.4875183105,2651974.4875183105,1628.4884057058284,1628.4884057058282,0.0,,
VDATA20220128A_00000391_calib_collapsed_analyzed.fits,True,-32,2,366,366,2022-01-28,HD36819,07:33:40.920,07:33:48.849,07:33:32.990,21:33:40.926,21:33:48.856,21:33:32.997,59607.3150465,59607.315139,59607.314954,VTMP00000391,0.01,ACQUISITION,NAOJ,Subaru,VAMPIRES,UTC,o21156,"""[Summit] Millar-Blancher, Zhang [Hilo] Guyon, Deo, Vievard, Ah""",Observation,IMAG_POL,ICRS,180.0,5:35:26.648,24:02:24.23,2000.0,NS_IR,-0.12,1.003,4.40094,344.0101,85.59906,Nasmyth-IR,OFF,IR,25.7,622.1,271.55,4.8,2.0,10000.0,750.0,0.0,100000.0,10000.0,22.5,2.0,2.0,4.0,3.0,/mnt/data/20220128/,HD36819_04_20220128_675-50_EmptySlot_0,6,50.0,152.0,165.0,675-50,EmptySlot,1.0,T,IN,143.24604,141.24603,+24:02:23,1.0,ADI,-39.0,163.025,05:35:27.1,SYNC,SCEXAO,348.72,35708928.0,MIRROR,152.63,15629312.0,OPEN,13.0,100.0,10.6,0.0,107.29972,+24:02:22.52,ADI,-55.529,-39.0,05:35:27.130,TRACK,0.0,ao188cmtx.oct,10.0,1.0,1.0,0.0,ON,0.0,0.01,0.0,ao188ttctrl.oct,0.001,0.0,2022-01-28T07:33:57,2,VMPA00016539,iXon Ultra 897 - VAMPIRES 2.0,50.0,22.5,HWP(NIR),45,7.49,160.3416589574206,159.5827045841406,159.9613111783035,81.36131117830351,2,128.5,128.5,0.15020296440071,0.98865518229828,-0.98865518229828,0.15020296440071,-1.7333333333333e-06,1.7333333333333e-06,deg,deg,RA---TAN,DEC--TAN,83.861033333333,24.040063888889,24.040063888889,0.0,master_dark_em50_00010ms_256x256_cam2.fits,median,gaussian,5300.026453194394,182.6155997040268,182.3010605173379,1194185.689465332,30,29.68304061889648,3897291.0,9506.333984375,182.0,183.0,9506.333984375,616096.4227023362,0,0.0,0.0,0.0,0.0,0,0,119.0,75,none,,,0,2617130.373725891,2617130.373725891,1617.7547322526648,1617.7547322526648,0.0,,
VDATA20220128A_00000392_calib_collapsed_analyzed.fits,True,-32,2,366,366,2022-01-28,HD36819,07:34:12.367,07:34:20.291,07:34:04.443,21:34:12.374,21:34:20.298,21:34:04.450,59607.3154165,59607.315509,59607.315324,VTMP00000392,0.01,ACQUISITION,NAOJ,Subaru,VAMPIRES,UTC,o21156,"""[Summit] Millar-Blancher, Zhang [Hilo] Guyon, Deo, Vievard, Ah""",Observation,IMAG_POL,ICRS,180.0,5:35:26.651,24:02:24.13,2000.0,NS_IR,-0.12,1.003,4.43621,342.53449,85.56379,Nasmyth-IR,OFF,IR,25.6,622.1,271.55,4.8,1.0,10000.0,750.0,0.0,100000.0,10000.0,67.5,2.0,2.0,4.0,4.0,/mnt/data/20220128/,HD36819_04_20220128_675-50_EmptySlot_0,7,50.0,152.0,165.0,675-50,EmptySlot,1.0,T,IN,143.26504,141.26399,+24:02:23,1.0,ADI,-39.0,163.025,05:35:27.1,SYNC,SCEXAO,348.72,35708928.0,MIRROR,152.63,15629312.0,OPEN,13.0,100.0,10.6,0.0,107.28274,+24:02:22.52,ADI,-57.042,-39.0,05:35:27.130,TRACK,0.0,ao188cmtx.oct,10.0,1.0,1.0,0.0,ON,0.0,0.01,0.0,ao188ttctrl.oct,0.001,0.0,2022-01-28T07:34:24,1,VMPA00016541,iXon Ultra 897 - VAMPIRES 1.0,50.0,67.5,HWP(NIR),45,7.49,158.8308032017152,158.0860672916454,158.4575288535741,79.85752885357411,2,128.5,128.5,0.17609645199454,0.98437291693491,-0.98437291693491,0.17609645199454,-1.7333333333333e-06,1.7333333333333e-06,deg,deg,RA---TAN,DEC--TAN,83.861045833333,24.040036111111,24.040036111111,0.0,master_dark_em50_00010ms_256x256_cam1.fits,median,gaussian,6114.981655394276,182.4872251798318,182.2139999950969,1126118.561140747,30,22.34597778320312,3223803.5,10469.740234375,183.0,183.0,10469.740234375,625570.5250372395,"(0.03159872914471963, 0.0)",0.013849553774682147,-0.13387857962180683,0.0,0.0,0,0,119.0,75,none,,,0,2257622.3191108704,2257622.3191108704,1502.5386248316115,1502.5386248316115,0.00031305020558586533,,
VDATA20220128A_00000393_calib_collapsed_analyzed.fits,True,-32,2,366,366,2022-01-28,HD36819,07:34:12.367,07:34:20.291,07:34:04.443,21:34:12.374,21:34:20.298,21:34:04.450,59607.3154165,59607.315509,59607.315324,VTMP00000393,0.01,ACQUISITION,NAOJ,Subaru,VAMPIRES,UTC,o21156,"""[Summit] Millar-Blancher, Zhang [Hilo] Guyon, Deo, Vievard, Ah""",Observation,IMAG_POL,ICRS,180.0,5:35:26.651,24:02:24.13,2000.0,NS_IR,-0.12,1.003,4.43621,342.53449,85.56379,Nasmyth-IR,OFF,IR,25.6,622.1,271.55,4.8,1.0,10000.0,750.0,0.0,100000.0,10000.0,67.5,2.0,2.0,4.0,4.0,/mnt/data/20220128/,HD36819_04_20220128_675-50_EmptySlot_0,7,50.0,152.0,165.0,675-50,EmptySlot,1.0,T,IN,143.26504,141.26399,+24:02:23,1.0,ADI,-39.0,163.025,05:35:27.1,SYNC,SCEXAO,348.72,35708928.0,MIRROR,152.63,15629312.0,OPEN,13.0,100.0,10.6,0.0,107.28274,+24:02:22.52,ADI,-57.042,-39.0,05:35:27.130,TRACK,0.0,ao188cmtx.oct,10.0,1.0,1.0,0.0,ON,0.0,0.01,0.0,ao188ttctrl.oct,0.001,0.0,2022-01-28T07:34:24,2,VMPA00016541,iXon Ultra 897 - VAMPIRES 1.0,50.0,67.5,HWP(NIR),45,7.49,158.8308032017152,158.0860672916454,158.4575288535741,79.85752885357411,2,128.5,128.5,0.17609645199454,0.98437291693491,-0.98437291693491,0.17609645199454,-1.7333333333333e-06,1.7333333333333e-06,deg,deg,RA---TAN,DEC--TAN,83.861045833333,24.040036111111,24.040036111111,0.0,master_dark_em50_00010ms_256x256_cam1.fits,median,gaussian,5947.733426508041,182.517118586787,182.2002246503143,1074519.210481567,30,21.78841400146484,3091273.75,10340.671875,182.0,183.0,10340.671875,594423.7577423058,0,0.0,0.0,0.0,0.0,0,0,118.0,75,none,,,0,2160497.4725608826,2160497.4725608826,1469.8630795284582,1469.8630795284582,0.0,,
VDATA20220128A_00000394_calib_collapsed_analyzed.fits,True,-32,2,366,366,2022-01-28,HD36819,07:34:12.367,07:34:20.291,07:34:04.443,21:34:12.374,21:34:20.298,21:34:04.450,59607.3154165,59607.315509,59607.315324,VTMP00000394,0.01,ACQUISITION,NAOJ,Subaru,VAMPIRES,UTC,o21156,"""[Summit] Millar-Blancher, Zhang [Hilo] Guyon, Deo, Vievard, Ah""",Observation,IMAG_POL,ICRS,180.0,5:35:26.651,24:02:24.13,2000.0,NS_IR,-0.12,1.003,4.43621,342.53449,85.56379,Nasmyth-IR,OFF,IR,25.6,622.1,271.55,4.8,2.0,10000.0,750.0,0.0,100000.0,10000.0,67.5,2.0,2.0,4.0,4.0,/mnt/data/20220128/,HD36819_04_20220128_675-50_EmptySlot_0,7,50.0,152.0,165.0,675-50,EmptySlot,1.0,T,IN,143.26504,141.26399,+24:02:23,1.0,ADI,-39.0,163.025,05:35:27.1,SYNC,SCEXAO,348.72,35708928.0,MIRROR,152.63,15629312.0,OPEN,13.0,100.0,10.6,0.0,107.28274,+24:02:22.52,ADI,-57.042,-39.0,05:35:27.130,TRACK,0.0,ao188cmtx.oct,10.0,1.0,1.0,0.0,ON,0.0,0.01,0.0,ao188ttctrl.oct,0.001,0.0,2022-01-28T07:34:28,1,VMPA00016543,iXon Ultra 897 - VAMPIRES 2.0,50.0,67.5,HWP(NIR),45,7.49,158.8308032017152,158.0860672916454,158.4575288535741,79.85752885357411,2,128.5,128.5,0.17609645199454,0.98437291693491,-0.98437291693491,0.17609645199454,-1.7333333333333e-06,1.7333333333333e-06,deg,deg,RA---TAN,DEC--TAN,83.861045833333,24.040036111111,24.040036111111,0.0,master_dark_em50_00010ms_256x256_cam2.fits,median,gaussian,7600.060758369119,182.526134194683,182.1730748087255,1439703.719614869,30,27.14888763427734,4048235.5,13285.9775390625,182.0,183.0,13285.9775390625,797216.8509318938,0,0.0,0.0,0.0,0.0,0,0,119.0,75,none,,,0,2869895.15083313,2869895.15083313,1694.0764890739526,1694.0764890739526,0.0,,
VDATA20220128A_00000395_calib_collapsed_analyzed.fits,True,-32,2,366,366,2022-01-28,HD36819,07:34:12.367,07:34:20.291,07:34:04.443,21:34:12.374,21:34:20.298,21:34:04.450,59607.3154165,59607.315509,59607.315324,VTMP00000395,0.01,ACQUISITION,NAOJ,Subaru,VAMPIRES,UTC,o21156,"""[Summit] Millar-Blancher, Zhang [Hilo] Guyon, Deo, Vievard, Ah""",Observation,IMAG_POL,ICRS,180.0,5:35:26.651,24:02:24.13,2000.0,NS_IR,-0.12,1.003,4.43621,342.53449,85.56379,Nasmyth-IR,OFF,IR,25.6,622.1,271.55,4.8,2.0,10000.0,750.0,0.0,100000.0,10000.0,67.5,2.0,2.0,4.0,4.0,/mnt/data/20220128/,HD36819_04_20220128_675-50_EmptySlot_0,7,50.0,152.0,165.0,675-50,EmptySlot,1.0,T,IN,143.26504,141.26399,+24:02:23,1.0,ADI,-39.0,163.025,05:35:27.1,SYNC,SCEXAO,348.72,35708928.0,MIRROR,152.63,15629312.0,OPEN,13.0,100.0,10.6,0.0,107.28274,+24:02:22.52,ADI,-57.042,-39.0,05:35:27.130,TRACK,0.0,ao188cmtx.oct,10.0,1.0,1.0,0.0,ON,0.0,0.01,0.0,ao188ttctrl.oct,0.001,0.0,2022-01-28T07:34:28,2,VMPA00016543,iXon Ultra 897 - VAMPIRES 2.0,50.0,67.5,HWP(NIR),45,7.49,158.8308032017152,158.0860672916454,158.4575288535741,79.85752885357411,2,128.5,128.5,0.17609645199454,0.98437291693491,-0.98437291693491,0.17609645199454,-1.7333333333333e-06,1.7333333333333e-06,deg,deg,RA---TAN,DEC--TAN,83.861045833333,24.040036111111,24.040036111111,0.0,master_dark_em50_00010ms_256x256_cam2.fits,median,gaussian,7841.29534465825,182.5733098188648,182.1836601125212,1459604.185273437,30,27.62100982666016,4111812.75,13949.0859375,182.0,183.0,13949.0859375,807915.3147649746,0,0.0,0.0,0.009757735289231163,0.007469819306285873,0,0,119.0,75,none,,,0,2914064.5528678894,2914064.5528678894,1707.0631367550204,1707.0631367550204,0.0,,
VDATA20220128A_00000524_calib_collapsed_analyzed.fits,True,-32,2,366,366,2022-01-28,HD36819,08:23:07.610,08:23:15.584,08:22:59.635,22:23:07.616,22:23:15.591,22:22:59.641,59607.3493865,59607.349479,59607.349294,VTMP00000524,0.01,ACQUISITION,NAOJ,Subaru,VAMPIRES,UTC,o21156,"""[Summit] Millar-Blancher, Zhang [Hilo] Guyon, Deo, Vievard, Ah""",Observation,IMAG_POL,ICRS,180.0,5:35:26.285,24:02:27.24,2000.0,NS_IR,-0.12,1.028,13.40308,290.85948,76.59692,Nasmyth-IR,OFF,IR,25.4,622.0,271.45,5.1,1.0,10000.0,750.0,0.0,100000.0,10000.0,0.0,2.0,1.0,4.0,1.0,/mnt/data/20220128/,HD36819_06_20220128_675-50_EmptySlot_0,0,50.0,152.0,165.0,675-50,EmptySlot,1.0,T,IN,147.97199,145.97198,+24:02:23,1.0,ADI,-39.0,163.025,05:35:27.1,SYNC,SCEXAO,348.72,35708928.0,MIRROR,152.63,15629312.0,OPEN,13.0,100.0,10.5,0.0,102.80188,+24:02:22.52,ADI,-113.292,-39.0,05:35:27.130,TRACK,0.0,ao188cmtx.oct,10.0,1.0,1.0,0.0,ON,0.0,0.01,0.0,ao188ttctrl.oct,0.001,0.0,2022-01-28T08:23:20,1,VMPA00016673,iXon Ultra 897 - VAMPIRES 1.0,50.0,0.0,HWP(NIR),45,7.49,105.2765753328092,105.1834915335744,105.2299474619039,26.62994746190387,2,128.5,128.5,0.89392007917848,0.4482263848119,-0.4482263848119,0.89392007917848,-1.7333333333333e-06,1.7333333333333e-06,deg,deg,RA---TAN,DEC--TAN,83.859520833333,24.0409,24.0409,0.0,master_dark_em50_00010ms_256x256_cam1.fits,median,gaussian,9936.95124255511,182.602719637247,182.6603384768747,1180062.011491089,30,22.59067535400391,3178492.25,14713.86328125,182.0,182.0,14713.86328125,710126.520728536,"(-0.007141267238395144, 0.0)",-0.0039675585852024355,-0.13511419122956855,0.0,0.0,0,0,124.0,75,none,,,0,2243713.1722869873,2243713.1722869873,1497.9029248542736,1497.9029248542734,0.0003108873988304921,,
VDATA20220128A_00000525_calib_collapsed_analyzed.fits,True,-32,2,366,366,2022-01-28,HD36819,08:23:07.610,08:23:15.584,08:22:59.635,22:23:07.616,22:23:15.591,22:22:59.641,59607.3493865,59607.349479,59607.349294,VTMP00000525,0.01,ACQUISITION,NAOJ,Subaru,VAMPIRES,UTC,o21156,"""[Summit] Millar-Blancher, Zhang [Hilo] Guyon, Deo, Vievard, Ah""",Observation,IMAG_POL,ICRS,180.0,5:35:26.285,24:02:27.24,2000.0,NS_IR,-0.12,1.028,13.40308,290.85948,76.59692,Nasmyth-IR,OFF,IR,25.4,622.0,271.45,5.1,1.0,10000.0,750.0,0.0,100000.0,10000.0,0.0,2.0,1.0,4.0,1.0,/mnt/data/20220128/,HD36819_06_20220128_675-50_EmptySlot_0,0,50.0,152.0,165.0,675-50,EmptySlot,1.0,T,IN,147.97199,145.97198,+24:02:23,1.0,ADI,-39.0,163.025,05:35:27.1,SYNC,SCEXAO,348.72,35708928.0,MIRROR,152.63,15629312.0,OPEN,13.0,100.0,10.5,0.0,102.80188,+24:02:22.52,ADI,-113.292,-39.0,05:35:27.130,TRACK,0.0,ao188cmtx.oct,10.0,1.0,1.0,0.0,ON,0.0,0.01,0.0,ao188ttctrl.oct,0.001,0.0,2022-01-28T08:23:20,2,VMPA00016673,iXon Ultra 897 - VAMPIRES 1.0,50.0,0.0,HWP(NIR),45,7.49,105.2765753328092,105.1834915335744,105.2299474619039,26.62994746190387,2,128.5,128.5,0.89392007917848,0.4482263848119,-0.4482263848119,0.89392007917848,-1.7333333333333e-06,1.7333333333333e-06,deg,deg,RA---TAN,DEC--TAN,83.859520833333,24.0409,24.0409,0.0,master_dark_em50_00010ms_256x256_cam1.fits,median,gaussian,9851.014185676677,182.6178188431445,182.6248616071416,1171375.260170898,30,22.56557846069336,3171050.0,14677.990234375,182.0,182.0,14677.990234375,703532.6938552768,0,0.0,0.0,0.0,0.0,0,0,124.0,75,none,,,0,2230489.9921150208,2230489.9921150208,1493.4825047904046,1493.4825047904044,0.0,,
VDATA20220128A_00000526_calib_collapsed_analyzed.fits,True,-32,2,366,366,2022-01-28,HD36819,08:23:07.610,08:23:15.584,08:22:59.635,22:23:07.616,22:23:15.591,22:22:59.641,59607.3493865,59607.349479,59607.349294,VTMP00000526,0.01,ACQUISITION,NAOJ,Subaru,VAMPIRES,UTC,o21156,"""[Summit] Millar-Blancher, Zhang [Hilo] Guyon, Deo, Vievard, Ah""",Observation,IMAG_POL,ICRS,180.0,5:35:26.285,24:02:27.24,2000.0,NS_IR,-0.12,1.028,13.40308,290.85948,76.59692,Nasmyth-IR,OFF,IR,25.4,622.0,271.45,5.1,2.0,10000.0,750.0,0.0,100000.0,10000.0,0.0,2.0,1.0,4.0,1.0,/mnt/data/20220128/,HD36819_06_20220128_675-50_EmptySlot_0,0,50.0,152.0,165.0,675-50,EmptySlot,1.0,T,IN,147.97199,145.97198,+24:02:23,1.0,ADI,-39.0,163.025,05:35:27.1,SYNC,SCEXAO,348.72,35708928.0,MIRROR,152.63,15629312.0,OPEN,13.0,100.0,10.5,0.0,102.80188,+24:02:22.52,ADI,-113.292,-39.0,05:35:27.130,TRACK,0.0,ao188cmtx.oct,10.0,1.0,1.0,0.0,ON,0.0,0.01,0.0,ao188ttctrl.oct,0.001,0.0,2022-01-28T08:23:24,1,VMPA00016675,iXon Ultra 897 - VAMPIRES 2.0,50.0,0.0,HWP(NIR),45,7.49,105.2765753328092,105.1834915335744,105.2299474619039,26.62994746190387,2,128.5,128.5,0.89392007917848,0.4482263848119,-0.4482263848119,0.89392007917848,-1.7333333333333e-06,1.7333333333333e-06,deg,deg,RA---TAN,DEC--TAN,83.859520833333,24.0409,24.0409,0.0,master_dark_em50_00010ms_256x256_cam2.fits,median,gaussian,12959.10013523638,182.6250843240098,182.6247403342475,1569321.004526977,30,28.39263916015625,4136271.0,19313.67578125,182.0,182.0,19313.67578125,944655.6386419208,0,0.0,0.0,0.0,0.0,0,0,123.0,75,none,,,0,2963207.004676819,2963207.004676819,1721.3968179001665,1721.3968179001663,0.0,,
VDATA20220128A_00000527_calib_collapsed_analyzed.fits,True,-32,2,366,366,2022-01-28,HD36819,08:23:07.610,08:23:15.584,08:22:59.635,22:23:07.616,22:23:15.591,22:22:59.641,59607.3493865,59607.349479,59607.349294,VTMP00000527,0.01,ACQUISITION,NAOJ,Subaru,VAMPIRES,UTC,o21156,"""[Summit] Millar-Blancher, Zhang [Hilo] Guyon, Deo, Vievard, Ah""",Observation,IMAG_POL,ICRS,180.0,5:35:26.285,24:02:27.24,2000.0,NS_IR,-0.12,1.028,13.40308,290.85948,76.59692,Nasmyth-IR,OFF,IR,25.4,622.0,271.45,5.1,2.0,10000.0,750.0,0.0,100000.0,10000.0,0.0,2.0,1.0,4.0,1.0,/mnt/data/20220128/,HD36819_06_20220128_675-50_EmptySlot_0,0,50.0,152.0,165.0,675-50,EmptySlot,1.0,T,IN,147.97199,145.97198,+24:02:23,1.0,ADI,-39.0,163.025,05:35:27.1,SYNC,SCEXAO,348.72,35708928.0,MIRROR,152.63,15629312.0,OPEN,13.0,100.0,10.5,0.0,102.80188,+24:02:22.52,ADI,-113.292,-39.0,05:35:27.130,TRACK,0.0,ao188cmtx.oct,10.0,1.0,1.0,0.0,ON,0.0,0.01,0.0,ao188ttctrl.oct,0.001,0.0,2022-01-28T08:23:24,2,VMPA00016675,iXon Ultra 897 - VAMPIRES 2.0,50.0,0.0,HWP(NIR),45,7.49,105.2765753328092,105.1834915335744,105.2299474619039,26.62994746190387,2,128.5,128.5,0.89392007917848,0.4482263848119,-0.4482263848119,0.89392007917848,-1.7333333333333e-06,1.7333333333333e-06,deg,deg,RA---TAN,DEC--TAN,83.859520833333,24.0409,24.0409,0.0,master_dark_em50_00010ms_256x256_cam2.fits,median,gaussian,12544.50505831554,182.6369671235273,182.5926847637236,1535937.232814943,30,28.26716995239258,4069978.0,18868.33984375,182.0,182.0,18868.33984375,922355.8733216482,0,0.0,0.0,0.0,0.0,0,0,123.0,75,none,,,0,2908934.0974845886,2908934.0974845886,1705.5597607485317,1705.5597607485315,0.0,,
VDATA20220128A_00000528_calib_collapsed_analyzed.fits,True,-32,2,366,366,2022-01-28,HD36819,08:23:56.346,08:24:04.256,08:23:48.436,22:23:56.353,22:24:04.263,22:23:48.443,59607.3499535,59607.350046,59607.349861,VTMP00000528,0.01,ACQUISITION,NAOJ,Subaru,VAMPIRES,UTC,o21156,"""[Summit] Millar-Blancher, Zhang [Hilo] Guyon, Deo, Vievard, Ah""",Observation,IMAG_POL,ICRS,180.0,5:35:26.285,24:02:27.26,2000.0,NS_IR,-0.12,1.029,13.58243,290.64542,76.41757,Nasmyth-IR,OFF,IR,25.1,622.0,271.45,5.1,1.0,10000.0,750.0,0.0,100000.0,10000.0,45.0,2.0,1.0,4.0,2.0,/mnt/data/20220128/,HD36819_06_20220128_675-50_EmptySlot_0,1,50.0,152.0,165.0,675-50,EmptySlot,1.0,T,IN,148.06796,146.06804,+24:02:23,1.0,ADI,-39.0,163.025,05:35:27.1,SYNC,SCEXAO,348.72,35708928.0,MIRROR,152.63,15629312.0,OPEN,13.0,100.0,10.5,0.0,102.72373,+24:02:22.52,ADI,-113.579,-39.0,05:35:27.130,TRACK,0.0,ao188cmtx.oct,10.0,1.0,1.0,0.0,ON,0.0,0.01,0.0,ao188ttctrl.oct,0.001,0.0,2022-01-28T08:24:08,1,VMPA00016677,iXon Ultra 897 - VAMPIRES 1.0,50.0,45.0,HWP(NIR),45,7.49,104.993461119255,104.9024453954117,104.9478705038061,26.34787050380606,2,128.5,128.5,0.89611593247518,0.44382004862798,-0.44382004862798,0.89611593247518,-1.7333333333333e-06,1.7333333333333e-06,deg,deg,RA---TAN,DEC--TAN,83.859520833333,24.040905555556,24.040905555556,0.0,master_dark_em50_00010ms_256x256_cam1.fits,median,gaussian,2860.992262304482,182.57074929914,182.6361781753344,808391.0075933834,30,24.71305274963379,2995298.25,5648.2099609375,182.0,182.0,5648.2099609375,399401.2424050877,"(0.04088594757430768, 0.0)",0.019054844276896948,-0.14021572432501053,0.0,0.0,0,0,124.0,75,none,,,0,1896031.5077171326,1896031.5077171326,1376.9645992969945,1376.9645992969945,0.00034100137148737565,,
VDATA20220128A_00000529_calib_collapsed_analyzed.fits,True,-32,2,366,366,2022-01-28,HD36819,08:23:56.346,08:24:04.256,08:23:48.436,22:23:56.353,22:24:04.263,22:23:48.443,59607.3499535,59607.350046,59607.349861,VTMP00000529,0.01,ACQUISITION,NAOJ,Subaru,VAMPIRES,UTC,o21156,"""[Summit] Millar-Blancher, Zhang [Hilo] Guyon, Deo, Vievard, Ah""",Observation,IMAG_POL,ICRS,180.0,5:35:26.285,24:02:27.26,2000.0,NS_IR,-0.12,1.029,13.58243,290.64542,76.41757,Nasmyth-IR,OFF,IR,25.1,622.0,271.45,5.1,1.0,10000.0,750.0,0.0,100000.0,10000.0,45.0,2.0,1.0,4.0,2.0,/mnt/data/20220128/,HD36819_06_20220128_675-50_EmptySlot_0,1,50.0,152.0,165.0,675-50,EmptySlot,1.0,T,IN,148.06796,146.06804,+24:02:23,1.0,ADI,-39.0,163.025,05:35:27.1,SYNC,SCEXAO,348.72,35708928.0,MIRROR,152.63,15629312.0,OPEN,13.0,100.0,10.5,0.0,102.72373,+24:02:22.52,ADI,-113.579,-39.0,05:35:27.130,TRACK,0.0,ao188cmtx.oct,10.0,1.0,1.0,0.0,ON,0.0,0.01,0.0,ao188ttctrl.oct,0.001,0.0,2022-01-28T08:24:08,2,VMPA00016677,iXon Ultra 897 - VAMPIRES 1.0,50.0,45.0,HWP(NIR),45,7.49,104.993461119255,104.9024453954117,104.9478705038061,26.34787050380606,2,128.5,128.5,0.89611593247518,0.44382004862798,-0.44382004862798,0.89611593247518,-1.7333333333333e-06,1.7333333333333e-06,deg,deg,RA---TAN,DEC--TAN,83.859520833333,24.040905555556,24.040905555556,0.0,master_dark_em50_00010ms_256x256_cam1.fits,median,gaussian,2731.34348345663,182.5663709297369,182.6127757674005,765580.3172851565,30,23.9328498840332,2845144.25,5245.3203125,182.0,182.0,5245.3203125,377837.98490692896,0,0.0,0.0,0.0,0.0,0,0,124.0,75,none,,,0,1799607.442867279,1799607.442867279,1341.4944811169664,1341.4944811169664,0.0,,
VDATA20220128A_00000530_calib_collapsed_analyzed.fits,True,-32,2,366,366,2022-01-28,HD36819,08:23:56.346,08:24:04.256,08:23:48.436,22:23:56.353,22:24:04.263,22:23:48.443,59607.3499535,59607.350046,59607.349861,VTMP00000530,0.01,ACQUISITION,NAOJ,Subaru,VAMPIRES,UTC,o21156,"""[Summit] Millar-Blancher, Zhang [Hilo] Guyon, Deo, Vievard, Ah""",Observation,IMAG_POL,ICRS,180.0,5:35:26.285,24:02:27.26,2000.0,NS_IR,-0.12,1.029,13.58243,290.64542,76.41757,Nasmyth-IR,OFF,IR,25.1,622.0,271.45,5.1,2.0,10000.0,750.0,0.0,100000.0,10000.0,45.0,2.0,1.0,4.0,2.0,/mnt/data/20220128/,HD36819_06_20220128_675-50_EmptySlot_0,1,50.0,152.0,165.0,675-50,EmptySlot,1.0,T,IN,148.06796,146.06804,+24:02:23,1.0,ADI,-39.0,163.025,05:35:27.1,SYNC,SCEXAO,348.72,35708928.0,MIRROR,152.63,15629312.0,OPEN,13.0,100.0,10.5,0.0,102.72373,+24:02:22.52,ADI,-113.579,-39.0,05:35:27.130,TRACK,0.0,ao188cmtx.oct,10.0,1.0,1.0,0.0,ON,0.0,0.01,0.0,ao188ttctrl.oct,0.001,0.0,2022-01-28T08:24:12,1,VMPA00016679,iXon Ultra 897 - VAMPIRES 2.0,50.0,45.0,HWP(NIR),45,7.49,104.993461119255,104.9024453954117,104.9478705038061,26.34787050380606,2,128.5,128.5,0.89611593247518,0.44382004862798,-0.44382004862798,0.89611593247518,-1.7333333333333e-06,1.7333333333333e-06,deg,deg,RA---TAN,DEC--TAN,83.859520833333,24.040905555556,24.040905555556,0.0,master_dark_em50_00010ms_256x256_cam2.fits,median,gaussian,3536.327615923575,182.5878621987641,182.6589407574908,1036160.28038208,30,30.66859817504883,3754782.25,7162.166015625,182.0,182.0,7162.166015625,513291.2411454332,0,0.0,0.0,0.0,0.0,0,0,123.0,75,none,,,0,2416821.2921562195,2416821.2921562195,1554.612907496982,1554.6129074969817,0.0,,
VDATA20220128A_00000531_calib_collapsed_analyzed.fits,True,-32,2,366,366,2022-01-28,HD36819,08:23:56.346,08:24:04.256,08:23:48.436,22:23:56.353,22:24:04.263,22:23:48.443,59607.3499535,59607.350046,59607.349861,VTMP00000531,0.01,ACQUISITION,NAOJ,Subaru,VAMPIRES,UTC,o21156,"""[Summit] Millar-Blancher, Zhang [Hilo] Guyon, Deo, Vievard, Ah""",Observation,IMAG_POL,ICRS,180.0,5:35:26.285,24:02:27.26,2000.0,NS_IR,-0.12,1.029,13.58243,290.64542,76.41757,Nasmyth-IR,OFF,IR,25.1,622.0,271.45,5.1,2.0,10000.0,750.0,0.0,100000.0,10000.0,45.0,2.0,1.0,4.0,2.0,/mnt/data/20220128/,HD36819_06_20220128_675-50_EmptySlot_0,1,50.0,152.0,165.0,675-50,EmptySlot,1.0,T,IN,148.06796,146.06804,+24:02:23,1.0,ADI,-39.0,163.025,05:35:27.1,SYNC,SCEXAO,348.72,35708928.0,MIRROR,152.63,15629312.0,OPEN,13.0,100.0,10.5,0.0,102.72373,+24:02:22.52,ADI,-113.579,-39.0,05:35:27.130,TRACK,0.0,ao188cmtx.oct,10.0,1.0,1.0,0.0,ON,0.0,0.01,0.0,ao188ttctrl.oct,0.001,0.0,2022-01-28T08:24:12,2,VMPA00016679,iXon Ultra 897 - VAMPIRES 2.0,50.0,45.0,HWP(NIR),45,7.49,104.993461119255,104.9024453954117,104.9478705038061,26.34787050380606,2,128.5,128.5,0.89611593247518,0.44382004862798,-0.44382004862798,0.89611593247518,-1.7333333333333e-06,1.7333333333333e-06,deg,deg,RA---TAN,DEC--TAN,83.859520833333,24.040905555556,24.040905555556,0.0,master_dark_em50_00010ms_256x256_cam2.fits,median,gaussian,3781.410621657014,182.5629124241706,182.637496662347,1066517.998259277,30,31.28716468811035,3856674.0,7435.14990234375,182.0,182.0,7435.14990234375,527890.561086741,0,0.0,0.0,0.0,0.0,0,0,123.0,75,none,,,0,2484205.3515052795,2484205.3515052795,1576.1362096929565,1576.1362096929565,0.0,,
VDATA20220128A_00000532_calib_collapsed_analyzed.fits,True,-32,2,366,366,2022-01-28,HD36819,08:24:26.917,08:24:34.895,08:24:18.938,22:24:26.923,22:24:34.902,22:24:18.944,59607.350301,59607.350394,59607.350208,VTMP00000532,0.01,ACQUISITION,NAOJ,Subaru,VAMPIRES,UTC,o21156,"""[Summit] Millar-Blancher, Zhang [Hilo] Guyon, Deo, Vievard, Ah""",Observation,IMAG_POL,ICRS,180.0,5:35:26.285,24:02:27.25,2000.0,NS_IR,-0.12,1.029,13.6965,290.51285,76.3035,Nasmyth-IR,OFF,IR,25.2,622.0,271.45,5.2,1.0,10000.0,750.0,0.0,100000.0,10000.0,22.5,2.0,1.0,4.0,3.0,/mnt/data/20220128/,HD36819_06_20220128_675-50_EmptySlot_0,2,50.0,152.0,165.0,675-50,EmptySlot,1.0,T,IN,148.13,146.12999,+24:02:23,1.0,ADI,-39.0,163.025,05:35:27.1,SYNC,SCEXAO,348.72,35708928.0,MIRROR,152.63,15629312.0,OPEN,13.0,100.0,10.5,0.0,102.66471,+24:02:22.52,ADI,-113.76,-39.0,05:35:27.130,TRACK,0.0,ao188cmtx.oct,10.0,1.0,1.0,0.0,ON,0.0,0.01,0.0,ao188ttctrl.oct,0.001,0.0,2022-01-28T08:24:39,1,VMPA00016681,iXon Ultra 897 - VAMPIRES 1.0,50.0,22.5,HWP(NIR),45,7.49,104.8232749259348,104.7330031353607,104.7780572987302,26.17805729873018,2,128.5,128.5,0.89742738841969,0.44116219524594,-0.44116219524594,0.89742738841969,-1.7333333333333e-06,1.7333333333333e-06,deg,deg,RA---TAN,DEC--TAN,83.859520833333,24.040902777778,24.040902777778,0.0,master_dark_em50_00010ms_256x256_cam1.fits,median,gaussian,414.4391016091182,183.1449713499633,182.3854498427813,472264.9924758912,30,26.95284271240234,2726564.0,1789.299926757812,182.0,183.0,1789.2999267578125,188446.5807885795,"(0.012679875016813724, 0.0)",0.004556895883521662,-0.1315232614194852,0.0,0.0,0,0,130.0,75,none,,,0,1427694.587726593,1427694.587726593,1194.8617441890894,1194.8617441890894,0.0003924395813538011,,
VDATA20220128A_00000533_calib_collapsed_analyzed.fits,True,-32,2,366,366,2022-01-28,HD36819,08:24:26.917,08:24:34.895,08:24:18.938,22:24:26.923,22:24:34.902,22:24:18.944,59607.350301,59607.350394,59607.350208,VTMP00000533,0.01,ACQUISITION,NAOJ,Subaru,VAMPIRES,UTC,o21156,"""[Summit] Millar-Blancher, Zhang [Hilo] Guyon, Deo, Vievard, Ah""",Observation,IMAG_POL,ICRS,180.0,5:35:26.285,24:02:27.25,2000.0,NS_IR,-0.12,1.029,13.6965,290.51285,76.3035,Nasmyth-IR,OFF,IR,25.2,622.0,271.45,5.2,1.0,10000.0,750.0,0.0,100000.0,10000.0,22.5,2.0,1.0,4.0,3.0,/mnt/data/20220128/,HD36819_06_20220128_675-50_EmptySlot_0,2,50.0,152.0,165.0,675-50,EmptySlot,1.0,T,IN,148.13,146.12999,+24:02:23,1.0,ADI,-39.0,163.025,05:35:27.1,SYNC,SCEXAO,348.72,35708928.0,MIRROR,152.63,15629312.0,OPEN,13.0,100.0,10.5,0.0,102.66471,+24:02:22.52,ADI,-113.76,-39.0,05:35:27.130,TRACK,0.0,ao188cmtx.oct,10.0,1.0,1.0,0.0,ON,0.0,0.01,0.0,ao188ttctrl.oct,0.001,0.0,2022-01-28T08:24:39,2,VMPA00016681,iXon Ultra 897 - VAMPIRES 1.0,50.0,22.5,HWP(NIR),45,7.49,104.8232749259348,104.7330031353607,104.7780572987302,26.17805729873018,2,128.5,128.5,0.89742738841969,0.44116219524594,-0.44116219524594,0.89742738841969,-1.7333333333333e-06,1.7333333333333e-06,deg,deg,RA---TAN,DEC--TAN,83.859520833333,24.040902777778,24.040902777778,0.0,master_dark_em50_00010ms_256x256_cam1.fits,median,gaussian,400.0362850880324,183.0834659078189,182.3634106629405,459814.1398245241,30,26.64743423461914,2633414.75,1777.3974609375,182.0,183.0,1777.3974609375,182709.50703428907,0,0.0,0.0,0.0,0.0,0,0,127.0,75,none,,,0,1391814.9576721191,1391814.9576721191,1179.7520746631976,1179.7520746631976,0.0,,
VDATA20220128A_00000534_calib_collapsed_analyzed.fits,True,-32,2,366,366,2022-01-28,HD36819,08:24:26.917,08:24:34.895,08:24:18.938,22:24:26.923,22:24:34.902,22:24:18.944,59607.350301,59607.350394,59607.350208,VTMP00000534,0.01,ACQUISITION,NAOJ,Subaru,VAMPIRES,UTC,o21156,"""[Summit] Millar-Blancher, Zhang [Hilo] Guyon, Deo, Vievard, Ah""",Observation,IMAG_POL,ICRS,180.0,5:35:26.285,24:02:27.25,2000.0,NS_IR,-0.12,1.029,13.6965,290.51285,76.3035,Nasmyth-IR,OFF,IR,25.2,622.0,271.45,5.2,2.0,10000.0,750.0,0.0,100000.0,10000.0,22.5,2.0,1.0,4.0,3.0,/mnt/data/20220128/,HD36819_06_20220128_675-50_EmptySlot_0,2,50.0,152.0,165.0,675-50,EmptySlot,1.0,T,IN,148.13,146.12999,+24:02:23,1.0,ADI,-39.0,163.025,05:35:27.1,SYNC,SCEXAO,348.72,35708928.0,MIRROR,152.63,15629312.0,OPEN,13.0,100.0,10.5,0.0,102.66471,+24:02:22.52,ADI,-113.76,-39.0,05:35:27.130,TRACK,0.0,ao188cmtx.oct,10.0,1.0,1.0,0.0,ON,0.0,0.01,0.0,ao188ttctrl.oct,0.001,0.0,2022-01-28T08:24:43,1,VMPA00016683,iXon Ultra 897 - VAMPIRES 2.0,50.0,22.5,HWP(NIR),45,7.49,104.8232749259348,104.7330031353607,104.7780572987302,26.17805729873018,2,128.5,128.5,0.89742738841969,0.44116219524594,-0.44116219524594,0.89742738841969,-1.7333333333333e-06,1.7333333333333e-06,deg,deg,RA---TAN,DEC--TAN,83.859520833333,24.040902777778,24.040902777778,0.0,master_dark_em50_00010ms_256x256_cam2.fits,median,gaussian,541.5806016430935,183.1840236436087,182.3369916589436,613266.9934973142,30,34.06423568725586,3442144.25,2367.432861328125,182.0,183.0,2367.432861328125,245208.4305343993,0,0.0,0.0,0.0,0.0,0,0,127.0,75,none,,,0,1839890.8661880493,1839890.8661880493,1356.425768771756,1356.4257687717559,0.0,,
VDATA20220128A_00000535_calib_collapsed_analyzed.fits,True,-32,2,366,366,2022-01-28,HD36819,08:24:26.917,08:24:34.895,08:24:18.938,22:24:26.923,22:24:34.902,22:24:18.944,59607.350301,59607.350394,59607.350208,VTMP00000535,0.01,ACQUISITION,NAOJ,Subaru,VAMPIRES,UTC,o21156,"""[Summit] Millar-Blancher, Zhang [Hilo] Guyon, Deo, Vievard, Ah""",Observation,IMAG_POL,ICRS,180.0,5:35:26.285,24:02:27.25,2000.0,NS_IR,-0.12,1.029,13.6965,290.51285,76.3035,Nasmyth-IR,OFF,IR,25.2,622.0,271.45,5.2,2.0,10000.0,750.0,0.0,100000.0,10000.0,22.5,2.0,1.0,4.0,3.0,/mnt/data/20220128/,HD36819_06_20220128_675-50_EmptySlot_0,2,50.0,152.0,165.0,675-50,EmptySlot,1.0,T,IN,148.13,146.12999,+24:02:23,1.0,ADI,-39.0,163.025,05:35:27.1,SYNC,SCEXAO,348.72,35708928.0,MIRROR,152.63,15629312.0,OPEN,13.0,100.0,10.5,0.0,102.66471,+24:02:22.52,ADI,-113.76,-39.0,05:35:27.130,TRACK,0.0,ao188cmtx.oct,10.0,1.0,1.0,0.0,ON,0.0,0.01,0.0,ao188ttctrl.oct,0.001,0.0,2022-01-28T08:24:43,2,VMPA00016683,iXon Ultra 897 - VAMPIRES 2.0,50.0,22.5,HWP(NIR),45,7.49,104.8232749259348,104.7330031353607,104.7780572987302,26.17805729873018,2,128.5,128.5,0.89742738841969,0.44116219524594,-0.44116219524594,0.89742738841969,-1.7333333333333e-06,1.7333333333333e-06,deg,deg,RA---TAN,DEC--TAN,83.859520833333,24.040902777778,24.040902777778,0.0,master_dark_em50_00010ms_256x256_cam2.fits,median,gaussian,538.150950520431,183.0886955254268,182.3594208291888,611212.6543072509,30,33.78947448730469,3456023.5,2384.2021484375,182.0,183.0,2384.2021484375,243968.3231015584,0,0.0,0.0,0.0,0.0,0,0,131.0,75,none,,,0,1833599.15914917,1833599.15914917,1354.1045599026575,1354.1045599026577,0.0,,
VDATA20220128A_00000536_calib_collapsed_analyzed.fits,True,-32,2,366,366,2022-01-28,HD36819,08:24:59.067,08:25:06.992,08:24:51.142,22:24:59.074,22:25:06.999,22:24:51.149,59607.3506825,59607.350775,59607.35059,VTMP00000536,0.01,ACQUISITION,NAOJ,Subaru,VAMPIRES,UTC,o21156,"""[Summit] Millar-Blancher, Zhang [Hilo] Guyon, Deo, Vievard, Ah""",Observation,IMAG_POL,ICRS,180.0,5:35:26.288,24:02:27.26,2000.0,NS_IR,-0.12,1.03,13.81397,290.37916,76.18603,Nasmyth-IR,OFF,IR,25.1,622.0,271.45,5.2,1.0,10000.0,750.0,0.0,100000.0,10000.0,67.5,2.0,1.0,4.0,4.0,/mnt/data/20220128/,HD36819_06_20220128_675-50_EmptySlot_0,3,50.0,152.0,165.0,675-50,EmptySlot,1.0,T,IN,148.195,146.19499,+24:02:23,1.0,ADI,-39.0,163.025,05:35:27.1,SYNC,SCEXAO,348.72,35708928.0,MIRROR,152.63,15629312.0,OPEN,13.0,100.0,10.5,0.0,102.60358,+24:02:22.52,ADI,-113.945,-39.0,05:35:27.130,TRACK,0.0,ao188cmtx.oct,10.0,1.0,1.0,0.0,ON,0.0,0.01,0.0,ao188ttctrl.oct,0.001,0.0,2022-01-28T08:25:11,1,VMPA00016683,iXon Ultra 897 - VAMPIRES 1.0,50.0,67.5,HWP(NIR),45,7.49,104.6386084181538,104.5501389949448,104.5942948675035,25.99429486750351,2,128.5,128.5,0.89883769192541,0.43828164868518,-0.43828164868518,0.89883769192541,-1.7333333333333e-06,1.7333333333333e-06,deg,deg,RA---TAN,DEC--TAN,83.859533333333,24.040905555556,24.040905555556,0.0,master_dark_em50_00010ms_256x256_cam1.fits,median,gaussian,3691.324777326887,182.484386507573,182.4304927905152,849758.0665478518,30,24.4789981842041,2966456.0,6430.8193359375,183.0,183.0,6430.8193359375,440435.7344281616,"(0.026528366605610948, 0.0)",0.010780307764946113,-0.13550184735625787,0.0,0.0,0,0,123.0,75,none,,,0,1911699.253376007,1911699.253376007,1382.6421277308193,1382.642127730819,0.0003390707596887742,,
VDATA20220128A_00000537_calib_collapsed_analyzed.fits,True,-32,2,366,366,2022-01-28,HD36819,08:24:59.067,08:25:06.992,08:24:51.142,22:24:59.074,22:25:06.999,22:24:51.149,59607.3506825,59607.350775,59607.35059,VTMP00000537,0.01,ACQUISITION,NAOJ,Subaru,VAMPIRES,UTC,o21156,"""[Summit] Millar-Blancher, Zhang [Hilo] Guyon, Deo, Vievard, Ah""",Observation,IMAG_POL,ICRS,180.0,5:35:26.288,24:02:27.26,2000.0,NS_IR,-0.12,1.03,13.81397,290.37916,76.18603,Nasmyth-IR,OFF,IR,25.1,622.0,271.45,5.2,1.0,10000.0,750.0,0.0,100000.0,10000.0,67.5,2.0,1.0,4.0,4.0,/mnt/data/20220128/,HD36819_06_20220128_675-50_EmptySlot_0,3,50.0,152.0,165.0,675-50,EmptySlot,1.0,T,IN,148.195,146.19499,+24:02:23,1.0,ADI,-39.0,163.025,05:35:27.1,SYNC,SCEXAO,348.72,35708928.0,MIRROR,152.63,15629312.0,OPEN,13.0,100.0,10.5,0.0,102.60358,+24:02:22.52,ADI,-113.945,-39.0,05:35:27.130,TRACK,0.0,ao188cmtx.oct,10.0,1.0,1.0,0.0,ON,0.0,0.01,0.0,ao188ttctrl.oct,0.001,0.0,2022-01-28T08:25:11,2,VMPA00016683,iXon Ultra 897 - VAMPIRES 1.0,50.0,67.5,HWP(NIR),45,7.49,104.6386084181538,104.5501389949448,104.5942948675035,25.99429486750351,2,128.5,128.5,0.89883769192541,0.43828164868518,-0.43828164868518,0.89883769192541,-1.7333333333333e-06,1.7333333333333e-06,deg,deg,RA---TAN,DEC--TAN,83.859533333333,24.040905555556,24.040905555556,0.0,master_dark_em50_00010ms_256x256_cam1.fits,median,gaussian,3588.235565245469,182.5383219753577,182.3830707206385,820852.8942016602,30,23.84280586242676,2883051.25,6439.8447265625,182.0,183.0,6439.8447265625,426247.63388269313,0,0.0,0.0,0.0,0.0,0,0,126.0,75,none,,,0,1847565.569141388,1847565.569141388,1359.2518416913724,1359.2518416913726,0.0,,
VDATA20220128A_00000538_calib_collapsed_analyzed.fits,True,-32,2,366,366,2022-01-28,HD36819,08:24:59.067,08:25:06.992,08:24:51.142,22:24:59.074,22:25:06.999,22:24:51.149,59607.3506825,59607.350775,59607.35059,VTMP00000538,0.01,ACQUISITION,NAOJ,Subaru,VAMPIRES,UTC,o21156,"""[Summit] Millar-Blancher, Zhang [Hilo] Guyon, Deo, Vievard, Ah""",Observation,IMAG_POL,ICRS,180.0,5:35:26.288,24:02:27.26,2000.0,NS_IR,-0.12,1.03,13.81397,290.37916,76.18603,Nasmyth-IR,OFF,IR,25.1,622.0,271.45,5.2,2.0,10000.0,750.0,0.0,100000.0,10000.0,67.5,2.0,1.0,4.0,4.0,/mnt/data/20220128/,HD36819_06_20220128_675-50_EmptySlot_0,3,50.0,152.0,165.0,675-50,EmptySlot,1.0,T,IN,148.195,146.19499,+24:02:23,1.0,ADI,-39.0,163.025,05:35:27.1,SYNC,SCEXAO,348.72,35708928.0,MIRROR,152.63,15629312.0,OPEN,13.0,100.0,10.5,0.0,102.60358,+24:02:22.52,ADI,-113.945,-39.0,05:35:27.130,TRACK,0.0,ao188cmtx.oct,10.0,1.0,1.0,0.0,ON,0.0,0.01,0.0,ao188ttctrl.oct,0.001,0.0,2022-01-28T08:25:15,1,VMPA00016687,iXon Ultra 897 - VAMPIRES 2.0,50.0,67.5,HWP(NIR),45,7.49,104.6386084181538,104.5501389949448,104.5942948675035,25.99429486750351,2,128.5,128.5,0.89883769192541,0.43828164868518,-0.43828164868518,0.89883769192541,-1.7333333333333e-06,1.7333333333333e-06,deg,deg,RA---TAN,DEC--TAN,83.859533333333,24.040905555556,24.040905555556,0.0,master_dark_em50_00010ms_256x256_cam2.fits,median,gaussian,4655.618267011194,182.4936621546225,182.4217282915308,1097494.705972901,30,30.38484191894531,3762836.75,8234.5693359375,182.0,182.0,8234.5693359375,567946.5313120021,0,0.0,0.0,0.0,0.0,0,0,123.0,75,none,,,0,2454050.090057373,2454050.090057373,1566.5408038277756,1566.5408038277756,0.0,,
VDATA20220128A_00000539_calib_collapsed_analyzed.fits,True,-32,2,366,366,2022-01-28,HD36819,08:24:59.067,08:25:06.992,08:24:51.142,22:24:59.074,22:25:06.999,22:24:51.149,59607.3506825,59607.350775,59607.35059,VTMP00000539,0.01,ACQUISITION,NAOJ,Subaru,VAMPIRES,UTC,o21156,"""[Summit] Millar-Blancher, Zhang [Hilo] Guyon, Deo, Vievard, Ah""",Observation,IMAG_POL,ICRS,180.0,5:35:26.288,24:02:27.26,2000.0,NS_IR,-0.12,1.03,13.81397,290.37916,76.18603,Nasmyth-IR,OFF,IR,25.1,622.0,271.45,5.2,2.0,10000.0,750.0,0.0,100000.0,10000.0,67.5,2.0,1.0,4.0,4.0,/mnt/data/20220128/,HD36819_06_20220128_675-50_EmptySlot_0,3,50.0,152.0,165.0,675-50,EmptySlot,1.0,T,IN,148.195,146.19499,+24:02:23,1.0,ADI,-39.0,163.025,05:35:27.1,SYNC,SCEXAO,348.72,35708928.0,MIRROR,152.63,15629312.0,OPEN,13.0,100.0,10.5,0.0,102.60358,+24:02:22.52,ADI,-113.945,-39.0,05:35:27.130,TRACK,0.0,ao188cmtx.oct,10.0,1.0,1.0,0.0,ON,0.0,0.01,0.0,ao188ttctrl.oct,0.001,0.0,2022-01-28T08:25:15,2,VMPA00016687,iXon Ultra 897 - VAMPIRES 2.0,50.0,67.5,HWP(NIR),45,7.49,104.6386084181538,104.5501389949448,104.5942948675035,25.99429486750351,2,128.5,128.5,0.89883769192541,0.43828164868518,-0.43828164868518,0.89883769192541,-1.7333333333333e-06,1.7333333333333e-06,deg,deg,RA---TAN,DEC--TAN,83.859533333333,24.040905555556,24.040905555556,0.0,master_dark_em50_00010ms_256x256_cam2.fits,median,gaussian,4757.711798823129,182.5243646636782,182.3907468079275,1112770.48001892,30,30.95307922363281,3789947.0,8506.798828125,183.0,183.0,8506.798828125,580215.5919673692,0,0.0,0.0,0.011511201431049691,0.0031117059407122253,0,0,123.0,75,none,,,0,2483672.6079216003,2483672.6079216003,1575.9671976033005,1575.9671976033005,0.0,,
VDATA20220128A_00000540_calib_collapsed_analyzed.fits,True,-32,2,366,366,2022-01-28,HD36819,08:25:30.619,08:25:38.545,08:25:22.694,22:25:30.626,22:25:38.550,22:25:22.701,59607.3510415,59607.351134,59607.350949,VTMP00000540,0.01,ACQUISITION,NAOJ,Subaru,VAMPIRES,UTC,o21156,"""[Summit] Millar-Blancher, Zhang [Hilo] Guyon, Deo, Vievard, Ah""",Observation,IMAG_POL,ICRS,180.0,5:35:26.285,24:02:27.27,2000.0,NS_IR,-0.12,1.03,13.93009,290.24977,76.06991,Nasmyth-IR,OFF,IR,25.2,622.0,271.45,5.2,1.0,10000.0,750.0,0.0,100000.0,10000.0,0.0,2.0,2.0,4.0,1.0,/mnt/data/20220128/,HD36819_06_20220128_675-50_EmptySlot_0,4,50.0,152.0,165.0,675-50,EmptySlot,1.0,T,IN,148.25999,146.25998,+24:02:23,1.0,ADI,-39.0,163.025,05:35:27.1,SYNC,SCEXAO,348.72,35708928.0,MIRROR,152.63,15629312.0,OPEN,13.0,100.0,10.5,0.0,102.54007,+24:02:22.52,ADI,-114.127,-39.0,05:35:27.130,TRACK,0.0,ao188cmtx.oct,10.0,1.0,1.0,0.0,ON,0.0,0.01,0.0,ao188ttctrl.oct,0.001,0.0,2022-01-28T08:25:43,1,VMPA00016689,iXon Ultra 897 - VAMPIRES 1.0,50.0,0.0,HWP(NIR),45,7.49,104.4674963963168,104.380236613351,104.4237895067571,25.82378950675708,2,128.5,128.5,0.90013798357748,0.43560487889953,-0.43560487889953,0.90013798357748,-1.7333333333333e-06,1.7333333333333e-06,deg,deg,RA---TAN,DEC--TAN,83.859520833333,24.040908333333,24.040908333333,0.0,master_dark_em50_00010ms_256x256_cam1.fits,median,gaussian,8256.772596476918,182.5693290743253,182.4027893579519,1051812.862971802,30,22.55782318115234,3057021.75,11830.3642578125,182.0,183.0,11830.3642578125,610956.6365783635,"(-0.010125195455413544, 0.0)",-0.004668863759478988,-0.13758398337922362,0.0,0.0,0,0,123.0,75,none,,,0,2094869.983680725,2094869.983680725,1447.3665685239262,1447.3665685239262,0.0003212183302334256,,
VDATA20220128A_00000541_calib_collapsed_analyzed.fits,True,-32,2,366,366,2022-01-28,HD36819,08:25:30.619,08:25:38.545,08:25:22.694,22:25:30.626,22:25:38.550,22:25:22.701,59607.3510415,59607.351134,59607.350949,VTMP00000541,0.01,ACQUISITION,NAOJ,Subaru,VAMPIRES,UTC,o21156,"""[Summit] Millar-Blancher, Zhang [Hilo] Guyon, Deo, Vievard, Ah""",Observation,IMAG_POL,ICRS,180.0,5:35:26.285,24:02:27.27,2000.0,NS_IR,-0.12,1.03,13.93009,290.24977,76.06991,Nasmyth-IR,OFF,IR,25.2,622.0,271.45,5.2,1.0,10000.0,750.0,0.0,100000.0,10000.0,0.0,2.0,2.0,4.0,1.0,/mnt/data/20220128/,HD36819_06_20220128_675-50_EmptySlot_0,4,50.0,152.0,165.0,675-50,EmptySlot,1.0,T,IN,148.25999,146.25998,+24:02:23,1.0,ADI,-39.0,163.025,05:35:27.1,SYNC,SCEXAO,348.72,35708928.0,MIRROR,152.63,15629312.0,OPEN,13.0,100.0,10.5,0.0,102.54007,+24:02:22.52,ADI,-114.127,-39.0,05:35:27.130,TRACK,0.0,ao188cmtx.oct,10.0,1.0,1.0,0.0,ON,0.0,0.01,0.0,ao188ttctrl.oct,0.001,0.0,2022-01-28T08:25:43,2,VMPA00016689,iXon Ultra 897 - VAMPIRES 1.0,50.0,0.0,HWP(NIR),45,7.49,104.4674963963168,104.380236613351,104.4237895067571,25.82378950675708,2,128.5,128.5,0.90013798357748,0.43560487889953,-0.43560487889953,0.90013798357748,-1.7333333333333e-06,1.7333333333333e-06,deg,deg,RA---TAN,DEC--TAN,83.859520833333,24.040908333333,24.040908333333,0.0,master_dark_em50_00010ms_256x256_cam1.fits,median,gaussian,8247.582950239312,182.5817491849036,182.4348911380706,1046787.455115357,30,22.54013824462891,3039359.25,11724.447265625,182.0,183.0,11724.447265625,609102.8770037163,0,0.0,0.0,0.0,0.0,0,0,123.0,75,none,,,0,2084171.771938324,2084171.771938324,1443.666087410217,1443.6660874102167,0.0,,
VDATA20220128A_00000542_calib_collapsed_analyzed.fits,True,-32,2,366,366,2022-01-28,HD36819,08:25:30.619,08:25:38.545,08:25:22.694,22:25:30.626,22:25:38.550,22:25:22.701,59607.3510415,59607.351134,59607.350949,VTMP00000542,0.01,ACQUISITION,NAOJ,Subaru,VAMPIRES,UTC,o21156,"""[Summit] Millar-Blancher, Zhang [Hilo] Guyon, Deo, Vievard, Ah""",Observation,IMAG_POL,ICRS,180.0,5:35:26.285,24:02:27.27,2000.0,NS_IR,-0.12,1.03,13.93009,290.24977,76.06991,Nasmyth-IR,OFF,IR,25.2,622.0,271.45,5.2,2.0,10000.0,750.0,0.0,100000.0,10000.0,0.0,2.0,2.0,4.0,1.0,/mnt/data/20220128/,HD36819_06_20220128_675-50_EmptySlot_0,4,50.0,152.0,165.0,675-50,EmptySlot,1.0,T,IN,148.25999,146.25998,+24:02:23,1.0,ADI,-39.0,163.025,05:35:27.1,SYNC,SCEXAO,348.72,35708928.0,MIRROR,152.63,15629312.0,OPEN,13.0,100.0,10.5,0.0,102.54007,+24:02:22.52,ADI,-114.127,-39.0,05:35:27.130,TRACK,0.0,ao188cmtx.oct,10.0,1.0,1.0,0.0,ON,0.0,0.01,0.0,ao188ttctrl.oct,0.001,0.0,2022-01-28T08:25:46,1,VMPA00016689,iXon Ultra 897 - VAMPIRES 2.0,50.0,0.0,HWP(NIR),45,7.49,104.4674963963168,104.380236613351,104.4237895067571,25.82378950675708,2,128.5,128.5,0.90013798357748,0.43560487889953,-0.43560487889953,0.90013798357748,-1.7333333333333e-06,1.7333333333333e-06,deg,deg,RA---TAN,DEC--TAN,83.859520833333,24.040908333333,24.040908333333,0.0,master_dark_em50_00010ms_256x256_cam2.fits,median,gaussian,10978.819345701,182.5755175617177,182.3883705860617,1406511.149291381,30,28.79933166503906,4003162.75,15741.2109375,182.0,183.0,15741.2109375,818130.3790723132,0,0.0,0.0,0.0,0.0,0,0,123.0,75,none,,,0,2784189.959877014,2784189.959877014,1668.5892124417603,1668.5892124417605,0.0,,
VDATA20220128A_00000543_calib_collapsed_analyzed.fits,True,-32,2,366,366,2022-01-28,HD36819,08:25:30.619,08:25:38.545,08:25:22.694,22:25:30.626,22:25:38.550,22:25:22.701,59607.3510415,59607.351134,59607.350949,VTMP00000543,0.01,ACQUISITION,NAOJ,Subaru,VAMPIRES,UTC,o21156,"""[Summit] Millar-Blancher, Zhang [Hilo] Guyon, Deo, Vievard, Ah""",Observation,IMAG_POL,ICRS,180.0,5:35:26.285,24:02:27.27,2000.0,NS_IR,-0.12,1.03,13.93009,290.24977,76.06991,Nasmyth-IR,OFF,IR,25.2,622.0,271.45,5.2,2.0,10000.0,750.0,0.0,100000.0,10000.0,0.0,2.0,2.0,4.0,1.0,/mnt/data/20220128/,HD36819_06_20220128_675-50_EmptySlot_0,4,50.0,152.0,165.0,675-50,EmptySlot,1.0,T,IN,148.25999,146.25998,+24:02:23,1.0,ADI,-39.0,163.025,05:35:27.1,SYNC,SCEXAO,348.72,35708928.0,MIRROR,152.63,15629312.0,OPEN,13.0,100.0,10.5,0.0,102.54007,+24:02:22.52,ADI,-114.127,-39.0,05:35:27.130,TRACK,0.0,ao188cmtx.oct,10.0,1.0,1.0,0.0,ON,0.0,0.01,0.0,ao188ttctrl.oct,0.001,0.0,2022-01-28T08:25:46,2,VMPA00016689,iXon Ultra 897 - VAMPIRES 2.0,50.0,0.0,HWP(NIR),45,7.49,104.4674963963168,104.380236613351,104.4237895067571,25.82378950675708,2,128.5,128.5,0.90013798357748,0.43560487889953,-0.43560487889953,0.90013798357748,-1.7333333333333e-06,1.7333333333333e-06,deg,deg,RA---TAN,DEC--TAN,83.859520833333,24.040908333333,24.040908333333,0.0,master_dark_em50_00010ms_256x256_cam2.fits,median,gaussian,10357.98776358373,182.5824302281189,182.4440917085206,1375754.99557129,30,28.1794376373291,3929849.25,14925.4697265625,182.0,183.0,14925.4697265625,798973.7004421095,0,0.0,0.0,0.0,0.0,0,0,123.0,75,none,,,0,2728243.5703964233,2728243.5703964233,1651.739558888272,1651.7395588882719,0.0,,
VDATA20220128A_00000544_calib_collapsed_analyzed.fits,True,-32,2,366,366,2022-01-28,HD36819,08:26:00.881,08:26:08.809,08:25:52.953,22:26:00.888,22:26:08.816,22:25:52.959,59607.3513885,59607.351481,59607.351296,VTMP00000544,0.01,ACQUISITION,NAOJ,Subaru,VAMPIRES,UTC,o21156,"""[Summit] Millar-Blancher, Zhang [Hilo] Guyon, Deo, Vievard, Ah""",Observation,IMAG_POL,ICRS,180.0,5:35:26.286,24:02:27.27,2000.0,NS_IR,-0.12,1.031,14.04149,290.12809,75.95851,Nasmyth-IR,OFF,IR,25.1,622.0,271.45,5.2,1.0,10000.0,750.0,0.0,100000.0,10000.0,45.0,2.0,2.0,4.0,2.0,/mnt/data/20220128/,HD36819_06_20220128_675-50_EmptySlot_0,5,50.0,152.0,165.0,675-50,EmptySlot,1.0,T,IN,148.32004,146.31898,+24:02:23,1.0,ADI,-39.0,163.025,05:35:27.1,SYNC,SCEXAO,348.72,35708928.0,MIRROR,152.63,15629312.0,OPEN,13.0,100.0,10.5,0.0,102.48594,+24:02:22.52,ADI,-114.296,-39.0,05:35:27.130,TRACK,0.0,ao188cmtx.oct,10.0,1.0,1.0,0.0,ON,0.0,0.01,0.0,ao188ttctrl.oct,0.001,0.0,2022-01-28T08:26:13,1,VMPA00016693,iXon Ultra 897 - VAMPIRES 1.0,50.0,45.0,HWP(NIR),45,7.49,104.3043338050888,104.2182163540018,104.2611998087403,25.66119980874034,2,128.5,128.5,0.90137048475547,0.43304878387047,-0.43304878387047,0.90137048475547,-1.7333333333333e-06,1.7333333333333e-06,deg,deg,RA---TAN,DEC--TAN,83.859525,24.040908333333,24.040908333333,0.0,master_dark_em50_00010ms_256x256_cam1.fits,median,gaussian,9767.924399454998,182.4943515606107,182.4334856607186,1208128.171532593,30,22.0615119934082,3240728.25,14267.685546875,183.0,183.0,14267.685546875,721578.9423499466,"(0.04257870186326322, 0.0)",0.01948941609516756,-0.13614531709484404,0.0,0.0,0,0,125.0,75,none,,,0,2299362.9566173553,2299362.9566173553,1516.3650472816087,1516.3650472816087,0.0003105529797754785,,
VDATA20220128A_00000545_calib_collapsed_analyzed.fits,True,-32,2,366,366,2022-01-28,HD36819,08:26:00.881,08:26:08.809,08:25:52.953,22:26:00.888,22:26:08.816,22:25:52.959,59607.3513885,59607.351481,59607.351296,VTMP00000545,0.01,ACQUISITION,NAOJ,Subaru,VAMPIRES,UTC,o21156,"""[Summit] Millar-Blancher, Zhang [Hilo] Guyon, Deo, Vievard, Ah""",Observation,IMAG_POL,ICRS,180.0,5:35:26.286,24:02:27.27,2000.0,NS_IR,-0.12,1.031,14.04149,290.12809,75.95851,Nasmyth-IR,OFF,IR,25.1,622.0,271.45,5.2,1.0,10000.0,750.0,0.0,100000.0,10000.0,45.0,2.0,2.0,4.0,2.0,/mnt/data/20220128/,HD36819_06_20220128_675-50_EmptySlot_0,5,50.0,152.0,165.0,675-50,EmptySlot,1.0,T,IN,148.32004,146.31898,+24:02:23,1.0,ADI,-39.0,163.025,05:35:27.1,SYNC,SCEXAO,348.72,35708928.0,MIRROR,152.63,15629312.0,OPEN,13.0,100.0,10.5,0.0,102.48594,+24:02:22.52,ADI,-114.296,-39.0,05:35:27.130,TRACK,0.0,ao188cmtx.oct,10.0,1.0,1.0,0.0,ON,0.0,0.01,0.0,ao188ttctrl.oct,0.001,0.0,2022-01-28T08:26:13,2,VMPA00016693,iXon Ultra 897 - VAMPIRES 1.0,50.0,45.0,HWP(NIR),45,7.49,104.3043338050888,104.2182163540018,104.2611998087403,25.66119980874034,2,128.5,128.5,0.90137048475547,0.43304878387047,-0.43304878387047,0.90137048475547,-1.7333333333333e-06,1.7333333333333e-06,deg,deg,RA---TAN,DEC--TAN,83.859525,24.040908333333,24.040908333333,0.0,master_dark_em50_00010ms_256x256_cam1.fits,median,gaussian,9286.416911335044,182.4835734287147,182.4149355612902,1140621.793451538,30,21.36606597900391,3078751.5,13514.923828125,183.0,183.0,13514.923828125,681145.4351736859,0,0.0,0.0,0.0,0.0,0,0,125.0,75,none,,,0,2177505.175354004,2177505.175354004,1475.6372099381351,1475.6372099381351,0.0,,
VDATA20220128A_00000546_calib_collapsed_analyzed.fits,True,-32,2,366,366,2022-01-28,HD36819,08:26:00.881,08:26:08.809,08:25:52.953,22:26:00.888,22:26:08.816,22:25:52.959,59607.3513885,59607.351481,59607.351296,VTMP00000546,0.01,ACQUISITION,NAOJ,Subaru,VAMPIRES,UTC,o21156,"""[Summit] Millar-Blancher, Zhang [Hilo] Guyon, Deo, Vievard, Ah""",Observation,IMAG_POL,ICRS,180.0,5:35:26.286,24:02:27.27,2000.0,NS_IR,-0.12,1.031,14.04149,290.12809,75.95851,Nasmyth-IR,OFF,IR,25.1,622.0,271.45,5.2,2.0,10000.0,750.0,0.0,100000.0,10000.0,45.0,2.0,2.0,4.0,2.0,/mnt/data/20220128/,HD36819_06_20220128_675-50_EmptySlot_0,5,50.0,152.0,165.0,675-50,EmptySlot,1.0,T,IN,148.32004,146.31898,+24:02:23,1.0,ADI,-39.0,163.025,05:35:27.1,SYNC,SCEXAO,348.72,35708928.0,MIRROR,152.63,15629312.0,OPEN,13.0,100.0,10.5,0.0,102.48594,+24:02:22.52,ADI,-114.296,-39.0,05:35:27.130,TRACK,0.0,ao188cmtx.oct,10.0,1.0,1.0,0.0,ON,0.0,0.01,0.0,ao188ttctrl.oct,0.001,0.0,2022-01-28T08:26:17,1,VMPA00016695,iXon Ultra 897 - VAMPIRES 2.0,50.0,45.0,HWP(NIR),45,7.49,104.3043338050888,104.2182163540018,104.2611998087403,25.66119980874034,2,128.5,128.5,0.90137048475547,0.43304878387047,-0.43304878387047,0.90137048475547,-1.7333333333333e-06,1.7333333333333e-06,deg,deg,RA---TAN,DEC--TAN,83.859525,24.040908333333,24.040908333333,0.0,master_dark_em50_00010ms_256x256_cam2.fits,median,gaussian,12032.74789993262,182.4926354793969,182.4000017927165,1530419.719197998,30,26.91948318481445,4045990.75,17709.134765625,183.0,183.0,17709.134765625,912791.1371598552,0,0.0,0.0,0.0,0.0,0,0,123.0,75,none,,,0,2903924.228237152,2903924.228237152,1704.0904401577845,1704.0904401577848,0.0,,
VDATA20220128A_00000547_calib_collapsed_analyzed.fits,True,-32,2,366,366,2022-01-28,HD36819,08:26:00.881,08:26:08.809,08:25:52.953,22:26:00.888,22:26:08.816,22:25:52.959,59607.3513885,59607.351481,59607.351296,VTMP00000547,0.01,ACQUISITION,NAOJ,Subaru,VAMPIRES,UTC,o21156,"""[Summit] Millar-Blancher, Zhang [Hilo] Guyon, Deo, Vievard, Ah""",Observation,IMAG_POL,ICRS,180.0,5:35:26.286,24:02:27.27,2000.0,NS_IR,-0.12,1.031,14.04149,290.12809,75.95851,Nasmyth-IR,OFF,IR,25.1,622.0,271.45,5.2,2.0,10000.0,750.0,0.0,100000.0,10000.0,45.0,2.0,2.0,4.0,2.0,/mnt/data/20220128/,HD36819_06_20220128_675-50_EmptySlot_0,5,50.0,152.0,165.0,675-50,EmptySlot,1.0,T,IN,148.32004,146.31898,+24:02:23,1.0,ADI,-39.0,163.025,05:35:27.1,SYNC,SCEXAO,348.72,35708928.0,MIRROR,152.63,15629312.0,OPEN,13.0,100.0,10.5,0.0,102.48594,+24:02:22.52,ADI,-114.296,-39.0,05:35:27.130,TRACK,0.0,ao188cmtx.oct,10.0,1.0,1.0,0.0,ON,0.0,0.01,0.0,ao188ttctrl.oct,0.001,0.0,2022-01-28T08:26:17,2,VMPA00016695,iXon Ultra 897 - VAMPIRES 2.0,50.0,45.0,HWP(NIR),45,7.49,104.3043338050888,104.2182163540018,104.2611998087403,25.66119980874034,2,128.5,128.5,0.90137048475547,0.43304878387047,-0.43304878387047,0.90137048475547,-1.7333333333333e-06,1.7333333333333e-06,deg,deg,RA---TAN,DEC--TAN,83.859525,24.040908333333,24.040908333333,0.0,master_dark_em50_00010ms_256x256_cam2.fits,median,gaussian,12365.73561958121,182.4698274722807,182.4045751757152,1574280.831812134,30,27.67696762084961,4148175.5,18228.931640625,183.0,183.0,18228.931640625,939805.6802099376,0,0.0,0.0,0.0,0.0,0,0,124.0,75,none,,,0,2984071.593334198,2984071.593334198,1727.446552960235,1727.4465529602348,0.0,,
VDATA20220128A_00000548_calib_collapsed_analyzed.fits,True,-32,2,366,366,2022-01-28,HD36819,08:26:30.997,08:26:38.932,08:26:23.063,22:26:31.005,22:26:38.940,22:26:23.070,59607.351742,59607.351829,59607.351655,VTMP00000548,0.01,ACQUISITION,NAOJ,Subaru,VAMPIRES,UTC,o21156,"""[Summit] Millar-Blancher, Zhang [Hilo] Guyon, Deo, Vievard, Ah""",Observation,IMAG_POL,ICRS,180.0,5:35:26.283,24:02:27.25,2000.0,NS_IR,-0.12,1.031,14.15262,290.00907,75.84738,Nasmyth-IR,OFF,IR,25.2,622.0,271.45,5.2,1.0,10000.0,750.0,0.0,100000.0,10000.0,22.5,2.0,2.0,4.0,3.0,/mnt/data/20220128/,HD36819_06_20220128_675-50_EmptySlot_0,6,50.0,152.0,165.0,675-50,EmptySlot,1.0,T,IN,148.378,146.37799,+24:02:23,1.0,ADI,-39.0,163.025,05:35:27.1,SYNC,SCEXAO,348.72,35708928.0,MIRROR,152.63,15629312.0,OPEN,13.0,100.0,10.5,0.0,102.42896,+24:02:22.52,ADI,-114.462,-39.0,05:35:27.130,TRACK,0.0,ao188cmtx.oct,10.0,1.0,1.0,0.0,ON,0.0,0.01,0.0,ao188ttctrl.oct,0.001,0.0,2022-01-28T08:26:43,1,VMPA00016697,iXon Ultra 897 - VAMPIRES 1.0,50.0,22.5,HWP(NIR),45,7.49,104.1377288070862,104.0578019329338,104.0977002962421,25.49770029624209,2,128.5,128.5,0.90260256321995,0.43047486903277,-0.43047486903277,0.90260256321995,-1.7333333333333e-06,1.7333333333333e-06,deg,deg,RA---TAN,DEC--TAN,83.8595125,24.040902777778,24.040902777778,0.0,master_dark_em50_00010ms_256x256_cam1.fits,median,gaussian,6906.281763300154,182.6042418033216,182.5134001875857,1070006.195791016,30,23.12642478942871,3129892.25,10801.484375,182.0,182.0,10801.484375,605469.9807381658,"(0.01105230061269416, 0.0)",0.0048992920450547685,-0.13817837132499874,0.0,0.0,0,0,123.0,75,none,,,0,2156517.323562622,2156517.323562622,1468.5085371092066,1468.5085371092066,0.0003180610717706496,,
VDATA20220128A_00000549_calib_collapsed_analyzed.fits,True,-32,2,366,366,2022-01-28,HD36819,08:26:30.997,08:26:38.932,08:26:23.063,22:26:31.005,22:26:38.940,22:26:23.070,59607.351742,59607.351829,59607.351655,VTMP00000549,0.01,ACQUISITION,NAOJ,Subaru,VAMPIRES,UTC,o21156,"""[Summit] Millar-Blancher, Zhang [Hilo] Guyon, Deo, Vievard, Ah""",Observation,IMAG_POL,ICRS,180.0,5:35:26.283,24:02:27.25,2000.0,NS_IR,-0.12,1.031,14.15262,290.00907,75.84738,Nasmyth-IR,OFF,IR,25.2,622.0,271.45,5.2,1.0,10000.0,750.0,0.0,100000.0,10000.0,22.5,2.0,2.0,4.0,3.0,/mnt/data/20220128/,HD36819_06_20220128_675-50_EmptySlot_0,6,50.0,152.0,165.0,675-50,EmptySlot,1.0,T,IN,148.378,146.37799,+24:02:23,1.0,ADI,-39.0,163.025,05:35:27.1,SYNC,SCEXAO,348.72,35708928.0,MIRROR,152.63,15629312.0,OPEN,13.0,100.0,10.5,0.0,102.42896,+24:02:22.52,ADI,-114.462,-39.0,05:35:27.130,TRACK,0.0,ao188cmtx.oct,10.0,1.0,1.0,0.0,ON,0.0,0.01,0.0,ao188ttctrl.oct,0.001,0.0,2022-01-28T08:26:43,2,VMPA00016697,iXon Ultra 897 - VAMPIRES 1.0,50.0,22.5,HWP(NIR),45,7.49,104.1377288070862,104.0578019329338,104.0977002962421,25.49770029624209,2,128.5,128.5,0.90260256321995,0.43047486903277,-0.43047486903277,0.90260256321995,-1.7333333333333e-06,1.7333333333333e-06,deg,deg,RA---TAN,DEC--TAN,83.8595125,24.040902777778,24.040902777778,0.0,master_dark_em50_00010ms_256x256_cam1.fits,median,gaussian,6696.19538785817,182.5679211074408,182.5030130057947,1043397.893155518,30,22.42108535766602,3059309.5,10529.421875,182.0,182.0,10529.421875,591997.9035134166,0,0.0,0.0,0.0,0.0,0,0,124.0,75,none,,,0,2102956.2959976196,2102956.2959976196,1450.1573349114983,1450.1573349114983,0.0,,
VDATA20220128A_00000550_calib_collapsed_analyzed.fits,True,-32,2,366,366,2022-01-28,HD36819,08:26:30.997,08:26:38.932,08:26:23.063,22:26:31.005,22:26:38.940,22:26:23.070,59607.351742,59607.351829,59607.351655,VTMP00000550,0.01,ACQUISITION,NAOJ,Subaru,VAMPIRES,UTC,o21156,"""[Summit] Millar-Blancher, Zhang [Hilo] Guyon, Deo, Vievard, Ah""",Observation,IMAG_POL,ICRS,180.0,5:35:26.283,24:02:27.25,2000.0,NS_IR,-0.12,1.031,14.15262,290.00907,75.84738,Nasmyth-IR,OFF,IR,25.2,622.0,271.45,5.2,2.0,10000.0,750.0,0.0,100000.0,10000.0,22.5,2.0,2.0,4.0,3.0,/mnt/data/20220128/,HD36819_06_20220128_675-50_EmptySlot_0,6,50.0,152.0,165.0,675-50,EmptySlot,1.0,T,IN,148.378,146.37799,+24:02:23,1.0,ADI,-39.0,163.025,05:35:27.1,SYNC,SCEXAO,348.72,35708928.0,MIRROR,152.63,15629312.0,OPEN,13.0,100.0,10.5,0.0,102.42896,+24:02:22.52,ADI,-114.462,-39.0,05:35:27.130,TRACK,0.0,ao188cmtx.oct,10.0,1.0,1.0,0.0,ON,0.0,0.01,0.0,ao188ttctrl.oct,0.001,0.0,2022-01-28T08:26:47,1,VMPA00016699,iXon Ultra 897 - VAMPIRES 2.0,50.0,22.5,HWP(NIR),45,7.49,104.1377288070862,104.0578019329338,104.0977002962421,25.49770029624209,2,128.5,128.5,0.90260256321995,0.43047486903277,-0.43047486903277,0.90260256321995,-1.7333333333333e-06,1.7333333333333e-06,deg,deg,RA---TAN,DEC--TAN,83.8595125,24.040902777778,24.040902777778,0.0,master_dark_em50_00010ms_256x256_cam2.fits,median,gaussian,8923.120935546258,182.5848539296337,182.5409863384732,1406602.731616211,30,28.49446487426758,4036315.0,13876.85546875,182.0,182.0,13876.85546875,797305.5083194219,0,0.0,0.0,0.0,0.0,0,0,124.0,75,none,,,0,2815236.8350524902,2815236.8350524902,1677.8667512804734,1677.8667512804736,0.0,,
VDATA20220128A_00000551_calib_collapsed_analyzed.fits,True,-32,2,366,366,2022-01-28,HD36819,08:26:30.997,08:26:38.932,08:26:23.063,22:26:31.005,22:26:38.940,22:26:23.070,59607.351742,59607.351829,59607.351655,VTMP00000551,0.01,ACQUISITION,NAOJ,Subaru,VAMPIRES,UTC,o21156,"""[Summit] Millar-Blancher, Zhang [Hilo] Guyon, Deo, Vievard, Ah""",Observation,IMAG_POL,ICRS,180.0,5:35:26.283,24:02:27.25,2000.0,NS_IR,-0.12,1.031,14.15262,290.00907,75.84738,Nasmyth-IR,OFF,IR,25.2,622.0,271.45,5.2,2.0,10000.0,750.0,0.0,100000.0,10000.0,22.5,2.0,2.0,4.0,3.0,/mnt/data/20220128/,HD36819_06_20220128_675-50_EmptySlot_0,6,50.0,152.0,165.0,675-50,EmptySlot,1.0,T,IN,148.378,146.37799,+24:02:23,1.0,ADI,-39.0,163.025,05:35:27.1,SYNC,SCEXAO,348.72,35708928.0,MIRROR,152.63,15629312.0,OPEN,13.0,100.0,10.5,0.0,102.42896,+24:02:22.52,ADI,-114.462,-39.0,05:35:27.130,TRACK,0.0,ao188cmtx.oct,10.0,1.0,1.0,0.0,ON,0.0,0.01,0.0,ao188ttctrl.oct,0.001,0.0,2022-01-28T08:26:47,2,VMPA00016699,iXon Ultra 897 - VAMPIRES 2.0,50.0,22.5,HWP(NIR),45,7.49,104.1377288070862,104.0578019329338,104.0977002962421,25.49770029624209,2,128.5,128.5,0.90260256321995,0.43047486903277,-0.43047486903277,0.90260256321995,-1.7333333333333e-06,1.7333333333333e-06,deg,deg,RA---TAN,DEC--TAN,83.8595125,24.040902777778,24.040902777778,0.0,master_dark_em50_00010ms_256x256_cam2.fits,median,gaussian,8704.027102538124,182.5959987907229,182.5110934409553,1403310.718748169,30,28.45125579833984,4027429.5,13818.6572265625,182.0,183.0,13818.6572265625,797353.1004938406,0,0.0,0.0,0.0,0.0,0,0,124.0,75,none,,,0,2810104.402282715,2810104.402282715,1676.3366017249384,1676.3366017249384,0.0,,
VDATA20220128A_00000552_calib_collapsed_analyzed.fits,True,-32,2,366,366,2022-01-28,HD36819,08:27:02.857,08:27:10.777,08:26:54.936,22:27:02.862,22:27:10.784,22:26:54.940,59607.35210649999,59607.352199,59607.352014,VTMP00000552,0.01,ACQUISITION,NAOJ,Subaru,VAMPIRES,UTC,o21156,"""[Summit] Millar-Blancher, Zhang [Hilo] Guyon, Deo, Vievard, Ah""",Observation,IMAG_POL,ICRS,180.0,5:35:26.285,24:02:27.21,2000.0,NS_IR,-0.12,1.032,14.2701,289.88573,75.7299,Nasmyth-IR,OFF,IR,25.1,622.0,271.45,5.2,1.0,10000.0,750.0,0.0,100000.0,10000.0,67.5,2.0,2.0,4.0,4.0,/mnt/data/20220128/,HD36819_06_20220128_675-50_EmptySlot_0,7,50.0,152.0,165.0,675-50,EmptySlot,1.0,T,IN,148.44204,146.44203,+24:02:23,1.0,ADI,-39.0,163.025,05:35:27.1,SYNC,SCEXAO,348.72,35708928.0,MIRROR,152.63,15629312.0,OPEN,13.0,100.0,10.5,0.0,102.37521,+24:02:22.52,ADI,-114.631,-39.0,05:35:27.130,TRACK,0.0,ao188cmtx.oct,10.0,1.0,1.0,0.0,ON,0.0,0.01,0.0,ao188ttctrl.oct,0.001,0.0,2022-01-28T08:27:15,1,VMPA00016701,iXon Ultra 897 - VAMPIRES 1.0,50.0,67.5,HWP(NIR),45,7.49,103.9733587020699,103.8895249800996,103.9313699916159,25.3313699916159,2,128.5,128.5,0.90384843161556,0.42785279321993,-0.42785279321993,0.90384843161556,-1.7333333333333e-06,1.7333333333333e-06,deg,deg,RA---TAN,DEC--TAN,83.859520833333,24.040891666667,24.040891666667,0.0,master_dark_em50_00010ms_256x256_cam1.fits,median,gaussian,16143.59498462563,182.5347077709847,182.4582070999107,1448163.772528687,30,19.89221954345703,3324155.5,21112.73828125,182.0,183.0,21112.73828125,935913.5921775918,"(0.026235578145789695, 0.0)",0.011472741722619625,-0.13557137596035304,0.0,0.0,0,0,125.0,75,none,,,0,2482628.9050102234,2482628.9050102234,1575.6360318963968,1575.6360318963968,0.0002978010771611027,,
VDATA20220128A_00000553_calib_collapsed_analyzed.fits,True,-32,2,366,366,2022-01-28,HD36819,08:27:02.857,08:27:10.777,08:26:54.936,22:27:02.862,22:27:10.784,22:26:54.940,59607.35210649999,59607.352199,59607.352014,VTMP00000553,0.01,ACQUISITION,NAOJ,Subaru,VAMPIRES,UTC,o21156,"""[Summit] Millar-Blancher, Zhang [Hilo] Guyon, Deo, Vievard, Ah""",Observation,IMAG_POL,ICRS,180.0,5:35:26.285,24:02:27.21,2000.0,NS_IR,-0.12,1.032,14.2701,289.88573,75.7299,Nasmyth-IR,OFF,IR,25.1,622.0,271.45,5.2,1.0,10000.0,750.0,0.0,100000.0,10000.0,67.5,2.0,2.0,4.0,4.0,/mnt/data/20220128/,HD36819_06_20220128_675-50_EmptySlot_0,7,50.0,152.0,165.0,675-50,EmptySlot,1.0,T,IN,148.44204,146.44203,+24:02:23,1.0,ADI,-39.0,163.025,05:35:27.1,SYNC,SCEXAO,348.72,35708928.0,MIRROR,152.63,15629312.0,OPEN,13.0,100.0,10.5,0.0,102.37521,+24:02:22.52,ADI,-114.631,-39.0,05:35:27.130,TRACK,0.0,ao188cmtx.oct,10.0,1.0,1.0,0.0,ON,0.0,0.01,0.0,ao188ttctrl.oct,0.001,0.0,2022-01-28T08:27:15,2,VMPA00016701,iXon Ultra 897 - VAMPIRES 1.0,50.0,67.5,HWP(NIR),45,7.49,103.9733587020699,103.8895249800996,103.9313699916159,25.3313699916159,2,128.5,128.5,0.90384843161556,0.42785279321993,-0.42785279321993,0.90384843161556,-1.7333333333333e-06,1.7333333333333e-06,deg,deg,RA---TAN,DEC--TAN,83.859520833333,24.040891666667,24.040891666667,0.0,master_dark_em50_00010ms_256x256_cam1.fits,median,gaussian,15328.48627671537,182.4868853707546,182.4880871904928,1393823.834061279,30,19.32162094116211,3201042.25,20058.52734375,182.0,182.0,20058.52734375,900228.6980698854,0,0.0,0.0,0.0,0.0,0,0,124.0,75,none,,,0,2390292.961511612,2390292.961511612,1546.0572309948982,1546.0572309948982,0.0,,
VDATA20220128A_00000554_calib_collapsed_analyzed.fits,True,-32,2,366,366,2022-01-28,HD36819,08:27:02.857,08:27:10.777,08:26:54.936,22:27:02.862,22:27:10.784,22:26:54.940,59607.35210649999,59607.352199,59607.352014,VTMP00000554,0.01,ACQUISITION,NAOJ,Subaru,VAMPIRES,UTC,o21156,"""[Summit] Millar-Blancher, Zhang [Hilo] Guyon, Deo, Vievard, Ah""",Observation,IMAG_POL,ICRS,180.0,5:35:26.285,24:02:27.21,2000.0,NS_IR,-0.12,1.032,14.2701,289.88573,75.7299,Nasmyth-IR,OFF,IR,25.1,622.0,271.45,5.2,2.0,10000.0,750.0,0.0,100000.0,10000.0,67.5,2.0,2.0,4.0,4.0,/mnt/data/20220128/,HD36819_06_20220128_675-50_EmptySlot_0,7,50.0,152.0,165.0,675-50,EmptySlot,1.0,T,IN,148.44204,146.44203,+24:02:23,1.0,ADI,-39.0,163.025,05:35:27.1,SYNC,SCEXAO,348.72,35708928.0,MIRROR,152.63,15629312.0,OPEN,13.0,100.0,10.5,0.0,102.37521,+24:02:22.52,ADI,-114.631,-39.0,05:35:27.130,TRACK,0.0,ao188cmtx.oct,10.0,1.0,1.0,0.0,ON,0.0,0.01,0.0,ao188ttctrl.oct,0.001,0.0,2022-01-28T08:27:18,1,VMPA00016701,iXon Ultra 897 - VAMPIRES 2.0,50.0,67.5,HWP(NIR),45,7.49,103.9733587020699,103.8895249800996,103.9313699916159,25.3313699916159,2,128.5,128.5,0.90384843161556,0.42785279321993,-0.42785279321993,0.90384843161556,-1.7333333333333e-06,1.7333333333333e-06,deg,deg,RA---TAN,DEC--TAN,83.859520833333,24.040891666667,24.040891666667,0.0,master_dark_em50_00010ms_256x256_cam2.fits,median,gaussian,19875.14989479673,182.5548607687914,182.437196022452,1863861.630446168,30,24.24843978881836,4198474.0,26649.94921875,182.0,183.0,26649.94921875,1202768.8361922838,0,0.0,0.0,0.0,0.0,0,0,123.0,75,none,,,0,3182192.676460266,3182192.676460266,1783.8701400214832,1783.8701400214832,0.0,,
VDATA20220128A_00000555_calib_collapsed_analyzed.fits,True,-32,2,366,366,2022-01-28,HD36819,08:27:02.857,08:27:10.777,08:26:54.936,22:27:02.862,22:27:10.784,22:26:54.940,59607.35210649999,59607.352199,59607.352014,VTMP00000555,0.01,ACQUISITION,NAOJ,Subaru,VAMPIRES,UTC,o21156,"""[Summit] Millar-Blancher, Zhang [Hilo] Guyon, Deo, Vievard, Ah""",Observation,IMAG_POL,ICRS,180.0,5:35:26.285,24:02:27.21,2000.0,NS_IR,-0.12,1.032,14.2701,289.88573,75.7299,Nasmyth-IR,OFF,IR,25.1,622.0,271.45,5.2,2.0,10000.0,750.0,0.0,100000.0,10000.0,67.5,2.0,2.0,4.0,4.0,/mnt/data/20220128/,HD36819_06_20220128_675-50_EmptySlot_0,7,50.0,152.0,165.0,675-50,EmptySlot,1.0,T,IN,148.44204,146.44203,+24:02:23,1.0,ADI,-39.0,163.025,05:35:27.1,SYNC,SCEXAO,348.72,35708928.0,MIRROR,152.63,15629312.0,OPEN,13.0,100.0,10.5,0.0,102.37521,+24:02:22.52,ADI,-114.631,-39.0,05:35:27.130,TRACK,0.0,ao188cmtx.oct,10.0,1.0,1.0,0.0,ON,0.0,0.01,0.0,ao188ttctrl.oct,0.001,0.0,2022-01-28T08:27:18,2,VMPA00016701,iXon Ultra 897 - VAMPIRES 2.0,50.0,67.5,HWP(NIR),45,7.49,103.9733587020699,103.8895249800996,103.9313699916159,25.3313699916159,2,128.5,128.5,0.90384843161556,0.42785279321993,-0.42785279321993,0.90384843161556,-1.7333333333333e-06,1.7333333333333e-06,deg,deg,RA---TAN,DEC--TAN,83.859520833333,24.040891666667,24.040891666667,0.0,master_dark_em50_00010ms_256x256_cam2.fits,median,gaussian,19822.57482777521,182.4814765829475,182.4450068408339,1887354.099901124,30,24.65144729614258,4243733.0,26780.400390625,183.0,183.0,26780.400390625,1220479.150807063,0,0.0,0.0,0.012079139927323275,0.0032867248387824285,0,0,123.0,75,none,,,0,3219204.078605652,3219204.078605652,1794.2140559603395,1794.2140559603392,0.0,,
VDATA20220128A_00000760_calib_collapsed_analyzed.fits,True,-32,2,366,366,2022-01-28,HD36819,09:46:13.914,09:46:21.877,09:46:05.950,23:46:13.921,23:46:21.884,23:46:05.958,59607.407095,59607.407188,59607.407002,VTMP00000760,0.01,ACQUISITION,NAOJ,Subaru,VAMPIRES,UTC,o21156,"""[Summit] Millar-Blancher, Zhang [Hilo] Guyon, Deo, Vievard, Ah""",Observation,IMAG_POL,ICRS,180.0,5:35:26.157,24:02:26.83,2000.0,NS_IR,-0.12,1.182,32.25082,283.91711,57.74918,Nasmyth-IR,OFF,IR,27.2,621.8,271.15,5.2,1.0,10000.0,750.0,0.0,100000.0,10000.0,0.0,2.0,1.0,4.0,1.0,/mnt/data/20220128/,HD36819_08_20220128_675-50_EmptySlot_0,0,50.0,152.0,165.0,675-50,EmptySlot,1.0,T,IN,159.752,157.74904,+24:02:23,1.0,ADI,-39.0,163.025,05:35:27.1,SYNC,SCEXAO,348.72,35708928.0,MIRROR,152.63,15629312.0,OPEN,13.0,100.0,10.6,0.0,93.3861,+24:02:22.52,ADI,-128.345,-39.0,05:35:27.130,TRACK,0.0,ao188cmtx.oct,10.0,1.0,1.0,0.0,ON,0.0,0.01,0.0,ao188ttctrl.oct,0.001,0.0,2022-01-28T09:46:26,1,VMPA00016905,iXon Ultra 897 - VAMPIRES 1.0,50.0,0.0,HWP(NIR),45,7.49,90.51850108922228,90.49030134991126,90.50439505424674,11.90439505424675,2,128.5,128.5,0.97849316467778,0.20627924442093,-0.20627924442093,0.97849316467778,-1.7333333333333e-06,1.7333333333333e-06,deg,deg,RA---TAN,DEC--TAN,83.8589875,24.040786111111,24.040786111111,0.0,master_dark_em50_00010ms_256x256_cam1.fits,median,gaussian,22981.36931170993,182.6971471462447,182.4471798819238,1674510.554684449,30,18.56425476074219,3369451.75,29808.984375,182.0,183.0,29808.984375,1158786.8282913254,"(0.001767728352124548, 0.0)",-0.00028879211849771664,-0.13746607464581384,0.0,0.0,0,0,116.0,75,none,,,0,2611986.794675827,2611986.794675827,1616.1642226815402,1616.1642226815402,0.0002884969259786551,,
VDATA20220128A_00000761_calib_collapsed_analyzed.fits,True,-32,2,366,366,2022-01-28,HD36819,09:46:13.914,09:46:21.877,09:46:05.950,23:46:13.921,23:46:21.884,23:46:05.958,59607.407095,59607.407188,59607.407002,VTMP00000761,0.01,ACQUISITION,NAOJ,Subaru,VAMPIRES,UTC,o21156,"""[Summit] Millar-Blancher, Zhang [Hilo] Guyon, Deo, Vievard, Ah""",Observation,IMAG_POL,ICRS,180.0,5:35:26.157,24:02:26.83,2000.0,NS_IR,-0.12,1.182,32.25082,283.91711,57.74918,Nasmyth-IR,OFF,IR,27.2,621.8,271.15,5.2,1.0,10000.0,750.0,0.0,100000.0,10000.0,0.0,2.0,1.0,4.0,1.0,/mnt/data/20220128/,HD36819_08_20220128_675-50_EmptySlot_0,0,50.0,152.0,165.0,675-50,EmptySlot,1.0,T,IN,159.752,157.74904,+24:02:23,1.0,ADI,-39.0,163.025,05:35:27.1,SYNC,SCEXAO,348.72,35708928.0,MIRROR,152.63,15629312.0,OPEN,13.0,100.0,10.6,0.0,93.3861,+24:02:22.52,ADI,-128.345,-39.0,05:35:27.130,TRACK,0.0,ao188cmtx.oct,10.0,1.0,1.0,0.0,ON,0.0,0.01,0.0,ao188ttctrl.oct,0.001,0.0,2022-01-28T09:46:26,2,VMPA00016905,iXon Ultra 897 - VAMPIRES 1.0,50.0,0.0,HWP(NIR),45,7.49,90.51850108922228,90.49030134991126,90.50439505424674,11.90439505424675,2,128.5,128.5,0.97849316467778,0.20627924442093,-0.20627924442093,0.97849316467778,-1.7333333333333e-06,1.7333333333333e-06,deg,deg,RA---TAN,DEC--TAN,83.8589875,24.040786111111,24.040786111111,0.0,master_dark_em50_00010ms_256x256_cam1.fits,median,gaussian,22254.45959796292,182.6955390460954,182.4590691077777,1645468.132198486,30,18.2200870513916,3319109.5,28734.015625,182.0,183.0,28734.015625,1136782.303687707,0,0.0,0.0,0.0,0.0,0,0,116.0,75,none,,,0,2569611.8923130035,2569611.8923130035,1603.0009021560168,1603.0009021560168,0.0,,
VDATA20220128A_00000762_calib_collapsed_analyzed.fits,True,-32,2,366,366,2022-01-28,HD36819,09:46:13.914,09:46:21.877,09:46:05.950,23:46:13.921,23:46:21.884,23:46:05.958,59607.407095,59607.407188,59607.407002,VTMP00000762,0.01,ACQUISITION,NAOJ,Subaru,VAMPIRES,UTC,o21156,"""[Summit] Millar-Blancher, Zhang [Hilo] Guyon, Deo, Vievard, Ah""",Observation,IMAG_POL,ICRS,180.0,5:35:26.157,24:02:26.83,2000.0,NS_IR,-0.12,1.182,32.25082,283.91711,57.74918,Nasmyth-IR,OFF,IR,27.2,621.8,271.15,5.2,2.0,10000.0,750.0,0.0,100000.0,10000.0,0.0,2.0,1.0,4.0,1.0,/mnt/data/20220128/,HD36819_08_20220128_675-50_EmptySlot_0,0,50.0,152.0,165.0,675-50,EmptySlot,1.0,T,IN,159.752,157.74904,+24:02:23,1.0,ADI,-39.0,163.025,05:35:27.1,SYNC,SCEXAO,348.72,35708928.0,MIRROR,152.63,15629312.0,OPEN,13.0,100.0,10.6,0.0,93.3861,+24:02:22.52,ADI,-128.345,-39.0,05:35:27.130,TRACK,0.0,ao188cmtx.oct,10.0,1.0,1.0,0.0,ON,0.0,0.01,0.0,ao188ttctrl.oct,0.001,0.0,2022-01-28T09:46:30,1,VMPA00016907,iXon Ultra 897 - VAMPIRES 2.0,50.0,0.0,HWP(NIR),45,7.49,90.51850108922228,90.49030134991126,90.50439505424674,11.90439505424675,2,128.5,128.5,0.97849316467778,0.20627924442093,-0.20627924442093,0.97849316467778,-1.7333333333333e-06,1.7333333333333e-06,deg,deg,RA---TAN,DEC--TAN,83.8589875,24.040786111111,24.040786111111,0.0,master_dark_em50_00010ms_256x256_cam2.fits,median,gaussian,28365.31137218178,182.7564062877672,182.4034512268114,2211363.563988647,30,23.14972114562988,4371554.5,37148.0859375,182.0,183.0,37148.0859375,1524509.8898350273,0,0.0,0.0,0.0,0.0,0,0,115.0,75,none,,,0,3439537.3590888977,3439537.3590888977,1854.5989752744117,1854.5989752744115,0.0,,
VDATA20220128A_00000763_calib_collapsed_analyzed.fits,True,-32,2,366,366,2022-01-28,HD36819,09:46:13.914,09:46:21.877,09:46:05.950,23:46:13.921,23:46:21.884,23:46:05.958,59607.407095,59607.407188,59607.407002,VTMP00000763,0.01,ACQUISITION,NAOJ,Subaru,VAMPIRES,UTC,o21156,"""[Summit] Millar-Blancher, Zhang [Hilo] Guyon, Deo, Vievard, Ah""",Observation,IMAG_POL,ICRS,180.0,5:35:26.157,24:02:26.83,2000.0,NS_IR,-0.12,1.182,32.25082,283.91711,57.74918,Nasmyth-IR,OFF,IR,27.2,621.8,271.15,5.2,2.0,10000.0,750.0,0.0,100000.0,10000.0,0.0,2.0,1.0,4.0,1.0,/mnt/data/20220128/,HD36819_08_20220128_675-50_EmptySlot_0,0,50.0,152.0,165.0,675-50,EmptySlot,1.0,T,IN,159.752,157.74904,+24:02:23,1.0,ADI,-39.0,163.025,05:35:27.1,SYNC,SCEXAO,348.72,35708928.0,MIRROR,152.63,15629312.0,OPEN,13.0,100.0,10.6,0.0,93.3861,+24:02:22.52,ADI,-128.345,-39.0,05:35:27.130,TRACK,0.0,ao188cmtx.oct,10.0,1.0,1.0,0.0,ON,0.0,0.01,0.0,ao188ttctrl.oct,0.001,0.0,2022-01-28T09:46:30,2,VMPA00016907,iXon Ultra 897 - VAMPIRES 2.0,50.0,0.0,HWP(NIR),45,7.49,90.51850108922228,90.49030134991126,90.50439505424674,11.90439505424675,2,128.5,128.5,0.97849316467778,0.20627924442093,-0.20627924442093,0.97849316467778,-1.7333333333333e-06,1.7333333333333e-06,deg,deg,RA---TAN,DEC--TAN,83.8589875,24.040786111111,24.040786111111,0.0,master_dark_em50_00010ms_256x256_cam2.fits,median,gaussian,27138.36969407973,182.7629853720254,182.4134073995511,2179711.383920289,30,23.01947975158691,4321887.0,35760.9375,182.0,183.0,35760.9375,1500959.1704053727,0,0.0,0.0,0.0,0.0,0,0,114.0,75,none,,,0,3393692.668888092,3393692.668888092,1842.197782239489,1842.1977822394892,0.0,,
VDATA20220128A_00000764_calib_collapsed_analyzed.fits,True,-32,2,366,366,2022-01-28,HD36819,09:46:56.077,09:47:03.994,09:46:48.159,23:46:56.083,23:47:04.001,23:46:48.164,59607.4075925,59607.407685,59607.4075,VTMP00000764,0.01,ACQUISITION,NAOJ,Subaru,VAMPIRES,UTC,o21156,"""[Summit] Millar-Blancher, Zhang [Hilo] Guyon, Deo, Vievard, Ah""",Observation,IMAG_POL,ICRS,180.0,5:35:26.161,24:02:26.81,2000.0,NS_IR,-0.12,1.184,32.41103,283.9139,57.58897,Nasmyth-IR,OFF,IR,27.3,621.8,271.15,5.2,1.0,10000.0,750.0,0.0,100000.0,10000.0,45.0,2.0,1.0,4.0,2.0,/mnt/data/20220128/,HD36819_08_20220128_675-50_EmptySlot_0,1,50.0,152.0,165.0,675-50,EmptySlot,1.0,T,IN,159.87305,157.86905,+24:02:23,1.0,ADI,-39.0,163.025,05:35:27.1,SYNC,SCEXAO,348.72,35708928.0,MIRROR,152.63,15629312.0,OPEN,13.0,100.0,10.6,0.0,93.29172,+24:02:22.52,ADI,-128.419,-39.0,05:35:27.130,TRACK,0.0,ao188cmtx.oct,10.0,1.0,1.0,0.0,ON,0.0,0.01,0.0,ao188ttctrl.oct,0.001,0.0,2022-01-28T09:47:08,1,VMPA00016907,iXon Ultra 897 - VAMPIRES 1.0,50.0,45.0,HWP(NIR),45,7.49,90.44310710751373,90.41518908660768,90.42914210082157,11.82914210082157,2,128.5,128.5,0.9787632502205,0.20499390239176,-0.20499390239176,0.9787632502205,-1.7333333333333e-06,1.7333333333333e-06,deg,deg,RA---TAN,DEC--TAN,83.859004166667,24.040780555556,24.040780555556,0.0,master_dark_em50_00010ms_256x256_cam1.fits,median,gaussian,20546.47956941599,182.5793790101192,182.4591847843697,1520677.244587097,30,19.22451782226562,3284511.0,25167.478515625,182.0,183.0,25167.478515625,1009602.0189466616,"(0.03492055429796051, 0.0)",0.016250069337483287,-0.14415263108729653,0.0,0.0,0,0,116.0,75,none,,,0,2500588.273475647,2500588.273475647,1581.3248475489302,1581.32484754893,0.0002958830881353817,,
VDATA20220128A_00000765_calib_collapsed_analyzed.fits,True,-32,2,366,366,2022-01-28,HD36819,09:46:56.077,09:47:03.994,09:46:48.159,23:46:56.083,23:47:04.001,23:46:48.164,59607.4075925,59607.407685,59607.4075,VTMP00000765,0.01,ACQUISITION,NAOJ,Subaru,VAMPIRES,UTC,o21156,"""[Summit] Millar-Blancher, Zhang [Hilo] Guyon, Deo, Vievard, Ah""",Observation,IMAG_POL,ICRS,180.0,5:35:26.161,24:02:26.81,2000.0,NS_IR,-0.12,1.184,32.41103,283.9139,57.58897,Nasmyth-IR,OFF,IR,27.3,621.8,271.15,5.2,1.0,10000.0,750.0,0.0,100000.0,10000.0,45.0,2.0,1.0,4.0,2.0,/mnt/data/20220128/,HD36819_08_20220128_675-50_EmptySlot_0,1,50.0,152.0,165.0,675-50,EmptySlot,1.0,T,IN,159.87305,157.86905,+24:02:23,1.0,ADI,-39.0,163.025,05:35:27.1,SYNC,SCEXAO,348.72,35708928.0,MIRROR,152.63,15629312.0,OPEN,13.0,100.0,10.6,0.0,93.29172,+24:02:22.52,ADI,-128.419,-39.0,05:35:27.130,TRACK,0.0,ao188cmtx.oct,10.0,1.0,1.0,0.0,ON,0.0,0.01,0.0,ao188ttctrl.oct,0.001,0.0,2022-01-28T09:47:08,2,VMPA00016907,iXon Ultra 897 - VAMPIRES 1.0,50.0,45.0,HWP(NIR),45,7.49,90.44310710751373,90.41518908660768,90.42914210082157,11.82914210082157,2,128.5,128.5,0.9787632502205,0.20499390239176,-0.20499390239176,0.9787632502205,-1.7333333333333e-06,1.7333333333333e-06,deg,deg,RA---TAN,DEC--TAN,83.859004166667,24.040780555556,24.040780555556,0.0,master_dark_em50_00010ms_256x256_cam1.fits,median,gaussian,19347.25883666429,182.585569621531,182.4970072246162,1448664.536161195,30,18.4998779296875,3152915.0,23798.275390625,182.0,183.0,23798.275390625,962510.1923235696,0,0.0,0.0,0.0,0.0,0,0,116.0,75,none,,,0,2386062.9334278107,2386062.9334278107,1544.6886202169712,1544.6886202169715,0.0,,
VDATA20220128A_00000766_calib_collapsed_analyzed.fits,True,-32,2,366,366,2022-01-28,HD36819,09:46:56.077,09:47:03.994,09:46:48.159,23:46:56.083,23:47:04.001,23:46:48.164,59607.4075925,59607.407685,59607.4075,VTMP00000766,0.01,ACQUISITION,NAOJ,Subaru,VAMPIRES,UTC,o21156,"""[Summit] Millar-Blancher, Zhang [Hilo] Guyon, Deo, Vievard, Ah""",Observation,IMAG_POL,ICRS,180.0,5:35:26.161,24:02:26.81,2000.0,NS_IR,-0.12,1.184,32.41103,283.9139,57.58897,Nasmyth-IR,OFF,IR,27.3,621.8,271.15,5.2,2.0,10000.0,750.0,0.0,100000.0,10000.0,45.0,2.0,1.0,4.0,2.0,/mnt/data/20220128/,HD36819_08_20220128_675-50_EmptySlot_0,1,50.0,152.0,165.0,675-50,EmptySlot,1.0,T,IN,159.87305,157.86905,+24:02:23,1.0,ADI,-39.0,163.025,05:35:27.1,SYNC,SCEXAO,348.72,35708928.0,MIRROR,152.63,15629312.0,OPEN,13.0,100.0,10.6,0.0,93.29172,+24:02:22.52,ADI,-128.419,-39.0,05:35:27.130,TRACK,0.0,ao188cmtx.oct,10.0,1.0,1.0,0.0,ON,0.0,0.01,0.0,ao188ttctrl.oct,0.001,0.0,2022-01-28T09:47:12,1,VMPA00016911,iXon Ultra 897 - VAMPIRES 2.0,50.0,45.0,HWP(NIR),45,7.49,90.44310710751373,90.41518908660768,90.42914210082157,11.82914210082157,2,128.5,128.5,0.9787632502205,0.20499390239176,-0.20499390239176,0.9787632502205,-1.7333333333333e-06,1.7333333333333e-06,deg,deg,RA---TAN,DEC--TAN,83.859004166667,24.040780555556,24.040780555556,0.0,master_dark_em50_00010ms_256x256_cam2.fits,median,gaussian,25056.63465183484,182.6739939675545,182.449491680195,1971565.160715943,30,23.83838081359863,4184278.25,31601.23828125,182.0,183.0,31601.23828125,1305792.696473476,0,0.0,0.0,0.0,0.0,0,0,114.0,75,none,,,0,3230876.442188263,3230876.442188263,1797.4638917620189,1797.463891762019,0.0,,
VDATA20220128A_00000767_calib_collapsed_analyzed.fits,True,-32,2,366,366,2022-01-28,HD36819,09:46:56.077,09:47:03.994,09:46:48.159,23:46:56.083,23:47:04.001,23:46:48.164,59607.4075925,59607.407685,59607.4075,VTMP00000767,0.01,ACQUISITION,NAOJ,Subaru,VAMPIRES,UTC,o21156,"""[Summit] Millar-Blancher, Zhang [Hilo] Guyon, Deo, Vievard, Ah""",Observation,IMAG_POL,ICRS,180.0,5:35:26.161,24:02:26.81,2000.0,NS_IR,-0.12,1.184,32.41103,283.9139,57.58897,Nasmyth-IR,OFF,IR,27.3,621.8,271.15,5.2,2.0,10000.0,750.0,0.0,100000.0,10000.0,45.0,2.0,1.0,4.0,2.0,/mnt/data/20220128/,HD36819_08_20220128_675-50_EmptySlot_0,1,50.0,152.0,165.0,675-50,EmptySlot,1.0,T,IN,159.87305,157.86905,+24:02:23,1.0,ADI,-39.0,163.025,05:35:27.1,SYNC,SCEXAO,348.72,35708928.0,MIRROR,152.63,15629312.0,OPEN,13.0,100.0,10.6,0.0,93.29172,+24:02:22.52,ADI,-128.419,-39.0,05:35:27.130,TRACK,0.0,ao188cmtx.oct,10.0,1.0,1.0,0.0,ON,0.0,0.01,0.0,ao188ttctrl.oct,0.001,0.0,2022-01-28T09:47:12,2,VMPA00016911,iXon Ultra 897 - VAMPIRES 2.0,50.0,45.0,HWP(NIR),45,7.49,90.44310710751373,90.41518908660768,90.42914210082157,11.82914210082157,2,128.5,128.5,0.9787632502205,0.20499390239176,-0.20499390239176,0.9787632502205,-1.7333333333333e-06,1.7333333333333e-06,deg,deg,RA---TAN,DEC--TAN,83.859004166667,24.040780555556,24.040780555556,0.0,master_dark_em50_00010ms_256x256_cam2.fits,median,gaussian,25263.30627323169,182.6823389838307,182.4525212420465,2015861.396704712,30,24.05471420288086,4274866.5,31892.005859375,182.0,183.0,31892.005859375,1336963.0358979008,0,0.0,0.0,0.0,0.0,0,0,114.0,75,none,,,0,3301917.883846283,3301917.883846283,1817.118015937953,1817.118015937953,0.0,,
VDATA20220128A_00000768_calib_collapsed_analyzed.fits,True,-32,2,366,366,2022-01-28,HD36819,09:47:25.575,09:47:33.495,09:47:17.654,23:47:25.583,23:47:33.504,23:47:17.661,59607.4079285,59607.408021,59607.407836,VTMP00000768,0.01,ACQUISITION,NAOJ,Subaru,VAMPIRES,UTC,o21156,"""[Summit] Millar-Blancher, Zhang [Hilo] Guyon, Deo, Vievard, Ah""",Observation,IMAG_POL,ICRS,180.0,5:35:26.161,24:02:26.66,2000.0,NS_IR,-0.12,1.186,32.52396,283.91181,57.47604,Nasmyth-IR,OFF,IR,27.0,621.8,271.15,5.3,1.0,10000.0,750.0,0.0,100000.0,10000.0,22.5,2.0,1.0,4.0,3.0,/mnt/data/20220128/,HD36819_08_20220128_675-50_EmptySlot_0,2,50.0,152.0,165.0,675-50,EmptySlot,1.0,T,IN,159.95799,157.95798,+24:02:23,1.0,ADI,-39.0,163.025,05:35:27.1,SYNC,SCEXAO,348.72,35708928.0,MIRROR,152.63,15629312.0,OPEN,13.0,100.0,10.6,0.0,93.24112,+24:02:22.52,ADI,-128.47,-39.0,05:35:27.130,TRACK,0.0,ao188cmtx.oct,10.0,1.0,1.0,0.0,ON,0.0,0.01,0.0,ao188ttctrl.oct,0.001,0.0,2022-01-28T09:47:38,1,VMPA00016913,iXon Ultra 897 - VAMPIRES 1.0,50.0,22.5,HWP(NIR),45,7.49,90.39237268148312,90.36454143863055,90.37845113139868,11.7784511313987,2,128.5,128.5,0.97894423023008,0.20412788662806,-0.20412788662806,0.97894423023008,-1.7333333333333e-06,1.7333333333333e-06,deg,deg,RA---TAN,DEC--TAN,83.859004166667,24.040738888889,24.040738888889,0.0,master_dark_em50_00010ms_256x256_cam1.fits,median,gaussian,22467.10514402551,182.554091867932,182.4646806801547,1572359.803305054,30,19.39161109924316,3356810.75,26260.96484375,182.0,182.0,26260.96484375,1045062.9451798274,"(0.037531051632428064, 0.0)",0.017397774515840913,-0.13987941957313338,0.0,0.0,0,0,116.0,75,none,,,0,2572468.299369812,2572468.299369812,1603.891610854615,1603.8916108546152,0.00029265127628307004,,
VDATA20220128A_00000769_calib_collapsed_analyzed.fits,True,-32,2,366,366,2022-01-28,HD36819,09:47:25.575,09:47:33.495,09:47:17.654,23:47:25.583,23:47:33.504,23:47:17.661,59607.4079285,59607.408021,59607.407836,VTMP00000769,0.01,ACQUISITION,NAOJ,Subaru,VAMPIRES,UTC,o21156,"""[Summit] Millar-Blancher, Zhang [Hilo] Guyon, Deo, Vievard, Ah""",Observation,IMAG_POL,ICRS,180.0,5:35:26.161,24:02:26.66,2000.0,NS_IR,-0.12,1.186,32.52396,283.91181,57.47604,Nasmyth-IR,OFF,IR,27.0,621.8,271.15,5.3,1.0,10000.0,750.0,0.0,100000.0,10000.0,22.5,2.0,1.0,4.0,3.0,/mnt/data/20220128/,HD36819_08_20220128_675-50_EmptySlot_0,2,50.0,152.0,165.0,675-50,EmptySlot,1.0,T,IN,159.95799,157.95798,+24:02:23,1.0,ADI,-39.0,163.025,05:35:27.1,SYNC,SCEXAO,348.72,35708928.0,MIRROR,152.63,15629312.0,OPEN,13.0,100.0,10.6,0.0,93.24112,+24:02:22.52,ADI,-128.47,-39.0,05:35:27.130,TRACK,0.0,ao188cmtx.oct,10.0,1.0,1.0,0.0,ON,0.0,0.01,0.0,ao188ttctrl.oct,0.001,0.0,2022-01-28T09:47:38,2,VMPA00016913,iXon Ultra 897 - VAMPIRES 1.0,50.0,22.5,HWP(NIR),45,7.49,90.39237268148312,90.36454143863055,90.37845113139868,11.7784511313987,2,128.5,128.5,0.97894423023008,0.20412788662806,-0.20412788662806,0.97894423023008,-1.7333333333333e-06,1.7333333333333e-06,deg,deg,RA---TAN,DEC--TAN,83.859004166667,24.040738888889,24.040738888889,0.0,master_dark_em50_00010ms_256x256_cam1.fits,median,gaussian,20986.5378697081,182.5859302107856,182.4725296025995,1492038.871931763,30,18.89958381652832,3202953.75,24669.251953125,182.0,183.0,24669.251953125,991577.4426847805,0,0.0,0.0,0.0,0.0,0,0,115.0,75,none,,,0,2447454.352344513,2447454.352344513,1564.4341955942132,1564.4341955942132,0.0,,
VDATA20220128A_00000770_calib_collapsed_analyzed.fits,True,-32,2,366,366,2022-01-28,HD36819,09:47:25.575,09:47:33.495,09:47:17.654,23:47:25.583,23:47:33.504,23:47:17.661,59607.4079285,59607.408021,59607.407836,VTMP00000770,0.01,ACQUISITION,NAOJ,Subaru,VAMPIRES,UTC,o21156,"""[Summit] Millar-Blancher, Zhang [Hilo] Guyon, Deo, Vievard, Ah""",Observation,IMAG_POL,ICRS,180.0,5:35:26.161,24:02:26.66,2000.0,NS_IR,-0.12,1.186,32.52396,283.91181,57.47604,Nasmyth-IR,OFF,IR,27.0,621.8,271.15,5.3,2.0,10000.0,750.0,0.0,100000.0,10000.0,22.5,2.0,1.0,4.0,3.0,/mnt/data/20220128/,HD36819_08_20220128_675-50_EmptySlot_0,2,50.0,152.0,165.0,675-50,EmptySlot,1.0,T,IN,159.95799,157.95798,+24:02:23,1.0,ADI,-39.0,163.025,05:35:27.1,SYNC,SCEXAO,348.72,35708928.0,MIRROR,152.63,15629312.0,OPEN,13.0,100.0,10.6,0.0,93.24112,+24:02:22.52,ADI,-128.47,-39.0,05:35:27.130,TRACK,0.0,ao188cmtx.oct,10.0,1.0,1.0,0.0,ON,0.0,0.01,0.0,ao188ttctrl.oct,0.001,0.0,2022-01-28T09:47:42,1,VMPA00016915,iXon Ultra 897 - VAMPIRES 2.0,50.0,22.5,HWP(NIR),45,7.49,90.39237268148312,90.36454143863055,90.37845113139868,11.7784511313987,2,128.5,128.5,0.97894423023008,0.20412788662806,-0.20412788662806,0.97894423023008,-1.7333333333333e-06,1.7333333333333e-06,deg,deg,RA---TAN,DEC--TAN,83.859004166667,24.040738888889,24.040738888889,0.0,master_dark_em50_00010ms_256x256_cam2.fits,median,gaussian,26535.00667787939,182.6323062648844,182.4393575018021,2014499.502369384,30,23.8380069732666,4231453.5,32421.369140625,182.0,183.0,32421.369140625,1336819.6926514038,0,0.0,0.0,0.0,0.0,0,0,114.0,75,none,,,0,3287308.053741455,3287308.053741455,1813.0935038605855,1813.0935038605855,0.0,,
VDATA20220128A_00000771_calib_collapsed_analyzed.fits,True,-32,2,366,366,2022-01-28,HD36819,09:47:25.575,09:47:33.495,09:47:17.654,23:47:25.583,23:47:33.504,23:47:17.661,59607.4079285,59607.408021,59607.407836,VTMP00000771,0.01,ACQUISITION,NAOJ,Subaru,VAMPIRES,UTC,o21156,"""[Summit] Millar-Blancher, Zhang [Hilo] Guyon, Deo, Vievard, Ah""",Observation,IMAG_POL,ICRS,180.0,5:35:26.161,24:02:26.66,2000.0,NS_IR,-0.12,1.186,32.52396,283.91181,57.47604,Nasmyth-IR,OFF,IR,27.0,621.8,271.15,5.3,2.0,10000.0,750.0,0.0,100000.0,10000.0,22.5,2.0,1.0,4.0,3.0,/mnt/data/20220128/,HD36819_08_20220128_675-50_EmptySlot_0,2,50.0,152.0,165.0,675-50,EmptySlot,1.0,T,IN,159.95799,157.95798,+24:02:23,1.0,ADI,-39.0,163.025,05:35:27.1,SYNC,SCEXAO,348.72,35708928.0,MIRROR,152.63,15629312.0,OPEN,13.0,100.0,10.6,0.0,93.24112,+24:02:22.52,ADI,-128.47,-39.0,05:35:27.130,TRACK,0.0,ao188cmtx.oct,10.0,1.0,1.0,0.0,ON,0.0,0.01,0.0,ao188ttctrl.oct,0.001,0.0,2022-01-28T09:47:42,2,VMPA00016915,iXon Ultra 897 - VAMPIRES 2.0,50.0,22.5,HWP(NIR),45,7.49,90.39237268148312,90.36454143863055,90.37845113139868,11.7784511313987,2,128.5,128.5,0.97894423023008,0.20412788662806,-0.20412788662806,0.97894423023008,-1.7333333333333e-06,1.7333333333333e-06,deg,deg,RA---TAN,DEC--TAN,83.859004166667,24.040738888889,24.040738888889,0.0,master_dark_em50_00010ms_256x256_cam2.fits,median,gaussian,26758.8980783376,182.6673923065088,182.440205329313,2064268.264045409,30,24.2802562713623,4321750.0,32868.03125,182.0,183.0,32868.03125,1369380.3323720726,0,0.0,0.0,0.0,0.0,0,0,113.0,75,none,,,0,3365371.4062690735,3365371.4062690735,1834.4948640617868,1834.4948640617868,0.0,,
VDATA20220128A_00000772_calib_collapsed_analyzed.fits,True,-32,2,366,366,2022-01-28,HD36819,09:47:58.131,09:48:06.095,09:47:50.167,23:47:58.138,23:48:06.102,23:47:50.173,59607.4083105,59607.408403,59607.408218,VTMP00000772,0.01,ACQUISITION,NAOJ,Subaru,VAMPIRES,UTC,o21156,"""[Summit] Millar-Blancher, Zhang [Hilo] Guyon, Deo, Vievard, Ah""",Observation,IMAG_POL,ICRS,180.0,5:35:26.154,24:02:26.59,2000.0,NS_IR,-0.12,1.187,32.64721,283.9098,57.35279,Nasmyth-IR,OFF,IR,26.8,621.8,271.15,5.3,1.0,10000.0,750.0,0.0,100000.0,10000.0,67.5,2.0,1.0,4.0,4.0,/mnt/data/20220128/,HD36819_08_20220128_675-50_EmptySlot_0,3,50.0,152.0,165.0,675-50,EmptySlot,1.0,T,IN,160.05396,158.04996,+24:02:23,1.0,ADI,-39.0,163.025,05:35:27.1,SYNC,SCEXAO,348.72,35708928.0,MIRROR,152.63,15629312.0,OPEN,13.0,100.0,10.6,0.0,93.18917,+24:02:22.52,ADI,-128.53,-39.0,05:35:27.130,TRACK,0.0,ao188cmtx.oct,10.0,1.0,1.0,0.0,ON,0.0,0.01,0.0,ao188ttctrl.oct,0.001,0.0,2022-01-28T09:48:10,1,VMPA00016917,iXon Ultra 897 - VAMPIRES 1.0,50.0,67.5,HWP(NIR),45,7.49,90.33491471529383,90.30718085697764,90.3210419338484,11.72104193384841,2,128.5,128.5,0.97914827074552,0.20314690225564,-0.20314690225564,0.97914827074552,-1.7333333333333e-06,1.7333333333333e-06,deg,deg,RA---TAN,DEC--TAN,83.858975,24.040719444444,24.040719444444,0.0,master_dark_em50_00010ms_256x256_cam1.fits,median,gaussian,13192.92762425751,182.6412140796951,182.5340168139287,1369553.688485106,30,20.37640190124512,3204927.0,18009.87109375,182.0,183.0,18009.87109375,877666.0202476826,"(-0.0005523531545453264, 0.0)",-0.0015545200379044463,-0.13747623259911113,0.0,0.0,0,0,116.0,75,none,,,0,2368993.702726364,2368993.702726364,1539.1535669732127,1539.1535669732127,0.00030279782027571014,,
VDATA20220128A_00000773_calib_collapsed_analyzed.fits,True,-32,2,366,366,2022-01-28,HD36819,09:47:58.131,09:48:06.095,09:47:50.167,23:47:58.138,23:48:06.102,23:47:50.173,59607.4083105,59607.408403,59607.408218,VTMP00000773,0.01,ACQUISITION,NAOJ,Subaru,VAMPIRES,UTC,o21156,"""[Summit] Millar-Blancher, Zhang [Hilo] Guyon, Deo, Vievard, Ah""",Observation,IMAG_POL,ICRS,180.0,5:35:26.154,24:02:26.59,2000.0,NS_IR,-0.12,1.187,32.64721,283.9098,57.35279,Nasmyth-IR,OFF,IR,26.8,621.8,271.15,5.3,1.0,10000.0,750.0,0.0,100000.0,10000.0,67.5,2.0,1.0,4.0,4.0,/mnt/data/20220128/,HD36819_08_20220128_675-50_EmptySlot_0,3,50.0,152.0,165.0,675-50,EmptySlot,1.0,T,IN,160.05396,158.04996,+24:02:23,1.0,ADI,-39.0,163.025,05:35:27.1,SYNC,SCEXAO,348.72,35708928.0,MIRROR,152.63,15629312.0,OPEN,13.0,100.0,10.6,0.0,93.18917,+24:02:22.52,ADI,-128.53,-39.0,05:35:27.130,TRACK,0.0,ao188cmtx.oct,10.0,1.0,1.0,0.0,ON,0.0,0.01,0.0,ao188ttctrl.oct,0.001,0.0,2022-01-28T09:48:10,2,VMPA00016917,iXon Ultra 897 - VAMPIRES 1.0,50.0,67.5,HWP(NIR),45,7.49,90.33491471529383,90.30718085697764,90.3210419338484,11.72104193384841,2,128.5,128.5,0.97914827074552,0.20314690225564,-0.20314690225564,0.97914827074552,-1.7333333333333e-06,1.7333333333333e-06,deg,deg,RA---TAN,DEC--TAN,83.858975,24.040719444444,24.040719444444,0.0,master_dark_em50_00010ms_256x256_cam1.fits,median,gaussian,12697.54108925503,182.6334227116751,182.5131887145529,1347835.664904175,30,20.23523712158203,3159087.25,17485.47265625,182.0,183.0,17485.47265625,862554.202467853,0,0.0,0.0,0.0,0.0,0,0,116.0,75,none,,,0,2334651.3010616302,2334651.3010616302,1527.9565769555202,1527.95657695552,0.0,,
VDATA20220128A_00000774_calib_collapsed_analyzed.fits,True,-32,2,366,366,2022-01-28,HD36819,09:47:58.131,09:48:06.095,09:47:50.167,23:47:58.138,23:48:06.102,23:47:50.173,59607.4083105,59607.408403,59607.408218,VTMP00000774,0.01,ACQUISITION,NAOJ,Subaru,VAMPIRES,UTC,o21156,"""[Summit] Millar-Blancher, Zhang [Hilo] Guyon, Deo, Vievard, Ah""",Observation,IMAG_POL,ICRS,180.0,5:35:26.154,24:02:26.59,2000.0,NS_IR,-0.12,1.187,32.64721,283.9098,57.35279,Nasmyth-IR,OFF,IR,26.8,621.8,271.15,5.3,2.0,10000.0,750.0,0.0,100000.0,10000.0,67.5,2.0,1.0,4.0,4.0,/mnt/data/20220128/,HD36819_08_20220128_675-50_EmptySlot_0,3,50.0,152.0,165.0,675-50,EmptySlot,1.0,T,IN,160.05396,158.04996,+24:02:23,1.0,ADI,-39.0,163.025,05:35:27.1,SYNC,SCEXAO,348.72,35708928.0,MIRROR,152.63,15629312.0,OPEN,13.0,100.0,10.6,0.0,93.18917,+24:02:22.52,ADI,-128.53,-39.0,05:35:27.130,TRACK,0.0,ao188cmtx.oct,10.0,1.0,1.0,0.0,ON,0.0,0.01,0.0,ao188ttctrl.oct,0.001,0.0,2022-01-28T09:48:14,1,VMPA00016919,iXon Ultra 897 - VAMPIRES 2.0,50.0,67.5,HWP(NIR),45,7.49,90.33491471529383,90.30718085697764,90.3210419338484,11.72104193384841,2,128.5,128.5,0.97914827074552,0.20314690225564,-0.20314690225564,0.97914827074552,-1.7333333333333e-06,1.7333333333333e-06,deg,deg,RA---TAN,DEC--TAN,83.858975,24.040719444444,24.040719444444,0.0,master_dark_em50_00010ms_256x256_cam2.fits,median,gaussian,16425.82126045894,182.7592242236907,182.5087670124773,1815579.9331781,30,25.69245910644531,4167028.5,22971.064453125,182.0,183.0,22971.064453125,1161410.0086180652,0,0.0,0.0,0.0,0.0,0,0,115.0,75,none,,,0,3127177.221523285,3127177.221523285,1768.3826569844223,1768.3826569844223,0.0,,
VDATA20220128A_00000775_calib_collapsed_analyzed.fits,True,-32,2,366,366,2022-01-28,HD36819,09:47:58.131,09:48:06.095,09:47:50.167,23:47:58.138,23:48:06.102,23:47:50.173,59607.4083105,59607.408403,59607.408218,VTMP00000775,0.01,ACQUISITION,NAOJ,Subaru,VAMPIRES,UTC,o21156,"""[Summit] Millar-Blancher, Zhang [Hilo] Guyon, Deo, Vievard, Ah""",Observation,IMAG_POL,ICRS,180.0,5:35:26.154,24:02:26.59,2000.0,NS_IR,-0.12,1.187,32.64721,283.9098,57.35279,Nasmyth-IR,OFF,IR,26.8,621.8,271.15,5.3,2.0,10000.0,750.0,0.0,100000.0,10000.0,67.5,2.0,1.0,4.0,4.0,/mnt/data/20220128/,HD36819_08_20220128_675-50_EmptySlot_0,3,50.0,152.0,165.0,675-50,EmptySlot,1.0,T,IN,160.05396,158.04996,+24:02:23,1.0,ADI,-39.0,163.025,05:35:27.1,SYNC,SCEXAO,348.72,35708928.0,MIRROR,152.63,15629312.0,OPEN,13.0,100.0,10.6,0.0,93.18917,+24:02:22.52,ADI,-128.53,-39.0,05:35:27.130,TRACK,0.0,ao188cmtx.oct,10.0,1.0,1.0,0.0,ON,0.0,0.01,0.0,ao188ttctrl.oct,0.001,0.0,2022-01-28T09:48:14,2,VMPA00016919,iXon Ultra 897 - VAMPIRES 2.0,50.0,67.5,HWP(NIR),45,7.49,90.33491471529383,90.30718085697764,90.3210419338484,11.72104193384841,2,128.5,128.5,0.97914827074552,0.20314690225564,-0.20314690225564,0.97914827074552,-1.7333333333333e-06,1.7333333333333e-06,deg,deg,RA---TAN,DEC--TAN,83.858975,24.040719444444,24.040719444444,0.0,master_dark_em50_00010ms_256x256_cam2.fits,median,gaussian,15786.73323168841,182.729283037854,182.4819829185093,1784299.279249878,30,25.54659080505371,4091745.25,22078.154296875,182.0,183.0,22078.154296875,1140127.6343128437,0,0.0,0.0,0.008269430727990502,-0.00947614727687268,0,0,114.0,75,none,,,0,3075880.13249588,3075880.13249588,1753.8187285166846,1753.8187285166846,0.0,,
VDATA20220128A_00000776_calib_collapsed_analyzed.fits,True,-32,2,366,366,2022-01-28,HD36819,09:48:30.229,09:48:38.151,09:48:22.307,23:48:30.234,23:48:38.155,23:48:22.313,59607.4086805,59607.408773,59607.408588,VTMP00000776,0.01,ACQUISITION,NAOJ,Subaru,VAMPIRES,UTC,o21156,"""[Summit] Millar-Blancher, Zhang [Hilo] Guyon, Deo, Vievard, Ah""",Observation,IMAG_POL,ICRS,180.0,5:35:26.165,24:02:26.76,2000.0,NS_IR,-0.12,1.189,32.76964,283.90816,57.23036,Nasmyth-IR,OFF,IR,26.7,621.8,271.15,5.3,1.0,10000.0,750.0,0.0,100000.0,10000.0,0.0,2.0,2.0,4.0,1.0,/mnt/data/20220128/,HD36819_08_20220128_675-50_EmptySlot_0,4,50.0,152.0,165.0,675-50,EmptySlot,1.0,T,IN,160.14204,158.14203,+24:02:23,1.0,ADI,-39.0,163.025,05:35:27.1,SYNC,SCEXAO,348.72,35708928.0,MIRROR,152.63,15629312.0,OPEN,13.0,100.0,10.6,0.0,93.12922,+24:02:22.52,ADI,-128.584,-39.0,05:35:27.130,TRACK,0.0,ao188cmtx.oct,10.0,1.0,1.0,0.0,ON,0.0,0.01,0.0,ao188ttctrl.oct,0.001,0.0,2022-01-28T09:48:42,1,VMPA00016921,iXon Ultra 897 - VAMPIRES 1.0,50.0,0.0,HWP(NIR),45,7.49,90.27958531241792,90.25194429715732,90.26575902636787,11.66575902636788,2,128.5,128.5,0.97934382503425,0.20220205826668,-0.20220205826668,0.97934382503425,-1.7333333333333e-06,1.7333333333333e-06,deg,deg,RA---TAN,DEC--TAN,83.859020833333,24.040766666667,24.040766666667,0.0,master_dark_em50_00010ms_256x256_cam1.fits,median,gaussian,20214.68066249105,182.6396262934249,182.4244003410205,1573410.436882325,30,18.99564552307129,3291061.25,26370.71875,182.0,183.0,26370.71875,1069150.7975264625,"(0.003210197185276459, 0.0)",0.00013207865450232218,-0.1400983767825434,0.0,0.0,0,0,116.0,75,none,,,0,2524303.2369213104,2524303.2369213104,1588.8056007332395,1588.8056007332398,0.000292930409427521,,
VDATA20220128A_00000777_calib_collapsed_analyzed.fits,True,-32,2,366,366,2022-01-28,HD36819,09:48:30.229,09:48:38.151,09:48:22.307,23:48:30.234,23:48:38.155,23:48:22.313,59607.4086805,59607.408773,59607.408588,VTMP00000777,0.01,ACQUISITION,NAOJ,Subaru,VAMPIRES,UTC,o21156,"""[Summit] Millar-Blancher, Zhang [Hilo] Guyon, Deo, Vievard, Ah""",Observation,IMAG_POL,ICRS,180.0,5:35:26.165,24:02:26.76,2000.0,NS_IR,-0.12,1.189,32.76964,283.90816,57.23036,Nasmyth-IR,OFF,IR,26.7,621.8,271.15,5.3,1.0,10000.0,750.0,0.0,100000.0,10000.0,0.0,2.0,2.0,4.0,1.0,/mnt/data/20220128/,HD36819_08_20220128_675-50_EmptySlot_0,4,50.0,152.0,165.0,675-50,EmptySlot,1.0,T,IN,160.14204,158.14203,+24:02:23,1.0,ADI,-39.0,163.025,05:35:27.1,SYNC,SCEXAO,348.72,35708928.0,MIRROR,152.63,15629312.0,OPEN,13.0,100.0,10.6,0.0,93.12922,+24:02:22.52,ADI,-128.584,-39.0,05:35:27.130,TRACK,0.0,ao188cmtx.oct,10.0,1.0,1.0,0.0,ON,0.0,0.01,0.0,ao188ttctrl.oct,0.001,0.0,2022-01-28T09:48:42,2,VMPA00016921,iXon Ultra 897 - VAMPIRES 1.0,50.0,0.0,HWP(NIR),45,7.49,90.27958531241792,90.25194429715732,90.26575902636787,11.66575902636788,2,128.5,128.5,0.97934382503425,0.20220205826668,-0.20220205826668,0.97934382503425,-1.7333333333333e-06,1.7333333333333e-06,deg,deg,RA---TAN,DEC--TAN,83.859020833333,24.040766666667,24.040766666667,0.0,master_dark_em50_00010ms_256x256_cam1.fits,median,gaussian,19615.02732994011,182.6296327645692,182.4414222515859,1547598.322262268,30,18.7093620300293,3252347.75,25457.861328125,182.0,183.0,25457.861328125,1049811.3837046332,0,0.0,0.0,0.0,0.0,0,0,117.0,75,none,,,0,2486298.0810050964,2486298.0810050964,1576.799949583046,1576.7999495830459,0.0,,
VDATA20220128A_00000778_calib_collapsed_analyzed.fits,True,-32,2,366,366,2022-01-28,HD36819,09:48:30.229,09:48:38.151,09:48:22.307,23:48:30.234,23:48:38.155,23:48:22.313,59607.4086805,59607.408773,59607.408588,VTMP00000778,0.01,ACQUISITION,NAOJ,Subaru,VAMPIRES,UTC,o21156,"""[Summit] Millar-Blancher, Zhang [Hilo] Guyon, Deo, Vievard, Ah""",Observation,IMAG_POL,ICRS,180.0,5:35:26.165,24:02:26.76,2000.0,NS_IR,-0.12,1.189,32.76964,283.90816,57.23036,Nasmyth-IR,OFF,IR,26.7,621.8,271.15,5.3,2.0,10000.0,750.0,0.0,100000.0,10000.0,0.0,2.0,2.0,4.0,1.0,/mnt/data/20220128/,HD36819_08_20220128_675-50_EmptySlot_0,4,50.0,152.0,165.0,675-50,EmptySlot,1.0,T,IN,160.14204,158.14203,+24:02:23,1.0,ADI,-39.0,163.025,05:35:27.1,SYNC,SCEXAO,348.72,35708928.0,MIRROR,152.63,15629312.0,OPEN,13.0,100.0,10.6,0.0,93.12922,+24:02:22.52,ADI,-128.584,-39.0,05:35:27.130,TRACK,0.0,ao188cmtx.oct,10.0,1.0,1.0,0.0,ON,0.0,0.01,0.0,ao188ttctrl.oct,0.001,0.0,2022-01-28T09:48:46,1,VMPA00016923,iXon Ultra 897 - VAMPIRES 2.0,50.0,0.0,HWP(NIR),45,7.49,90.27958531241792,90.25194429715732,90.26575902636787,11.66575902636788,2,128.5,128.5,0.97934382503425,0.20220205826668,-0.20220205826668,0.97934382503425,-1.7333333333333e-06,1.7333333333333e-06,deg,deg,RA---TAN,DEC--TAN,83.859020833333,24.040766666667,24.040766666667,0.0,master_dark_em50_00010ms_256x256_cam2.fits,median,gaussian,24857.91433421895,182.7566519289151,182.4053001373581,2090783.997066651,30,23.91308212280273,4283295.5,33215.265625,182.0,183.0,33215.265625,1417028.8648201854,0,0.0,0.0,0.0,0.0,0,0,114.0,75,none,,,0,3339879.4597473145,3339879.4597473145,1827.5337096062865,1827.5337096062863,0.0,,
VDATA20220128A_00000779_calib_collapsed_analyzed.fits,True,-32,2,366,366,2022-01-28,HD36819,09:48:30.229,09:48:38.151,09:48:22.307,23:48:30.234,23:48:38.155,23:48:22.313,59607.4086805,59607.408773,59607.408588,VTMP00000779,0.01,ACQUISITION,NAOJ,Subaru,VAMPIRES,UTC,o21156,"""[Summit] Millar-Blancher, Zhang [Hilo] Guyon, Deo, Vievard, Ah""",Observation,IMAG_POL,ICRS,180.0,5:35:26.165,24:02:26.76,2000.0,NS_IR,-0.12,1.189,32.76964,283.90816,57.23036,Nasmyth-IR,OFF,IR,26.7,621.8,271.15,5.3,2.0,10000.0,750.0,0.0,100000.0,10000.0,0.0,2.0,2.0,4.0,1.0,/mnt/data/20220128/,HD36819_08_20220128_675-50_EmptySlot_0,4,50.0,152.0,165.0,675-50,EmptySlot,1.0,T,IN,160.14204,158.14203,+24:02:23,1.0,ADI,-39.0,163.025,05:35:27.1,SYNC,SCEXAO,348.72,35708928.0,MIRROR,152.63,15629312.0,OPEN,13.0,100.0,10.6,0.0,93.12922,+24:02:22.52,ADI,-128.584,-39.0,05:35:27.130,TRACK,0.0,ao188cmtx.oct,10.0,1.0,1.0,0.0,ON,0.0,0.01,0.0,ao188ttctrl.oct,0.001,0.0,2022-01-28T09:48:46,2,VMPA00016923,iXon Ultra 897 - VAMPIRES 2.0,50.0,0.0,HWP(NIR),45,7.49,90.27958531241792,90.25194429715732,90.26575902636787,11.66575902636788,2,128.5,128.5,0.97934382503425,0.20220205826668,-0.20220205826668,0.97934382503425,-1.7333333333333e-06,1.7333333333333e-06,deg,deg,RA---TAN,DEC--TAN,83.859020833333,24.040766666667,24.040766666667,0.0,master_dark_em50_00010ms_256x256_cam2.fits,median,gaussian,24512.0680894772,182.7675901786657,182.4142256387054,2067016.733837891,30,23.67362213134766,4245113.0,32769.12890625,182.0,183.0,32769.12890625,1400542.683254877,0,0.0,0.0,0.0,0.0,0,0,115.0,75,none,,,0,3303413.534511566,3303413.534511566,1817.5295140689095,1817.5295140689093,0.0,,
VDATA20220128A_00000780_calib_collapsed_analyzed.fits,True,-32,2,366,366,2022-01-28,HD36819,09:49:01.287,09:49:09.223,09:48:53.351,23:49:01.294,23:49:09.230,23:48:53.357,59607.4090395,59607.409132,59607.408947,VTMP00000780,0.01,ACQUISITION,NAOJ,Subaru,VAMPIRES,UTC,o21156,"""[Summit] Millar-Blancher, Zhang [Hilo] Guyon, Deo, Vievard, Ah""",Observation,IMAG_POL,ICRS,180.0,5:35:26.157,24:02:26.81,2000.0,NS_IR,-0.12,1.19,32.89023,283.9067,57.10977,Nasmyth-IR,OFF,IR,26.7,621.8,271.15,5.4,1.0,10000.0,750.0,0.0,100000.0,10000.0,45.0,2.0,2.0,4.0,2.0,/mnt/data/20220128/,HD36819_08_20220128_675-50_EmptySlot_0,5,50.0,152.0,165.0,675-50,EmptySlot,1.0,T,IN,160.23801,158.236,+24:02:23,1.0,ADI,-39.0,163.025,05:35:27.1,SYNC,SCEXAO,348.72,35708928.0,MIRROR,152.63,15629312.0,OPEN,13.0,100.0,10.6,0.0,93.06736,+24:02:22.52,ADI,-128.64,-39.0,05:35:27.130,TRACK,0.0,ao188cmtx.oct,10.0,1.0,1.0,0.0,ON,0.0,0.01,0.0,ao188ttctrl.oct,0.001,0.0,2022-01-28T09:49:14,1,VMPA00016925,iXon Ultra 897 - VAMPIRES 1.0,50.0,45.0,HWP(NIR),45,7.49,90.22599637640629,90.19844450776662,90.21221473285206,11.61221473285207,2,128.5,128.5,0.97953236007919,0.20128674958302,-0.20128674958302,0.97953236007919,-1.7333333333333e-06,1.7333333333333e-06,deg,deg,RA---TAN,DEC--TAN,83.8589875,24.040780555556,24.040780555556,0.0,master_dark_em50_00010ms_256x256_cam1.fits,median,gaussian,4937.31366889254,182.5593016239701,182.4595111542806,947963.6423419184,30,24.6273307800293,3035954.75,8027.44775390625,183.0,182.0,8027.44775390625,506855.5660969256,"(0.032855644742914664, 0.0)",0.01557482629782451,-0.13803282781732054,0.0,0.0,0,0,114.0,75,none,,,0,2025025.725566864,2025025.725566864,1423.033986089884,1423.033986089884,0.00032992130558796666,,
VDATA20220128A_00000781_calib_collapsed_analyzed.fits,True,-32,2,366,366,2022-01-28,HD36819,09:49:01.287,09:49:09.223,09:48:53.351,23:49:01.294,23:49:09.230,23:48:53.357,59607.4090395,59607.409132,59607.408947,VTMP00000781,0.01,ACQUISITION,NAOJ,Subaru,VAMPIRES,UTC,o21156,"""[Summit] Millar-Blancher, Zhang [Hilo] Guyon, Deo, Vievard, Ah""",Observation,IMAG_POL,ICRS,180.0,5:35:26.157,24:02:26.81,2000.0,NS_IR,-0.12,1.19,32.89023,283.9067,57.10977,Nasmyth-IR,OFF,IR,26.7,621.8,271.15,5.4,1.0,10000.0,750.0,0.0,100000.0,10000.0,45.0,2.0,2.0,4.0,2.0,/mnt/data/20220128/,HD36819_08_20220128_675-50_EmptySlot_0,5,50.0,152.0,165.0,675-50,EmptySlot,1.0,T,IN,160.23801,158.236,+24:02:23,1.0,ADI,-39.0,163.025,05:35:27.1,SYNC,SCEXAO,348.72,35708928.0,MIRROR,152.63,15629312.0,OPEN,13.0,100.0,10.6,0.0,93.06736,+24:02:22.52,ADI,-128.64,-39.0,05:35:27.130,TRACK,0.0,ao188cmtx.oct,10.0,1.0,1.0,0.0,ON,0.0,0.01,0.0,ao188ttctrl.oct,0.001,0.0,2022-01-28T09:49:14,2,VMPA00016925,iXon Ultra 897 - VAMPIRES 1.0,50.0,45.0,HWP(NIR),45,7.49,90.22599637640629,90.19844450776662,90.21221473285206,11.61221473285207,2,128.5,128.5,0.97953236007919,0.20128674958302,-0.20128674958302,0.97953236007919,-1.7333333333333e-06,1.7333333333333e-06,deg,deg,RA---TAN,DEC--TAN,83.8589875,24.040780555556,24.040780555556,0.0,master_dark_em50_00010ms_256x256_cam1.fits,median,gaussian,4691.544283263083,182.5096218296986,182.4598433541189,902830.1084472652,30,23.83622360229492,2919164.0,7688.2568359375,183.0,183.0,7688.2568359375,482831.06628444593,0,0.0,0.0,0.0,0.0,0,0,115.0,75,none,,,0,1933510.6871070862,1933510.6871070862,1390.5073488144844,1390.5073488144844,0.0,,
VDATA20220128A_00000782_calib_collapsed_analyzed.fits,True,-32,2,366,366,2022-01-28,HD36819,09:49:01.287,09:49:09.223,09:48:53.351,23:49:01.294,23:49:09.230,23:48:53.357,59607.4090395,59607.409132,59607.408947,VTMP00000782,0.01,ACQUISITION,NAOJ,Subaru,VAMPIRES,UTC,o21156,"""[Summit] Millar-Blancher, Zhang [Hilo] Guyon, Deo, Vievard, Ah""",Observation,IMAG_POL,ICRS,180.0,5:35:26.157,24:02:26.81,2000.0,NS_IR,-0.12,1.19,32.89023,283.9067,57.10977,Nasmyth-IR,OFF,IR,26.7,621.8,271.15,5.4,2.0,10000.0,750.0,0.0,100000.0,10000.0,45.0,2.0,2.0,4.0,2.0,/mnt/data/20220128/,HD36819_08_20220128_675-50_EmptySlot_0,5,50.0,152.0,165.0,675-50,EmptySlot,1.0,T,IN,160.23801,158.236,+24:02:23,1.0,ADI,-39.0,163.025,05:35:27.1,SYNC,SCEXAO,348.72,35708928.0,MIRROR,152.63,15629312.0,OPEN,13.0,100.0,10.6,0.0,93.06736,+24:02:22.52,ADI,-128.64,-39.0,05:35:27.130,TRACK,0.0,ao188cmtx.oct,10.0,1.0,1.0,0.0,ON,0.0,0.01,0.0,ao188ttctrl.oct,0.001,0.0,2022-01-28T09:49:18,1,VMPA00016927,iXon Ultra 897 - VAMPIRES 2.0,50.0,45.0,HWP(NIR),45,7.49,90.22599637640629,90.19844450776662,90.21221473285206,11.61221473285207,2,128.5,128.5,0.97953236007919,0.20128674958302,-0.20128674958302,0.97953236007919,-1.7333333333333e-06,1.7333333333333e-06,deg,deg,RA---TAN,DEC--TAN,83.8589875,24.040780555556,24.040780555556,0.0,master_dark_em50_00010ms_256x256_cam2.fits,median,gaussian,5727.674098193224,182.8161532087598,182.47962206072,1215440.351139527,30,30.53858947753906,3830189.5,9847.94140625,182.0,183.0,9847.94140625,646674.0118310605,0,0.0,0.0,0.0,0.0,0,0,114.0,75,none,,,0,2587407.3030586243,2587407.3030586243,1608.5419805086294,1608.5419805086296,0.0,,
VDATA20220128A_00000783_calib_collapsed_analyzed.fits,True,-32,2,366,366,2022-01-28,HD36819,09:49:01.287,09:49:09.223,09:48:53.351,23:49:01.294,23:49:09.230,23:48:53.357,59607.4090395,59607.409132,59607.408947,VTMP00000783,0.01,ACQUISITION,NAOJ,Subaru,VAMPIRES,UTC,o21156,"""[Summit] Millar-Blancher, Zhang [Hilo] Guyon, Deo, Vievard, Ah""",Observation,IMAG_POL,ICRS,180.0,5:35:26.157,24:02:26.81,2000.0,NS_IR,-0.12,1.19,32.89023,283.9067,57.10977,Nasmyth-IR,OFF,IR,26.7,621.8,271.15,5.4,2.0,10000.0,750.0,0.0,100000.0,10000.0,45.0,2.0,2.0,4.0,2.0,/mnt/data/20220128/,HD36819_08_20220128_675-50_EmptySlot_0,5,50.0,152.0,165.0,675-50,EmptySlot,1.0,T,IN,160.23801,158.236,+24:02:23,1.0,ADI,-39.0,163.025,05:35:27.1,SYNC,SCEXAO,348.72,35708928.0,MIRROR,152.63,15629312.0,OPEN,13.0,100.0,10.6,0.0,93.06736,+24:02:22.52,ADI,-128.64,-39.0,05:35:27.130,TRACK,0.0,ao188cmtx.oct,10.0,1.0,1.0,0.0,ON,0.0,0.01,0.0,ao188ttctrl.oct,0.001,0.0,2022-01-28T09:49:18,2,VMPA00016927,iXon Ultra 897 - VAMPIRES 2.0,50.0,45.0,HWP(NIR),45,7.49,90.22599637640629,90.19844450776662,90.21221473285206,11.61221473285207,2,128.5,128.5,0.97953236007919,0.20128674958302,-0.20128674958302,0.97953236007919,-1.7333333333333e-06,1.7333333333333e-06,deg,deg,RA---TAN,DEC--TAN,83.8589875,24.040780555556,24.040780555556,0.0,master_dark_em50_00010ms_256x256_cam2.fits,median,gaussian,5824.208733113022,182.8381088886874,182.4511213710491,1238763.271779785,30,31.17639923095703,3907182.75,10132.2060546875,182.0,183.0,10132.2060546875,658701.088374617,0,0.0,0.0,0.0,0.0,0,0,114.0,75,none,,,0,2638945.3158302307,2638945.3158302307,1624.483091888072,1624.4830918880723,0.0,,
VDATA20220128A_00000784_calib_collapsed_analyzed.fits,True,-32,2,366,366,2022-01-28,HD36819,09:50:00.778,09:50:08.713,09:49:52.842,23:50:00.785,23:50:08.720,23:49:52.849,59607.4097225,59607.409815,59607.40963,VTMP00000784,0.01,ACQUISITION,NAOJ,Subaru,VAMPIRES,UTC,o21156,"""[Summit] Millar-Blancher, Zhang [Hilo] Guyon, Deo, Vievard, Ah""",Observation,IMAG_POL,ICRS,180.0,5:35:26.165,24:02:26.57,2000.0,NS_IR,-0.12,1.193,33.11491,283.90439,56.88509,Nasmyth-IR,OFF,IR,26.7,621.8,271.15,5.4,1.0,10000.0,750.0,0.0,100000.0,10000.0,22.5,2.0,2.0,4.0,3.0,/mnt/data/20220128/,HD36819_08_20220128_675-50_EmptySlot_0,6,50.0,152.0,165.0,675-50,EmptySlot,1.0,T,IN,160.406,158.39601,+24:02:23,1.0,ADI,-39.0,163.025,05:35:27.1,SYNC,SCEXAO,348.72,35708928.0,MIRROR,152.63,15629312.0,OPEN,13.0,100.0,10.6,0.0,92.9539,+24:02:22.52,ADI,-128.742,-39.0,05:35:27.130,TRACK,0.0,ao188cmtx.oct,10.0,1.0,1.0,0.0,ON,0.0,0.01,0.0,ao188ttctrl.oct,0.001,0.0,2022-01-28T09:50:13,1,VMPA00016929,iXon Ultra 897 - VAMPIRES 1.0,50.0,22.5,HWP(NIR),45,7.49,90.1244157463032,90.09703078366164,90.11071768588974,11.51071768588974,2,128.5,128.5,0.97988739392886,0.19955123457224,-0.19955123457224,0.97988739392886,-1.7333333333333e-06,1.7333333333333e-06,deg,deg,RA---TAN,DEC--TAN,83.859020833333,24.040713888889,24.040713888889,0.0,master_dark_em50_00010ms_256x256_cam1.fits,median,gaussian,16350.50930195063,182.5756896602243,182.4799074322628,1369229.521047974,30,20.88696479797363,3251276.5,20241.1015625,182.0,183.0,20241.1015625,869778.8303639526,"(0.03852724575923465, 0.0)",0.017201331679182308,-0.1437351243137794,0.0,0.0,0,0,116.0,75,none,,,0,2400221.41522789,2400221.41522789,1549.2647982923675,1549.2647982923675,0.0003023085049903282,,
VDATA20220128A_00000785_calib_collapsed_analyzed.fits,True,-32,2,366,366,2022-01-28,HD36819,09:50:00.778,09:50:08.713,09:49:52.842,23:50:00.785,23:50:08.720,23:49:52.849,59607.4097225,59607.409815,59607.40963,VTMP00000785,0.01,ACQUISITION,NAOJ,Subaru,VAMPIRES,UTC,o21156,"""[Summit] Millar-Blancher, Zhang [Hilo] Guyon, Deo, Vievard, Ah""",Observation,IMAG_POL,ICRS,180.0,5:35:26.165,24:02:26.57,2000.0,NS_IR,-0.12,1.193,33.11491,283.90439,56.88509,Nasmyth-IR,OFF,IR,26.7,621.8,271.15,5.4,1.0,10000.0,750.0,0.0,100000.0,10000.0,22.5,2.0,2.0,4.0,3.0,/mnt/data/20220128/,HD36819_08_20220128_675-50_EmptySlot_0,6,50.0,152.0,165.0,675-50,EmptySlot,1.0,T,IN,160.406,158.39601,+24:02:23,1.0,ADI,-39.0,163.025,05:35:27.1,SYNC,SCEXAO,348.72,35708928.0,MIRROR,152.63,15629312.0,OPEN,13.0,100.0,10.6,0.0,92.9539,+24:02:22.52,ADI,-128.742,-39.0,05:35:27.130,TRACK,0.0,ao188cmtx.oct,10.0,1.0,1.0,0.0,ON,0.0,0.01,0.0,ao188ttctrl.oct,0.001,0.0,2022-01-28T09:50:13,2,VMPA00016929,iXon Ultra 897 - VAMPIRES 1.0,50.0,22.5,HWP(NIR),45,7.49,90.1244157463032,90.09703078366164,90.11071768588974,11.51071768588974,2,128.5,128.5,0.97988739392886,0.19955123457224,-0.19955123457224,0.97988739392886,-1.7333333333333e-06,1.7333333333333e-06,deg,deg,RA---TAN,DEC--TAN,83.859020833333,24.040713888889,24.040713888889,0.0,master_dark_em50_00010ms_256x256_cam1.fits,median,gaussian,15958.5142509131,182.5533150069523,182.5040062982189,1300356.388296508,30,19.98023223876953,3105210.25,19698.0,182.0,183.0,19698.0,825611.7337618922,0,0.0,0.0,0.0,0.0,0,0,115.0,75,none,,,0,2283045.194583893,2283045.194583893,1510.974915272882,1510.9749152728818,0.0,,
VDATA20220128A_00000786_calib_collapsed_analyzed.fits,True,-32,2,366,366,2022-01-28,HD36819,09:50:00.778,09:50:08.713,09:49:52.842,23:50:00.785,23:50:08.720,23:49:52.849,59607.4097225,59607.409815,59607.40963,VTMP00000786,0.01,ACQUISITION,NAOJ,Subaru,VAMPIRES,UTC,o21156,"""[Summit] Millar-Blancher, Zhang [Hilo] Guyon, Deo, Vievard, Ah""",Observation,IMAG_POL,ICRS,180.0,5:35:26.165,24:02:26.57,2000.0,NS_IR,-0.12,1.193,33.11491,283.90439,56.88509,Nasmyth-IR,OFF,IR,26.7,621.8,271.15,5.4,2.0,10000.0,750.0,0.0,100000.0,10000.0,22.5,2.0,2.0,4.0,3.0,/mnt/data/20220128/,HD36819_08_20220128_675-50_EmptySlot_0,6,50.0,152.0,165.0,675-50,EmptySlot,1.0,T,IN,160.406,158.39601,+24:02:23,1.0,ADI,-39.0,163.025,05:35:27.1,SYNC,SCEXAO,348.72,35708928.0,MIRROR,152.63,15629312.0,OPEN,13.0,100.0,10.6,0.0,92.9539,+24:02:22.52,ADI,-128.742,-39.0,05:35:27.130,TRACK,0.0,ao188cmtx.oct,10.0,1.0,1.0,0.0,ON,0.0,0.01,0.0,ao188ttctrl.oct,0.001,0.0,2022-01-28T09:50:16,1,VMPA00016931,iXon Ultra 897 - VAMPIRES 2.0,50.0,22.5,HWP(NIR),45,7.49,90.1244157463032,90.09703078366164,90.11071768588974,11.51071768588974,2,128.5,128.5,0.97988739392886,0.19955123457224,-0.19955123457224,0.97988739392886,-1.7333333333333e-06,1.7333333333333e-06,deg,deg,RA---TAN,DEC--TAN,83.859020833333,24.040713888889,24.040713888889,0.0,master_dark_em50_00010ms_256x256_cam2.fits,median,gaussian,19089.64328999164,182.6703363313428,182.4439947566397,1766871.681880494,30,25.96640777587891,4135035.75,25416.294921875,182.0,183.0,25416.294921875,1117246.1757863667,0,0.0,0.0,0.0,0.0,0,0,114.0,75,none,,,0,3092287.039878845,3092287.039878845,1758.4899885637237,1758.4899885637237,0.0,,
VDATA20220128A_00000787_calib_collapsed_analyzed.fits,True,-32,2,366,366,2022-01-28,HD36819,09:50:00.778,09:50:08.713,09:49:52.842,23:50:00.785,23:50:08.720,23:49:52.849,59607.4097225,59607.409815,59607.40963,VTMP00000787,0.01,ACQUISITION,NAOJ,Subaru,VAMPIRES,UTC,o21156,"""[Summit] Millar-Blancher, Zhang [Hilo] Guyon, Deo, Vievard, Ah""",Observation,IMAG_POL,ICRS,180.0,5:35:26.165,24:02:26.57,2000.0,NS_IR,-0.12,1.193,33.11491,283.90439,56.88509,Nasmyth-IR,OFF,IR,26.7,621.8,271.15,5.4,2.0,10000.0,750.0,0.0,100000.0,10000.0,22.5,2.0,2.0,4.0,3.0,/mnt/data/20220128/,HD36819_08_20220128_675-50_EmptySlot_0,6,50.0,152.0,165.0,675-50,EmptySlot,1.0,T,IN,160.406,158.39601,+24:02:23,1.0,ADI,-39.0,163.025,05:35:27.1,SYNC,SCEXAO,348.72,35708928.0,MIRROR,152.63,15629312.0,OPEN,13.0,100.0,10.6,0.0,92.9539,+24:02:22.52,ADI,-128.742,-39.0,05:35:27.130,TRACK,0.0,ao188cmtx.oct,10.0,1.0,1.0,0.0,ON,0.0,0.01,0.0,ao188ttctrl.oct,0.001,0.0,2022-01-28T09:50:16,2,VMPA00016931,iXon Ultra 897 - VAMPIRES 2.0,50.0,22.5,HWP(NIR),45,7.49,90.1244157463032,90.09703078366164,90.11071768588974,11.51071768588974,2,128.5,128.5,0.97988739392886,0.19955123457224,-0.19955123457224,0.97988739392886,-1.7333333333333e-06,1.7333333333333e-06,deg,deg,RA---TAN,DEC--TAN,83.859020833333,24.040713888889,24.040713888889,0.0,master_dark_em50_00010ms_256x256_cam2.fits,median,gaussian,19589.17861329611,182.6836199005151,182.4635786577717,1812186.409493408,30,25.93633651733398,4218339.5,25396.18359375,182.0,183.0,25396.18359375,1147338.5269184532,0,0.0,0.0,0.0,0.0,0,0,114.0,75,none,,,0,3163273.2081985474,3163273.2081985474,1778.5593069106656,1778.5593069106658,0.0,,
VDATA20220128A_00000788_calib_collapsed_analyzed.fits,True,-32,2,366,366,2022-01-28,HD36819,09:50:32.917,09:50:40.885,09:50:24.949,23:50:32.923,23:50:40.890,23:50:24.955,59607.4100925,59607.410185,59607.41,VTMP00000788,0.01,ACQUISITION,NAOJ,Subaru,VAMPIRES,UTC,o21156,"""[Summit] Millar-Blancher, Zhang [Hilo] Guyon, Deo, Vievard, Ah""",Observation,IMAG_POL,ICRS,180.0,5:35:26.167,24:02:26.81,2000.0,NS_IR,-0.12,1.195,33.23928,283.90362,56.76072,Nasmyth-IR,OFF,IR,26.6,621.8,271.15,5.4,1.0,10000.0,750.0,0.0,100000.0,10000.0,67.5,2.0,2.0,4.0,4.0,/mnt/data/20220128/,HD36819_08_20220128_675-50_EmptySlot_0,7,50.0,152.0,165.0,675-50,EmptySlot,1.0,T,IN,160.505,158.50195,+24:02:23,1.0,ADI,-39.0,163.025,05:35:27.1,SYNC,SCEXAO,348.72,35708928.0,MIRROR,152.63,15629312.0,OPEN,13.0,100.0,10.6,0.0,92.89674,+24:02:22.52,ADI,-128.797,-39.0,05:35:27.130,TRACK,0.0,ao188cmtx.oct,10.0,1.0,1.0,0.0,ON,0.0,0.01,0.0,ao188ttctrl.oct,0.001,0.0,2022-01-28T09:50:45,1,VMPA00016933,iXon Ultra 897 - VAMPIRES 1.0,50.0,67.5,HWP(NIR),45,7.49,90.0697945000445,90.04249801088395,90.05614074535112,11.45614074535112,2,128.5,128.5,0.98007703134282,0.19861775508306,-0.19861775508306,0.98007703134282,-1.7333333333333e-06,1.7333333333333e-06,deg,deg,RA---TAN,DEC--TAN,83.859029166667,24.040780555556,24.040780555556,0.0,master_dark_em50_00010ms_256x256_cam1.fits,median,gaussian,20300.11704934504,182.5757241246243,182.4508060731511,1534675.733884888,30,19.5405330657959,3304286.0,24712.6796875,182.0,183.0,24712.6796875,1017578.3456687852,"(-0.0013289994169728148, 0.0)",-0.0015266206125244476,-0.13453293291282512,0.0,0.0,0,0,115.0,75,none,,,0,2519239.4079265594,2519239.4079265594,1587.2112045744132,1587.2112045744132,0.00029404235728167706,,
VDATA20220128A_00000789_calib_collapsed_analyzed.fits,True,-32,2,366,366,2022-01-28,HD36819,09:50:32.917,09:50:40.885,09:50:24.949,23:50:32.923,23:50:40.890,23:50:24.955,59607.4100925,59607.410185,59607.41,VTMP00000789,0.01,ACQUISITION,NAOJ,Subaru,VAMPIRES,UTC,o21156,"""[Summit] Millar-Blancher, Zhang [Hilo] Guyon, Deo, Vievard, Ah""",Observation,IMAG_POL,ICRS,180.0,5:35:26.167,24:02:26.81,2000.0,NS_IR,-0.12,1.195,33.23928,283.90362,56.76072,Nasmyth-IR,OFF,IR,26.6,621.8,271.15,5.4,1.0,10000.0,750.0,0.0,100000.0,10000.0,67.5,2.0,2.0,4.0,4.0,/mnt/data/20220128/,HD36819_08_20220128_675-50_EmptySlot_0,7,50.0,152.0,165.0,675-50,EmptySlot,1.0,T,IN,160.505,158.50195,+24:02:23,1.0,ADI,-39.0,163.025,05:35:27.1,SYNC,SCEXAO,348.72,35708928.0,MIRROR,152.63,15629312.0,OPEN,13.0,100.0,10.6,0.0,92.89674,+24:02:22.52,ADI,-128.797,-39.0,05:35:27.130,TRACK,0.0,ao188cmtx.oct,10.0,1.0,1.0,0.0,ON,0.0,0.01,0.0,ao188ttctrl.oct,0.001,0.0,2022-01-28T09:50:45,2,VMPA00016933,iXon Ultra 897 - VAMPIRES 1.0,50.0,67.5,HWP(NIR),45,7.49,90.0697945000445,90.04249801088395,90.05614074535112,11.45614074535112,2,128.5,128.5,0.98007703134282,0.19861775508306,-0.19861775508306,0.98007703134282,-1.7333333333333e-06,1.7333333333333e-06,deg,deg,RA---TAN,DEC--TAN,83.859029166667,24.040780555556,24.040780555556,0.0,master_dark_em50_00010ms_256x256_cam1.fits,median,gaussian,19613.76691053794,182.5814386120275,182.4331553159946,1514095.657496337,30,19.2231388092041,3259759.25,24463.34375,182.0,183.0,24463.34375,1004025.781830558,0,0.0,0.0,0.0,0.0,0,0,115.0,75,none,,,0,2485710.640127182,2485710.640127182,1576.6136622924407,1576.6136622924405,0.0,,
VDATA20220128A_00000790_calib_collapsed_analyzed.fits,True,-32,2,366,366,2022-01-28,HD36819,09:50:32.917,09:50:40.885,09:50:24.949,23:50:32.923,23:50:40.890,23:50:24.955,59607.4100925,59607.410185,59607.41,VTMP00000790,0.01,ACQUISITION,NAOJ,Subaru,VAMPIRES,UTC,o21156,"""[Summit] Millar-Blancher, Zhang [Hilo] Guyon, Deo, Vievard, Ah""",Observation,IMAG_POL,ICRS,180.0,5:35:26.167,24:02:26.81,2000.0,NS_IR,-0.12,1.195,33.23928,283.90362,56.76072,Nasmyth-IR,OFF,IR,26.6,621.8,271.15,5.4,2.0,10000.0,750.0,0.0,100000.0,10000.0,67.5,2.0,2.0,4.0,4.0,/mnt/data/20220128/,HD36819_08_20220128_675-50_EmptySlot_0,7,50.0,152.0,165.0,675-50,EmptySlot,1.0,T,IN,160.505,158.50195,+24:02:23,1.0,ADI,-39.0,163.025,05:35:27.1,SYNC,SCEXAO,348.72,35708928.0,MIRROR,152.63,15629312.0,OPEN,13.0,100.0,10.6,0.0,92.89674,+24:02:22.52,ADI,-128.797,-39.0,05:35:27.130,TRACK,0.0,ao188cmtx.oct,10.0,1.0,1.0,0.0,ON,0.0,0.01,0.0,ao188ttctrl.oct,0.001,0.0,2022-01-28T09:50:49,1,VMPA00016935,iXon Ultra 897 - VAMPIRES 2.0,50.0,67.5,HWP(NIR),45,7.49,90.0697945000445,90.04249801088395,90.05614074535112,11.45614074535112,2,128.5,128.5,0.98007703134282,0.19861775508306,-0.19861775508306,0.98007703134282,-1.7333333333333e-06,1.7333333333333e-06,deg,deg,RA---TAN,DEC--TAN,83.859029166667,24.040780555556,24.040780555556,0.0,master_dark_em50_00010ms_256x256_cam2.fits,median,gaussian,25034.59030595115,182.6282500875005,182.4139173730256,2021077.332648925,30,24.5198974609375,4269384.5,31826.71484375,182.0,183.0,31826.71484375,1336312.8173065814,0,0.0,0.0,0.0,0.0,0,0,113.0,75,none,,,0,3306064.5741882324,3306064.5741882324,1818.2586653686633,1818.258665368663,0.0,,
VDATA20220128A_00000791_calib_collapsed_analyzed.fits,True,-32,2,366,366,2022-01-28,HD36819,09:50:32.917,09:50:40.885,09:50:24.949,23:50:32.923,23:50:40.890,23:50:24.955,59607.4100925,59607.410185,59607.41,VTMP00000791,0.01,ACQUISITION,NAOJ,Subaru,VAMPIRES,UTC,o21156,"""[Summit] Millar-Blancher, Zhang [Hilo] Guyon, Deo, Vievard, Ah""",Observation,IMAG_POL,ICRS,180.0,5:35:26.167,24:02:26.81,2000.0,NS_IR,-0.12,1.195,33.23928,283.90362,56.76072,Nasmyth-IR,OFF,IR,26.6,621.8,271.15,5.4,2.0,10000.0,750.0,0.0,100000.0,10000.0,67.5,2.0,2.0,4.0,4.0,/mnt/data/20220128/,HD36819_08_20220128_675-50_EmptySlot_0,7,50.0,152.0,165.0,675-50,EmptySlot,1.0,T,IN,160.505,158.50195,+24:02:23,1.0,ADI,-39.0,163.025,05:35:27.1,SYNC,SCEXAO,348.72,35708928.0,MIRROR,152.63,15629312.0,OPEN,13.0,100.0,10.6,0.0,92.89674,+24:02:22.52,ADI,-128.797,-39.0,05:35:27.130,TRACK,0.0,ao188cmtx.oct,10.0,1.0,1.0,0.0,ON,0.0,0.01,0.0,ao188ttctrl.oct,0.001,0.0,2022-01-28T09:50:49,2,VMPA00016935,iXon Ultra 897 - VAMPIRES 2.0,50.0,67.5,HWP(NIR),45,7.49,90.0697945000445,90.04249801088395,90.05614074535112,11.45614074535112,2,128.5,128.5,0.98007703134282,0.19861775508306,-0.19861775508306,0.98007703134282,-1.7333333333333e-06,1.7333333333333e-06,deg,deg,RA---TAN,DEC--TAN,83.859029166667,24.040780555556,24.040780555556,0.0,master_dark_em50_00010ms_256x256_cam2.fits,median,gaussian,23892.54179487341,182.6500271758745,182.4225178591736,1988664.366066284,30,24.27532196044922,4204179.5,30863.390625,182.0,183.0,30863.390625,1314950.614624374,0,0.0,0.0,0.0077213738216610935,-0.009363976145853378,0,0,113.0,75,none,,,0,3254879.0746688843,3254879.0746688843,1804.1283420723937,1804.128342072394,0.0,0.009657390417715468,0.003199215389747327
