{
    "hwp": {
        "phi": 2.9964125616721664
    },
    "image_rotator": {
        "phi_h": 4.3115225056693856,
        "phi_r": 2.0319367531339095e-17,
        "phi_45": 1.3164865860197779e-15
    },
    "wollaston": {
        "eta": 0.9999999999999999
    }
}