{
    "hwp": {
        "phi": 2.980512892767893
    },
    "image_rotator": {
        "phi_h": 1.248132387474502,
        "phi_r": 0.0039792308187111165,
        "phi_45": 3.354853870949553e-17
    },
    "wollaston": {
        "eta": 0.9925944483739974
    }
}