{
    "hwp": {
        "phi": 2.962739751878348
    },
    "image_rotator": {
        "phi_h": 1.528574676341925,
        "phi_r": 5.623959364638527e-17,
        "phi_45": 2.2307107578442248e-17
    },
    "wollaston": {
        "eta": 0.9896772400220925
    }
}