{
    "hwp": {
        "phi": 3.01735685206414
    },
    "image_rotator": {
        "phi_h": 1.0677662787079065,
        "phi_r": 0.011991879974573431,
        "phi_45": 0.00149731992766269
    },
    "wollaston": {
        "eta": 0.9926893729531309
    }
}