{
    "hwp": {
        "phi": 3.2202893271678406
    },
    "image_rotator": {
        "phi_h": 0.9816116473501969,
        "phi_r": 0.011637314752764406,
        "phi_45": 0.018745856553303478
    },
    "wollaston": {
        "eta": 0.980719833493477
    }
}