{
    "hwp": {
        "phi": 2.9861286554487854
    },
    "image_rotator": {
        "phi_h": 2.755086952218327,
        "phi_r": 1e-10,
        "phi_45": 1e-10
    },
    "wollaston": {
        "eta": 0.9879422192666101
    }
}