{
    "hwp": {
        "phi": 2.962581481348068
    },
    "image_rotator": {
        "phi_h": 2.4762266739942773,
        "phi_r": 1.154336890844012e-18,
        "phi_45": 9.206251668359454e-18
    },
    "wollaston": {
        "eta": 0.9876588816994168
    }
}