{
    "hwp": {
        "phi": 2.956410088597816
    },
    "image_rotator": {
        "phi_h": 1.9433433373692715,
        "phi_r": 3.524009407594835e-16,
        "phi_45": 1.7848491638379258e-16
    },
    "wollaston": {
        "eta": 0.9881882552489296
    }
}