{
    "lp": {
        "epsilon": 0.18421808412515903,
        "delta_theta": 2.5868943802993427
    },
    "diattenuation": {
        "d_h": 0.007844878348239267,
        "d_45": 0.4109694464797559,
        "d_r": -0.9092195759099582,
        "T_avg": -0.9958273771250049,
        "delta_theta": 0.027222699795884556
    }
}