{
    "lp": {
        "epsilon": 0.11690428702431896,
        "delta_theta": 4.9999999995
    },
    "diattenuation": {
        "d_h": 0.020517819410116253,
        "d_45": -0.30175304568356637,
        "d_r": 0.9506944502766299,
        "T_avg": 0.47856535281185475,
        "delta_theta": -0.06835985684283612
    }
}