{
    "lp": {
        "epsilon": 0.09609291761675422,
        "delta_theta": 4.9999999995
    },
    "diattenuation": {
        "d_h": 0.030473524002820593,
        "d_45": -0.19409103749925158,
        "d_r": 0.9777040093072347,
        "T_avg": 0.999838969643847,
        "delta_theta": -0.14045474050223253
    }
}