{
    "lp": {
        "epsilon": 0.13427897409924586,
        "delta_theta": -4.9999999995
    },
    "diattenuation": {
        "d_h": -0.014278619396741682,
        "d_45": -0.5111088151591228,
        "d_r": 0.8563584804517164,
        "T_avg": 0.6359228491994089,
        "delta_theta": 0.11969218829554724
    }
}