{
    "lp": {
        "epsilon": 0.09565919431151973,
        "delta_theta": 4.999999999999575
    },
    "diattenuation": {
        "d_h": 0.03172417019123381,
        "d_45": -0.19548547211209535,
        "d_r": 0.9772724198600562,
        "T_avg": 0.9462831369815121,
        "delta_theta": -0.2102827715034412
    }
}