{
    "lp": {
        "epsilon": 0.08737724647998552,
        "delta_theta": 4.9999999995
    },
    "diattenuation": {
        "d_h": 0.03432785660722678,
        "d_45": -0.13118768536858064,
        "d_r": 0.9876872904145323,
        "T_avg": 0.9984465052158549,
        "delta_theta": -0.17639271428730313
    }
}