{
    "lp": {
        "epsilon": 0.08851221279812925,
        "delta_theta": 4.9999999995
    },
    "diattenuation": {
        "d_h": 0.035498745807288706,
        "d_45": -0.014072657111255356,
        "d_r": 0.9965763383487075,
        "T_avg": -0.9999972953552341,
        "delta_theta": 0.020714277097487424
    }
}