{
    "lp": {
        "epsilon": 0.17230863556930323,
        "delta_theta": -4.999999999910581
    },
    "diattenuation": {
        "d_h": -0.006992848319717967,
        "d_45": 0.5581786384319204,
        "d_r": -0.8272404693275365,
        "T_avg": 0.9841570899547926,
        "delta_theta": 0.05221048151514804
    }
}