{
    "lp": {
        "epsilon": 0.5227522074915173,
        "delta_theta": 4.999582396595833
    },
    "diattenuation": {
        "d_h": -0.017162224208526377,
        "d_45": -0.2876167183732204,
        "d_r": 0.9573893192367037,
        "T_avg": -0.5579824885759237,
        "delta_theta": 0.2249472766395418
    }
}