{
    "lp": {
        "epsilon": 0.09761236151633668,
        "delta_theta": -2.88138637830912
    },
    "diattenuation": {
        "d_h": -0.008228354348933452,
        "d_45": 0.2539676012479493,
        "d_r": 0.9617244012449666,
        "T_avg": 0.6372545125880741,
        "delta_theta": 0.07980137458519652
    }
}