{
    "image_rotator": {
        "phi_h": 4.387060136203921,
        "phi_r": 1.8484929650123518,
        "phi_45": 9.893231775099974e-15
    },
    "hwp": {
        "phi": 5.1067548900880535
    },
    "wollaston": {
        "eta": 0.5821304098288812
    }
}