{
    "image_rotator": {
        "phi_h": 1.2112311793474897,
        "phi_r": 1.4742895251716428e-21,
        "phi_45": 1.5797814498826184e-16
    },
    "hwp": {
        "phi": 0.03077740719825961
    },
    "wollaston": {
        "eta": 0.3927889466427816
    }
}