{
    "image_rotator": {
        "phi_h": 0.9879927104313371,
        "phi_r": 6.121092655469419e-31,
        "phi_45": 1.8141154017089437e-11
    },
    "hwp": {
        "phi": 6.263922159119238
    },
    "wollaston": {
        "eta": 0.3404419951093387
    }
}