{
    "image_rotator": {
        "phi_h": 1.372416703476147,
        "phi_r": 3.208553479219659e-14,
        "phi_45": 2.941031926921057e-14
    },
    "hwp": {
        "phi": 0.046406880353951685
    },
    "wollaston": {
        "eta": 0.42452842528161533
    }
}