{
    "image_rotator": {
        "phi_h": 1.6209367113245208,
        "phi_r": 8.911426593674147e-12,
        "phi_45": 2.6634290624578225e-11
    },
    "hwp": {
        "phi": 2.94675578039066
    },
    "wollaston": {
        "eta": 0.4435640909295823
    }
}