{
    "image_rotator": {
        "phi_h": 1.058536942909684,
        "phi_r": 2.1049786835014664e-28,
        "phi_45": 4.880167923153432e-21
    },
    "hwp": {
        "phi": 0.7174762842982185
    },
    "wollaston": {
        "eta": 0.3631194802970094
    }
}