{
    "image_rotator": {
        "phi_h": 1.108178081476123,
        "phi_r": 1.4159838007862187e-28,
        "phi_45": 8.677833747227646e-15
    },
    "hwp": {
        "phi": 0.13337593003117743
    },
    "wollaston": {
        "eta": 0.37145299107521257
    }
}