{
    "image_rotator": {
        "phi_h": 1.285803389008203,
        "phi_r": 6.950838215099345e-19,
        "phi_45": 3.393122171416955e-15
    },
    "hwp": {
        "phi": 3.167176323011609
    },
    "wollaston": {
        "eta": 0.4143411982726061
    }
}