{
    "image_rotator": {
        "phi_h": 1.1522496126632567,
        "phi_r": 7.049449066812651e-26,
        "phi_45": 2.909855516185481e-14
    },
    "hwp": {
        "phi": 6.277722297716321
    },
    "wollaston": {
        "eta": 0.3787514782708647
    }
}