{
    "image_rotator": {
        "phi_h": 1.0195563638871026,
        "phi_r": 1.1588871594194841e-23,
        "phi_45": 1.205450747982168e-12
    },
    "hwp": {
        "phi": 0.031415926535897754
    },
    "wollaston": {
        "eta": 0.35255134485457634
    }
}