{
    "image_rotator": {
        "phi_h": 1.47162078506197,
        "phi_r": 3.845249943638441e-14,
        "phi_45": 4.082793075829442e-14
    },
    "hwp": {
        "phi": 0.030567152610173842
    },
    "wollaston": {
        "eta": 0.437212859274055
    }
}