{
    "image_rotator": {
        "phi_h": 4.338484861515031,
        "phi_r": 0.9814378963840646,
        "phi_45": 1.4397943203987127e-18
    },
    "hwp": {
        "phi": 0.8220153600669118
    },
    "wollaston": {
        "eta": 0.4609965759992652
    }
}