{
    "image_rotator": {
        "phi_h": 0.9191318398048373,
        "phi_r": 2.279395852523903e-26,
        "phi_45": 3.2998214045609146e-17
    },
    "hwp": {
        "phi": 3.398390235526035
    },
    "wollaston": {
        "eta": 0.31036753083924573
    }
}