{
    "image_rotator": {
        "phi_h": 4.0917017547836485,
        "phi_r": 0.44564611770991486,
        "phi_45": 1.4590898433390387e-14
    },
    "hwp": {
        "phi": 1.1326747015565577
    },
    "wollaston": {
        "eta": 0.40961171307426
    }
}