{
    "image_rotator": {
        "phi_h": 0.9476006071152566,
        "phi_r": 8.507890290980656e-22,
        "phi_45": 7.831491215164852e-12
    },
    "hwp": {
        "phi": 0.031415926535897754
    },
    "wollaston": {
        "eta": 0.33092750453478376
    }
}