{
    "image_rotator": {
        "phi_h": 3.7846357774550636,
        "phi_r": 3.816118864923186e-06,
        "phi_45": 3.624271932572985e-17
    },
    "hwp": {
        "phi": 4.506445193843204
    },
    "wollaston": {
        "eta": 0.39228498976461074
    }
}