{
    "image_rotator": {
        "phi_h": 3.670297812123112,
        "phi_r": 2.291855490643269e-13,
        "phi_45": 4.3336285054282495e-19
    },
    "hwp": {
        "phi": 2.2875356550164345
    },
    "wollaston": {
        "eta": 0.4104529805875822
    }
}