{
    "image_rotator": {
        "phi_h": 2.574107804533927,
        "phi_r": 0.5221044799330835,
        "phi_45": 1.2043151199100157e-18
    },
    "hwp": {
        "phi": 2.739559857893639
    },
    "wollaston": {
        "eta": 0.4345307344300184
    }
}