{
    "image_rotator": {
        "phi_h": 2.405890710211025,
        "phi_r": 2.9474810708673483e-07,
        "phi_45": 4.494209848497125e-18
    },
    "hwp": {
        "phi": 2.9483013148482353
    },
    "wollaston": {
        "eta": 0.43601990221583575
    }
}