{
    "image_rotator": {
        "phi_h": 2.1829137263633194,
        "phi_r": 2.001648055162441e-12,
        "phi_45": 2.241990120604998e-15
    },
    "hwp": {
        "phi": 0.5168221388226306
    },
    "wollaston": {
        "eta": 0.44348383762491655
    }
}