{
    "image_rotator": {
        "phi_h": 1.9855583402978916,
        "phi_r": 3.352026385741279e-11,
        "phi_45": 2.7172086516308632e-12
    },
    "hwp": {
        "phi": 2.9427243097474256
    },
    "wollaston": {
        "eta": 0.4457536610582385
    }
}