{
    "image_rotator": {
        "phi_h": 1.81845352300364,
        "phi_r": 1.6168650801724833e-12,
        "phi_45": 8.529517328422665e-14
    },
    "hwp": {
        "phi": 0.436275183669419
    },
    "wollaston": {
        "eta": 0.4406573909484102
    }
}