{
    "image_rotator": {
        "phi": 1.247724063093863
    },
    "hwp": {
        "phi": 2.968219477720322
    },
    "lp": {
        "epsilon": 0.9864125972353824
    }
}