{
    "image_rotator": {
        "phi": 1.3644601080946974
    },
    "hwp": {
        "phi": 2.957701977228718
    },
    "lp": {
        "epsilon": 0.9849995029796309
    }
}