{
    "image_rotator": {
        "phi": 0.8833335582346058
    },
    "hwp": {
        "phi": 3.044990986604519
    },
    "lp": {
        "epsilon": 0.9432136558821687
    }
}