{
    "image_rotator": {
        "phi": 0.9473842840757951
    },
    "hwp": {
        "phi": 3.0235702429882894
    },
    "lp": {
        "epsilon": 0.9569946618902841
    }
}