{
    "image_rotator": {
        "phi": 0.8153764386184423
    },
    "hwp": {
        "phi": 3.230202308818431
    },
    "lp": {
        "epsilon": 0.88168806920544
    }
}