{
    "image_rotator": {
        "phi": 0.8025966672337124
    },
    "hwp": {
        "phi": 3.2296194487782164
    },
    "lp": {
        "epsilon": 0.901632104327059
    }
}