{
    "image_rotator": {
        "phi": 3.8049930801151226
    },
    "hwp": {
        "phi": 3.0383571254872543
    },
    "lp": {
        "epsilon": 0.986128979013867
    }
}