{
    "image_rotator": {
        "phi": 3.335435432042468
    },
    "hwp": {
        "phi": 3.2576791739967255
    },
    "lp": {
        "epsilon": 0.9839517989836782
    }
}