{
    "image_rotator": {
        "phi": 2.474989795022008
    },
    "hwp": {
        "phi": 2.9210695157563173
    },
    "lp": {
        "epsilon": 0.9865232974750174
    }
}