{
    "image_rotator": {
        "phi": 2.1949776631314566
    },
    "hwp": {
        "phi": 2.929412592996496
    },
    "lp": {
        "epsilon": 0.9859708905880963
    }
}