{
    "image_rotator": {
        "phi": 4.313230669999125
    },
    "wollaston": {
        "eta": 0.9999999999999999
    }
}