{
    "image_rotator": {
        "phi": 4.044694069625993
    },
    "wollaston": {
        "eta": 0.9918891817072127
    }
}