{
    "image_rotator": {
        "phi": 0.7966917629209146
    },
    "wollaston": {
        "eta": 0.9130663409000132
    }
}