{
    "image_rotator": {
        "phi": 1.366179122215312
    },
    "wollaston": {
        "eta": 0.9933228876313736
    }
}