{
    "image_rotator": {
        "phi": 1.5285539789238012
    },
    "wollaston": {
        "eta": 0.9924629881333037
    }
}