{
    "image_rotator": {
        "phi": 0.8627861089939262
    },
    "wollaston": {
        "eta": 0.9417687260087593
    }
}