{
    "image_rotator": {
        "phi": 0.9190670626148667
    },
    "wollaston": {
        "eta": 0.952091188053006
    }
}