{
    "image_rotator": {
        "phi": 0.8058013749392637
    },
    "wollaston": {
        "eta": 0.9251292898512745
    }
}