{
    "image_rotator": {
        "phi": 1.103247023625194
    },
    "wollaston": {
        "eta": 0.9750402310281865
    }
}