{
    "image_rotator": {
        "phi": 0.9983171591885397
    },
    "wollaston": {
        "eta": 0.9649001497386644
    }
}