{
    "image_rotator": {
        "phi": 0.8031009817383714
    },
    "wollaston": {
        "eta": 0.908212254414099
    }
}