{
    "image_rotator": {
        "phi": 2.7459729591855813
    },
    "wollaston": {
        "eta": 0.9887953018811199
    }
}