{
    "image_rotator": {
        "phi": 2.18764466704415
    },
    "wollaston": {
        "eta": 0.9919012670677643
    }
}