{
    "image_rotator": {
        "phi": 1.938893963552494
    },
    "wollaston": {
        "eta": 0.9912515903280414
    }
}