{
    "image_rotator": {
        "phi": 1.728391821026727
    },
    "wollaston": {
        "eta": 0.9938576169331949
    }
}