{
    "nbs": {
        "phi": 3.1293187967415297
    },
    "lp": {
        "delta_theta": 1.3749990578696087
    }
}