{
    "nbs": {
        "phi": 3.139624025843739
    },
    "lp": {
        "delta_theta": 0.8924023609070729
    }
}