{
    "nbs": {
        "phi": 3.137736229758767
    },
    "lp": {
        "delta_theta": 0.8916479718683218
    }
}