{
    "nbs": {
        "phi": 3.134173783589423
    },
    "lp": {
        "delta_theta": 0.6411293920059781
    }
}