{
    "nbs": {
        "phi": 3.1360259582355656
    },
    "lp": {
        "delta_theta": 0.796946243422638
    }
}