{
    "nbs": {
        "phi": 3.1173728817452147
    },
    "lp": {
        "delta_theta": 1.724840255014001
    }
}