{
    "nbs": {
        "phi": 3.122723114375628
    },
    "lp": {
        "delta_theta": 0.34625610571981896
    }
}