{
    "nbs": {
        "phi": 3.137460148673941
    },
    "lp": {
        "delta_theta": 0.9093001820851213
    }
}