{
    "nbs": {
        "phi": 3.1267092281734934
    },
    "lp": {
        "delta_theta": 0.4367955389115284
    }
}