{
    "nbs": {
        "phi": 3.1278393909453013
    },
    "lp": {
        "delta_theta": 0.5106788914663603
    }
}