{
    "nbs": {
        "phi": 3.136667689420771
    },
    "lp": {
        "delta_theta": 0.8477989436966271
    }
}