{
    "nbs": {
        "phi": 3.120160145091112
    },
    "lp": {
        "delta_theta": 0.30649206287165637
    }
}