{
    "nbs": {
        "phi": 3.124114584137405
    },
    "lp": {
        "delta_theta": 1.5223381629660548
    }
}