{
    "nbs": {
        "phi": 3.1400982997060414
    },
    "lp": {
        "delta_theta": 0.6416997416546377
    }
}