{
    "nbs": {
        "phi": 3.1336189047496887
    },
    "lp": {
        "delta_theta": 0.7673962590422834
    }
}