{
    "nbs": {
        "phi": 3.127516842563818
    },
    "lp": {
        "delta_theta": 1.322938014519988
    }
}