{
    "nbs": {
        "phi": 3.015959277619914
    },
    "lp": {
        "delta_theta": 1.169860626682344
    }
}