{
    "nbs": {
        "phi": 3.110708658802785
    },
    "lp": {
        "delta_theta": 0.9864100014331612
    }
}