{
    "nbs": {
        "phi": 3.1114808504418154
    },
    "lp": {
        "delta_theta": 0.8012126951492303
    }
}