{
    "nbs": {
        "phi": 3.114450526755417
    },
    "lp": {
        "delta_theta": 0.7039041152610683
    }
}