{
    "nbs": {
        "phi": 3.1143454207573265
    },
    "lp": {
        "delta_theta": 0.6600319175465157
    }
}