{
    "nbs": {
        "phi": 3.117061652963807
    },
    "lp": {
        "delta_theta": 0.4497627231161519
    }
}