{
    "lp": {
        "epsilon": 0.1268983575210216,
        "delta_theta": -4.9999999995
    },
    "diattenuation": {
        "d_h": -0.012898921367674203,
        "d_45": 0.038275487713860544,
        "d_r": -0.9956063382893496,
        "T_avg": 0.9913636593262037,
        "delta_theta": -0.04833448376464569
    }
}