{
    "lp": {
        "epsilon": 0.10212336825902077,
        "delta_theta": 4.9999999995
    },
    "diattenuation": {
        "d_h": 0.028144331412436115,
        "d_45": -0.21546059164159292,
        "d_r": 0.9733472221839955,
        "T_avg": -0.8610307154361228,
        "delta_theta": -0.12864483691386955
    }
}