{
    "lp": {
        "epsilon": 0.1604739563300799,
        "delta_theta": -2.389788868012562
    },
    "diattenuation": {
        "d_h": -0.004354005319623388,
        "d_45": -0.6572841058546837,
        "d_r": 0.7513176451134489,
        "T_avg": 0.9999999979699502,
        "delta_theta": 0.06736601036400705
    }
}