{
    "lp": {
        "epsilon": 0.25534795340687805,
        "delta_theta": 2.7105617491136784
    },
    "diattenuation": {
        "d_h": 0.0034982515293281763,
        "d_45": -0.4334655948766197,
        "d_r": 0.9004559318566707,
        "T_avg": 0.0753835736572717,
        "delta_theta": 0.011151385376504716
    }
}