{
    "lp": {
        "epsilon": 0.12511788901612972,
        "delta_theta": -4.123868227296966
    },
    "diattenuation": {
        "d_h": -0.011644176655066682,
        "d_45": -0.4121583814072678,
        "d_r": 0.9077123158968652,
        "T_avg": 0.9055957719816806,
        "delta_theta": 0.08725255860527482
    }
}