{
    "lp": {
        "epsilon": 0.09055433360603657,
        "delta_theta": 4.9999999995
    },
    "diattenuation": {
        "d_h": 0.032442184551434015,
        "d_45": -0.18025216273047193,
        "d_r": 0.9801213887110917,
        "T_avg": -0.9860469698736843,
        "delta_theta": -0.121200363443049
    }
}