{
    "lp": {
        "epsilon": 0.08339707954001097,
        "delta_theta": 4.9999999995
    },
    "diattenuation": {
        "d_h": 0.03330349267534851,
        "d_45": -0.14139373400452193,
        "d_r": 0.9860592044967703,
        "T_avg": 0.127351738263519,
        "delta_theta": -0.06577676689416316
    }
}