{
    "lp": {
        "epsilon": 0.2322172523368204,
        "delta_theta": -4.99999999997373
    },
    "diattenuation": {
        "d_h": -0.007812838316555808,
        "d_45": 0.3753256591748583,
        "d_r": -0.9257787869358824,
        "T_avg": 0.9989228235148587,
        "delta_theta": 0.11707397900205446
    }
}