{
    "lp": {
        "epsilon": 0.21616412929245696,
        "delta_theta": -4.999999814065208
    },
    "diattenuation": {
        "d_h": -0.013725614640213128,
        "d_45": 0.20926597933812985,
        "d_r": 0.976621821224997,
        "T_avg": 0.7513689019872026,
        "delta_theta": 0.1915304755541789
    }
}