{
    "lp": {
        "epsilon": 0.19256529246879267,
        "delta_theta": -4.999999867549563
    },
    "diattenuation": {
        "d_h": -0.0076272645916719735,
        "d_45": 0.5612457974026004,
        "d_r": 0.8259184478055016,
        "T_avg": 0.58988285610372,
        "delta_theta": 0.08778681851981683
    }
}