{
    "lp": {
        "epsilon": 0.10090244308657792,
        "delta_theta": -2.2779180632776255
    },
    "diattenuation": {
        "d_h": -0.006280120840353353,
        "d_45": 0.13248124416679416,
        "d_r": 0.9861709250263475,
        "T_avg": 0.7413390090782412,
        "delta_theta": 0.08547333024653996
    }
}