{
    "lp": {
        "epsilon": 0.9831071118951072,
        "delta_theta": 2.1542932049194032
    },
    "diattenuation": {
        "d_h": 0.001522592113704544,
        "d_45": 0.41728650304386217,
        "d_r": 0.9087176643417927,
        "T_avg": -0.9999579507795477,
        "delta_theta": 0.05557386295566125
    }
}