{
    "hwp": {
        "phi": 2.9898850580104757
    },
    "image_rotator": {
        "phi_h": 4.0371427841890215,
        "phi_r": 0.010019616937307541,
        "phi_45": 0.04507156475550553
    },
    "wollaston": {
        "eta": 0.9896766565849011
    }
}