{
    "hwp": {
        "phi": 3.16726819429606
    },
    "image_rotator": {
        "phi_h": 0.9722846233854594,
        "phi_r": 0.013414313745191272,
        "phi_45": 0.016467478700409058
    },
    "wollaston": {
        "eta": 0.9847004543097809
    }
}