{
    "hwp": {
        "phi": 3.133684449895217
    },
    "image_rotator": {
        "phi_h": 0.9646144136958656,
        "phi_r": 0.016321109644686436,
        "phi_45": 0.011607984339738532
    },
    "wollaston": {
        "eta": 0.9902609967637755
    }
}