{
    "hwp": {
        "phi": 3.040628147087246
    },
    "image_rotator": {
        "phi_h": 1.016796382576272,
        "phi_r": 0.013324722849985192,
        "phi_45": 0.0004733935083397818
    },
    "wollaston": {
        "eta": 0.9921363061825904
    }
}