{
    "hwp": {
        "phi": 3.237414792555783
    },
    "image_rotator": {
        "phi_h": 1.01435033655128,
        "phi_r": 0.005669373149457169,
        "phi_45": 0.05120431444634592
    },
    "wollaston": {
        "eta": 0.9687756350038775
    }
}