{
    "hwp": {
        "phi": 3.0028928514088853
    },
    "image_rotator": {
        "phi_h": 3.5336123572001528,
        "phi_r": 3.9549573037691636e-24,
        "phi_45": 0.0180485369870735
    },
    "wollaston": {
        "eta": 0.9866696098322113
    }
}