filepath,D_IMRANG,RET-ANG1,single_sum,single_diff,LCOUNTS,RCOUNTS,sum_std,diff_std,p,a,wavelength_bin
/home/thomasmc/charis_mm_testing/BD343631-broadband-unpol/cubes/data/raw/CRSA00123422_cube.fits,97.8916,0.0,134863.30388244032,-10931.170298566569,72897.23709050345,61966.06679193688,346.6754367396895,346.6754367396895,126.5757623688055,66.77899114,1867.1678
/home/thomasmc/charis_mm_testing/BD343631-broadband-unpol/cubes/data/raw/CRSA00123423_cube.fits,97.80772,45.0,139252.3765952805,-15285.40738002312,77268.89198765182,61983.4846076287,312.3455216979024,312.3455216979024,126.1145151377112,66.60077713,1867.1678
/home/thomasmc/charis_mm_testing/BD343631-broadband-unpol/cubes/data/raw/CRSA00123424_cube.fits,97.70938,22.5,141751.11300415624,-12744.406297464586,77247.75965081042,64503.35335334583,297.1646991185711,297.1646991185711,125.6585613281019,66.4212248,1867.1678
/home/thomasmc/charis_mm_testing/BD343631-broadband-unpol/cubes/data/raw/CRSA00123425_cube.fits,97.61756,67.5,136529.56944913985,-12920.383591637104,74724.97652038847,61804.59292875137,269.8403691112656,269.8403691112656,125.2092898301123,66.24067105,1867.1678
/home/thomasmc/charis_mm_testing/BD343631-broadband-unpol/cubes/data/raw/CRSA00123426_cube.fits,97.53779,0.0,132858.715397913,-11823.682325079862,72341.19886149644,60517.51653641657,300.3143721193798,300.3143721193798,124.7656254339029,66.05939067,1867.1678
/home/thomasmc/charis_mm_testing/BD343631-broadband-unpol/cubes/data/raw/CRSA00123427_cube.fits,97.43921,45.0,137429.78263484075,-15081.59509965826,76255.68886724951,61174.09376759125,300.08743534910286,300.08743534910286,124.3265538099569,65.87713501,1867.1678
/home/thomasmc/charis_mm_testing/BD343631-broadband-unpol/cubes/data/raw/CRSA00123428_cube.fits,97.34929,22.5,139740.26857783637,-14130.875394771632,76935.571986304,62804.69659153237,292.15111183766703,292.15111183766703,123.8937832315757,65.69393151,1867.1678
/home/thomasmc/charis_mm_testing/BD343631-broadband-unpol/cubes/data/raw/CRSA00123429_cube.fits,97.25913,67.5,137842.78435783376,-13196.022796535311,75519.40357718454,62323.380780649226,283.92704511162646,283.92704511162646,123.46673480239,65.50953458,1867.1678
