filepath,D_IMRANG,RET-ANG1,single_sum,single_diff,LCOUNTS,RCOUNTS,sum_std,diff_std,p,a,wavelength_bin
/home/thomasmc/charis_mm_testing/BD343631-broadband-unpol/cubes/data/raw/CRSA00123422_cube.fits,97.8916,0.0,184818.0331709656,-5461.607546759726,95139.82035886266,89678.21281210294,489.1426554493784,489.1426554493784,126.5757623688055,66.77899114,1629.5663
/home/thomasmc/charis_mm_testing/BD343631-broadband-unpol/cubes/data/raw/CRSA00123423_cube.fits,97.80772,45.0,188887.47813187249,-9697.224575219909,99292.3513535462,89595.12677832629,406.80211101154623,406.80211101154623,126.1145151377112,66.60077713,1629.5663
/home/thomasmc/charis_mm_testing/BD343631-broadband-unpol/cubes/data/raw/CRSA00123424_cube.fits,97.70938,22.5,190067.2944621353,-8180.716823410039,99124.00564277264,90943.2888193626,410.70666709636873,410.70666709636873,125.6585613281019,66.4212248,1629.5663
/home/thomasmc/charis_mm_testing/BD343631-broadband-unpol/cubes/data/raw/CRSA00123425_cube.fits,97.61756,67.5,182035.4736583048,-8163.928771392791,95099.70121484878,86935.772443456,355.7757474133102,355.7757474133102,125.2092898301123,66.24067105,1629.5663
/home/thomasmc/charis_mm_testing/BD343631-broadband-unpol/cubes/data/raw/CRSA00123426_cube.fits,97.53779,0.0,179097.37982421508,-6157.9180191854975,92627.64892170028,86469.73090251478,384.0576511290244,384.0576511290244,124.7656254339029,66.05939067,1629.5663
/home/thomasmc/charis_mm_testing/BD343631-broadband-unpol/cubes/data/raw/CRSA00123427_cube.fits,97.43921,45.0,182737.89488881297,-9436.299474307496,96087.09718156024,86650.79770725274,422.154730780819,422.154730780819,124.3265538099569,65.87713501,1629.5663
/home/thomasmc/charis_mm_testing/BD343631-broadband-unpol/cubes/data/raw/CRSA00123428_cube.fits,97.34929,22.5,188945.92364237667,-8350.993600514674,98648.45862144566,90297.465020931,408.3986627194633,408.3986627194633,123.8937832315757,65.69393151,1629.5663
/home/thomasmc/charis_mm_testing/BD343631-broadband-unpol/cubes/data/raw/CRSA00123429_cube.fits,97.25913,67.5,184857.0914547674,-8695.972378550665,96776.53191665903,88080.55953810837,376.6510067431926,376.6510067431926,123.46673480239,65.50953458,1629.5663
