filepath,D_IMRANG,RET-ANG1,single_sum,single_diff,LCOUNTS,RCOUNTS,sum_std,diff_std,p,a,wavelength_bin
/home/thomasmc/charis_mm_testing/BD343631-broadband-unpol/cubes/data/raw/CRSA00123422_cube.fits,97.8916,0.0,152184.59949878394,-6354.907342224251,79269.75342050409,72914.84607827984,433.5220979219956,433.5220979219956,126.5757623688055,66.77899114,1931.7956
/home/thomasmc/charis_mm_testing/BD343631-broadband-unpol/cubes/data/raw/CRSA00123423_cube.fits,97.80772,45.0,156316.62930632837,-8552.071497783385,82434.35040205588,73882.27890427249,383.1517343576928,383.1517343576928,126.1145151377112,66.60077713,1931.7956
/home/thomasmc/charis_mm_testing/BD343631-broadband-unpol/cubes/data/raw/CRSA00123424_cube.fits,97.70938,22.5,158501.2795322435,-7146.52141147542,82823.90047185947,75677.37906038405,375.3974166534257,375.3974166534257,125.6585613281019,66.4212248,1931.7956
/home/thomasmc/charis_mm_testing/BD343631-broadband-unpol/cubes/data/raw/CRSA00123425_cube.fits,97.61756,67.5,152901.49726169062,-7851.55290454175,80376.52508311618,72524.97217857443,335.9333319764573,335.9333319764573,125.2092898301123,66.24067105,1931.7956
/home/thomasmc/charis_mm_testing/BD343631-broadband-unpol/cubes/data/raw/CRSA00123426_cube.fits,97.53779,0.0,149771.00029126514,-6460.762438325604,78115.88136479538,71655.11892646978,368.77833912661,368.77833912661,124.7656254339029,66.05939067,1931.7956
/home/thomasmc/charis_mm_testing/BD343631-broadband-unpol/cubes/data/raw/CRSA00123427_cube.fits,97.43921,45.0,152330.75960943202,-8733.649306215419,80532.20445782373,71798.5551516083,378.281299142069,378.281299142069,124.3265538099569,65.87713501,1931.7956
/home/thomasmc/charis_mm_testing/BD343631-broadband-unpol/cubes/data/raw/CRSA00123428_cube.fits,97.34929,22.5,159274.82005325315,-7693.706710860424,83484.26338205679,75790.55667119636,361.5138532642112,361.5138532642112,123.8937832315757,65.69393151,1931.7956
/home/thomasmc/charis_mm_testing/BD343631-broadband-unpol/cubes/data/raw/CRSA00123429_cube.fits,97.25913,67.5,154660.0988483083,-8347.345116088138,81503.72198219821,73156.37686611008,344.85309150933045,344.85309150933045,123.46673480239,65.50953458,1931.7956
