filepath,D_IMRANG,RET-ANG1,single_sum,single_diff,LCOUNTS,RCOUNTS,sum_std,diff_std,p,a,wavelength_bin
/home/thomasmc/charis_mm_testing/BD343631-broadband-unpol/cubes/data/raw/CRSA00123422_cube.fits,97.8916,0.0,3943.6715277197072,-57724.690542312455,30834.18103501608,-26890.50950729637,46.733645625986426,46.733645625986426,126.5757623688055,66.77899114,2369.3441
/home/thomasmc/charis_mm_testing/BD343631-broadband-unpol/cubes/data/raw/CRSA00123423_cube.fits,97.80772,45.0,4022.7081086926046,-61471.48911092774,32747.09860981017,-28724.390501117567,45.88854795830089,45.88854795830089,126.1145151377112,66.60077713,2369.3441
/home/thomasmc/charis_mm_testing/BD343631-broadband-unpol/cubes/data/raw/CRSA00123424_cube.fits,97.70938,22.5,1940.1727123323944,-60250.46873795573,31095.32072514406,-29155.148012811667,45.7114698750334,45.7114698750334,125.6585613281019,66.4212248,2369.3441
/home/thomasmc/charis_mm_testing/BD343631-broadband-unpol/cubes/data/raw/CRSA00123425_cube.fits,97.61756,67.5,-2364.7738732420257,-60528.8899335622,29082.05803016009,-31446.83190340211,44.79189776190634,44.79189776190634,125.2092898301123,66.24067105,2369.3441
/home/thomasmc/charis_mm_testing/BD343631-broadband-unpol/cubes/data/raw/CRSA00123426_cube.fits,97.53779,0.0,2165.3898651440977,-61625.21102697722,31895.30044606066,-29729.910580916563,45.28553935024251,45.28553935024251,124.7656254339029,66.05939067,2369.3441
/home/thomasmc/charis_mm_testing/BD343631-broadband-unpol/cubes/data/raw/CRSA00123427_cube.fits,97.43921,45.0,610.9833812326542,-59832.74127923226,30221.862330232456,-29610.8789489998,45.78516479638469,45.78516479638469,124.3265538099569,65.87713501,2369.3441
/home/thomasmc/charis_mm_testing/BD343631-broadband-unpol/cubes/data/raw/CRSA00123428_cube.fits,97.34929,22.5,512.4468762702309,-59979.88920643344,30246.168041351837,-29733.721165081603,45.67054230297743,45.67054230297743,123.8937832315757,65.69393151,2369.3441
/home/thomasmc/charis_mm_testing/BD343631-broadband-unpol/cubes/data/raw/CRSA00123429_cube.fits,97.25913,67.5,3401.766522596823,-62393.52746506548,32897.64699383115,-29495.880471234326,45.36061965431358,45.36061965431358,123.46673480239,65.50953458,2369.3441
