filepath,D_IMRANG,RET-ANG1,single_sum,single_diff,LCOUNTS,RCOUNTS,sum_std,diff_std,p,a,wavelength_bin
/home/thomasmc/charis_mm_testing/BD343631-broadband-unpol/cubes/data/raw/CRSA00123422_cube.fits,97.8916,0.0,207226.86569998172,-7247.095542715688,107236.98062134872,99989.88507863304,567.8061703988408,567.8061703988408,126.5757623688055,66.77899114,1284.184
/home/thomasmc/charis_mm_testing/BD343631-broadband-unpol/cubes/data/raw/CRSA00123423_cube.fits,97.80772,45.0,216872.20309855248,-13073.5388048905,114972.87095172147,101899.332146831,472.2787765235592,472.2787765235592,126.1145151377112,66.60077713,1284.184
/home/thomasmc/charis_mm_testing/BD343631-broadband-unpol/cubes/data/raw/CRSA00123424_cube.fits,97.70938,22.5,216276.18939985125,-9899.62588541914,113087.9076426352,103188.28175721606,513.7620157776485,513.7620157776485,125.6585613281019,66.4212248,1284.184
/home/thomasmc/charis_mm_testing/BD343631-broadband-unpol/cubes/data/raw/CRSA00123425_cube.fits,97.61756,67.5,205775.37262809745,-10822.75406151796,108299.0633448077,97476.30928328974,400.1647812691677,400.1647812691677,125.2092898301123,66.24067105,1284.184
/home/thomasmc/charis_mm_testing/BD343631-broadband-unpol/cubes/data/raw/CRSA00123426_cube.fits,97.53779,0.0,201468.39645223852,-7596.112971654526,104532.25471194656,96936.14174029202,432.5312833659461,432.5312833659461,124.7656254339029,66.05939067,1284.184
/home/thomasmc/charis_mm_testing/BD343631-broadband-unpol/cubes/data/raw/CRSA00123427_cube.fits,97.43921,45.0,204684.27030646964,-12043.201948724323,108363.736127597,96320.53417887268,483.9631928413744,483.9631928413744,124.3265538099569,65.87713501,1284.184
/home/thomasmc/charis_mm_testing/BD343631-broadband-unpol/cubes/data/raw/CRSA00123428_cube.fits,97.34929,22.5,213619.21781295328,-9675.496059794808,111647.35693637404,101971.86087657925,508.9415007476324,508.9415007476324,123.8937832315757,65.69393151,1284.184
/home/thomasmc/charis_mm_testing/BD343631-broadband-unpol/cubes/data/raw/CRSA00123429_cube.fits,97.25913,67.5,208217.80386746983,-11158.51909750866,109688.16148248926,98529.6423849806,446.99613631185656,446.99613631185656,123.46673480239,65.50953458,1284.184
