{
    "hwp": {
        "phi": 3.0972238392594016
    },
    "image_rotator": {
        "phi_h": 0.9699276136408621,
        "phi_r": 0.017654810765803736,
        "phi_45": 0.007930233768291226
    },
    "wollaston": {
        "eta": 0.9900787523395561
    }
}