{
    "hwp": {
        "phi": 2.970959141549602
    },
    "image_rotator": {
        "phi_h": 1.3649016152590185,
        "phi_r": 0.0005495395785839388,
        "phi_45": 4.3126612199100635e-21
    },
    "wollaston": {
        "eta": 0.9908553935164818
    }
}