{
    "hwp": {
        "phi": 3.064955429021622
    },
    "image_rotator": {
        "phi_h": 0.9903904076106843,
        "phi_r": 0.01595163595049347,
        "phi_45": 0.004367983219252279
    },
    "wollaston": {
        "eta": 0.9944884104222359
    }
}