{
    "hwp": {
        "phi": 2.9955349312298436
    },
    "image_rotator": {
        "phi_h": 1.1501142319260043,
        "phi_r": 0.010706414622875306,
        "phi_45": 1.4553902195780424e-17
    },
    "wollaston": {
        "eta": 0.9919583156641084
    }
}