{
    "hwp": {
        "phi": 2.991886556204739
    },
    "image_rotator": {
        "phi_h": 3.8089111515788576,
        "phi_r": 3.773124237177391e-17,
        "phi_45": 0.023281670964662084
    },
    "wollaston": {
        "eta": 0.9945487026942963
    }
}