{
    "hwp": {
        "phi": 2.990300681907426
    },
    "image_rotator": {
        "phi_h": 3.165129901999454,
        "phi_r": 4.640649125943369e-16,
        "phi_45": 0.008664569393761435
    },
    "wollaston": {
        "eta": 0.9810783654758072
    }
}