{
    "hwp": {
        "phi": 2.958890157658065
    },
    "image_rotator": {
        "phi_h": 2.1952045474210156,
        "phi_r": 1.4677362866208555e-16,
        "phi_45": 5.834644979549698e-17
    },
    "wollaston": {
        "eta": 0.9890366828562874
    }
}