{
    "hwp": {
        "phi": 2.9572415989001546
    },
    "image_rotator": {
        "phi_h": 1.73043385199687,
        "phi_r": 6.324852228060952e-16,
        "phi_45": 2.840673243681496e-16
    },
    "wollaston": {
        "eta": 0.990784177950656
    }
}