{
    "image_rotator": {
        "phi_h": 4.388231865629012,
        "phi_r": 1e-10,
        "phi_45": 0.0993115017211409
    },
    "hwp": {
        "phi": 3.0355763725488742
    },
    "wollaston": {
        "eta": 0.9999999999
    }
}