{
    "image_rotator": {
        "phi_h": 4.388231865773568,
        "phi_r": 2.39493929747314e-18,
        "phi_45": 0.09931150150638433
    },
    "hwp": {
        "phi": 3.03557637262053
    },
    "wollaston": {
        "eta": 0.9999999999999999
    }
}