{
    "image_rotator": {
        "phi_h": 1.5181953208722647,
        "phi_r": 0.08357877584343203,
        "phi_45": 0.05689720814139016
    },
    "hwp": {
        "phi": 2.959128041040109
    },
    "wollaston": {
        "eta": 0.9863437802130589
    }
}