{
    "image_rotator": {
        "phi_h": 0.9646742318563271,
        "phi_r": 0.09078588478641707,
        "phi_45": 0.0435247600156484
    },
    "hwp": {
        "phi": 3.0975946389636495
    },
    "wollaston": {
        "eta": 0.9866670148893361
    }
}