{
    "image_rotator": {
        "phi_h": 1.0635330944667598,
        "phi_r": 0.09328359054955301,
        "phi_45": 0.039271181579166765
    },
    "hwp": {
        "phi": 3.020882334801155
    },
    "wollaston": {
        "eta": 0.987860165600682
    }
}