{
    "image_rotator": {
        "phi_h": 1.0127012379860671,
        "phi_r": 0.0901027923911425,
        "phi_45": 0.035472276414072086
    },
    "hwp": {
        "phi": 3.0440364706453997
    },
    "wollaston": {
        "eta": 0.9873562124544151
    }
}