{
    "image_rotator": {
        "phi_h": 1.3543163219259422,
        "phi_r": 0.08491487924081259,
        "phi_45": 0.05085741577380448
    },
    "hwp": {
        "phi": 2.968260375368874
    },
    "wollaston": {
        "eta": 0.9860403919116547
    }
}