{
    "image_rotator": {
        "phi_h": 1.0635330946475825,
        "phi_r": 0.09328359061187855,
        "phi_45": 0.039271181676828124
    },
    "hwp": {
        "phi": 3.020882335071325
    },
    "wollaston": {
        "eta": 0.9878601658353978
    }
}