{
    "image_rotator": {
        "phi_h": 1.145334976058036,
        "phi_r": 0.09351601590130319,
        "phi_45": 0.045912142888674456
    },
    "hwp": {
        "phi": 2.995853863022929
    },
    "wollaston": {
        "eta": 0.9869005614380829
    }
}