{
    "image_rotator": {
        "phi_h": 0.9646742321698957,
        "phi_r": 0.09078588489586223,
        "phi_45": 0.04352475785131769
    },
    "hwp": {
        "phi": 3.0975946417536426
    },
    "wollaston": {
        "eta": 0.986667014809528
    }
}