{
    "image_rotator": {
        "phi_h": 4.114818615526755,
        "phi_r": 4.717514430966486e-24,
        "phi_45": 0.11098027706999555
    },
    "hwp": {
        "phi": 3.013026228170979
    },
    "wollaston": {
        "eta": 0.9905261431013285
    }
}