{
    "image_rotator": {
        "phi_h": 1.2381448623748676,
        "phi_r": 0.08890028337004872,
        "phi_45": 0.04661598958923765
    },
    "hwp": {
        "phi": 2.9829681395834164
    },
    "wollaston": {
        "eta": 0.9882914814922236
    }
}