{
    "image_rotator": {
        "phi_h": 0.9633080303393058,
        "phi_r": 0.08687080999139002,
        "phi_45": 0.05484425432406582
    },
    "hwp": {
        "phi": 3.1681581806155186
    },
    "wollaston": {
        "eta": 0.9818212049096806
    }
}