{
    "image_rotator": {
        "phi_h": 0.9858560497623288,
        "phi_r": 0.09128091646660938,
        "phi_45": 0.03889972169658966
    },
    "hwp": {
        "phi": 3.068346408136798
    },
    "wollaston": {
        "eta": 0.9898814346687084
    }
}