{
    "image_rotator": {
        "phi_h": 0.9584983280008327,
        "phi_r": 0.08976673400399185,
        "phi_45": 0.04982885477878093
    },
    "hwp": {
        "phi": 3.1330382910770016
    },
    "wollaston": {
        "eta": 0.9875201432562185
    }
}