{
    "image_rotator": {
        "phi_h": 4.114818615888706,
        "phi_r": 3.4896682092080855e-24,
        "phi_45": 0.11098027785913168
    },
    "hwp": {
        "phi": 3.013026228231179
    },
    "wollaston": {
        "eta": 0.99052614349482
    }
}