{
    "image_rotator": {
        "phi_h": 0.9858560510539865,
        "phi_r": 0.09128091682219598,
        "phi_45": 0.0388997199746913
    },
    "hwp": {
        "phi": 3.068346410852898
    },
    "wollaston": {
        "eta": 0.9898814353266332
    }
}