{
    "image_rotator": {
        "phi_h": 1.3543163219533476,
        "phi_r": 0.08491487928658366,
        "phi_45": 0.05085741586587799
    },
    "hwp": {
        "phi": 2.9682603754222208
    },
    "wollaston": {
        "eta": 0.9860403920128682
    }
}