{
    "image_rotator": {
        "phi_h": 1.518195321047116,
        "phi_r": 0.0835787763407945,
        "phi_45": 0.05689720786729024
    },
    "hwp": {
        "phi": 2.9591280425446462
    },
    "wollaston": {
        "eta": 0.9863437803271184
    }
}