{
    "image_rotator": {
        "phi_h": 1.2381448623787206,
        "phi_r": 0.08890028340670979,
        "phi_45": 0.046615989591892885
    },
    "hwp": {
        "phi": 2.982968139587341
    },
    "wollaston": {
        "eta": 0.9882914815127376
    }
}