{
    "image_rotator": {
        "phi_h": 0.9633080302312683,
        "phi_r": 0.08687080951667403,
        "phi_45": 0.05484425644462158
    },
    "hwp": {
        "phi": 3.168158176373876
    },
    "wollaston": {
        "eta": 0.9818212047619593
    }
}