{
    "image_rotator": {
        "phi_h": 0.9584983276880642,
        "phi_r": 0.08976673359010119,
        "phi_45": 0.04982885762277823
    },
    "hwp": {
        "phi": 3.133038286969864
    },
    "wollaston": {
        "eta": 0.9875201431736783
    }
}