{
    "image_rotator": {
        "phi_h": 1.1453349760987137,
        "phi_r": 0.09351601593608332,
        "phi_45": 0.04591214382167041
    },
    "hwp": {
        "phi": 2.9958538635096112
    },
    "wollaston": {
        "eta": 0.9869005615564457
    }
}