{
    "image_rotator": {
        "phi_h": 1.0127012376829843,
        "phi_r": 0.09010279234622375,
        "phi_45": 0.03547227755910592
    },
    "hwp": {
        "phi": 3.044036469416942
    },
    "wollaston": {
        "eta": 0.987356212331524
    }
}