{
    "image_rotator": {
        "phi_h": 0.9972437462165702,
        "phi_r": 0.08578668496760374,
        "phi_45": 0.06801871161055432
    },
    "hwp": {
        "phi": 3.2531542198419983
    },
    "wollaston": {
        "eta": 0.9530182006889112
    }
}