{
    "image_rotator": {
        "phi_h": 3.908581788853331,
        "phi_r": 8.67247173473565e-24,
        "phi_45": 0.11189325802722848
    },
    "hwp": {
        "phi": 3.0233566002431895
    },
    "wollaston": {
        "eta": 0.9952119535893048
    }
}