{
    "image_rotator": {
        "phi_h": 0.9778157563534247,
        "phi_r": 0.09195884569936234,
        "phi_45": 0.06615844071819696
    },
    "hwp": {
        "phi": 3.21333940666589
    },
    "wollaston": {
        "eta": 0.9746145545478168
    }
}