{
    "image_rotator": {
        "phi_h": 0.9972437467059136,
        "phi_r": 0.08578668482571407,
        "phi_45": 0.06801871310128065
    },
    "hwp": {
        "phi": 3.2531542179831683
    },
    "wollaston": {
        "eta": 0.9530182008796627
    }
}