{
    "image_rotator": {
        "phi_h": 0.977815757048165,
        "phi_r": 0.0919588454654455,
        "phi_45": 0.06615844215370424
    },
    "hwp": {
        "phi": 3.2133394041828365
    },
    "wollaston": {
        "eta": 0.9746145547907283
    }
}