{
    "image_rotator": {
        "phi_h": 3.9085817889896832,
        "phi_r": 1.4604907690389395e-23,
        "phi_45": 0.11189325817618724
    },
    "hwp": {
        "phi": 3.0233566001949246
    },
    "wollaston": {
        "eta": 0.995211953707796
    }
}