{
    "image_rotator": {
        "phi_h": 3.67126303764925,
        "phi_r": 6.176712730298311e-23,
        "phi_45": 0.1181109446577344
    },
    "hwp": {
        "phi": 3.0495755129005135
    },
    "wollaston": {
        "eta": 0.9846375365855188
    }
}