{
    "image_rotator": {
        "phi_h": 3.6712630378902067,
        "phi_r": 3.434092011802179e-23,
        "phi_45": 0.11811094470542559
    },
    "hwp": {
        "phi": 3.04957551334029
    },
    "wollaston": {
        "eta": 0.9846375366270912
    }
}