{
    "image_rotator": {
        "phi_h": 2.785450504120439,
        "phi_r": 0.01960924648009205,
        "phi_45": 0.0938414413100838
    },
    "hwp": {
        "phi": 3.138517302343787
    },
    "wollaston": {
        "eta": 0.9852971653375477
    }
}