{
    "image_rotator": {
        "phi_h": 2.7854505090934003,
        "phi_r": 0.019612272383686038,
        "phi_45": 0.09384156631286851
    },
    "hwp": {
        "phi": 3.1385183582795326
    },
    "wollaston": {
        "eta": 0.9852971704793814
    }
}