{
    "image_rotator": {
        "phi_h": 2.683200125000116,
        "phi_r": 1.1155306042101847e-22,
        "phi_45": 0.08750511111333843
    },
    "hwp": {
        "phi": 2.987007556984232
    },
    "wollaston": {
        "eta": 0.9898923604773167
    }
}