{
    "image_rotator": {
        "phi_h": 2.683200125855562,
        "phi_r": 1.5646638274323364e-22,
        "phi_45": 0.08750511101553018
    },
    "hwp": {
        "phi": 2.987007555883135
    },
    "wollaston": {
        "eta": 0.9898923602953886
    }
}