{
    "image_rotator": {
        "phi_h": 2.4570115442507454,
        "phi_r": 0.028794664675958034,
        "phi_45": 0.08573624142170508
    },
    "hwp": {
        "phi": 2.953212231913781
    },
    "wollaston": {
        "eta": 0.986203585675923
    }
}