{
    "image_rotator": {
        "phi_h": 2.4570115443309986,
        "phi_r": 0.028794661702023813,
        "phi_45": 0.08573624128317917
    },
    "hwp": {
        "phi": 2.9532122315263187
    },
    "wollaston": {
        "eta": 0.9862035856500514
    }
}