{
    "image_rotator": {
        "phi_h": 2.1787268354865983,
        "phi_r": 0.05414094335738593,
        "phi_45": 0.07626658944148572
    },
    "hwp": {
        "phi": 2.9519640007218646
    },
    "wollaston": {
        "eta": 0.9869023760418311
    }
}