{
    "image_rotator": {
        "phi_h": 2.178726835455328,
        "phi_r": 0.05414094329027874,
        "phi_45": 0.07626658946343781
    },
    "hwp": {
        "phi": 2.9519640007260946
    },
    "wollaston": {
        "eta": 0.9869023760469847
    }
}