{
    "image_rotator": {
        "phi_h": 1.9358586218138993,
        "phi_r": 0.06582350857539228,
        "phi_45": 0.06548872917528034
    },
    "hwp": {
        "phi": 2.9479501230505214
    },
    "wollaston": {
        "eta": 0.9867859599648763
    }
}