{
    "image_rotator": {
        "phi_h": 1.935858621792724,
        "phi_r": 0.06582350861525717,
        "phi_45": 0.06548872917134545
    },
    "hwp": {
        "phi": 2.9479501230770317
    },
    "wollaston": {
        "eta": 0.9867859599805722
    }
}