{
    "image_rotator": {
        "phi_h": 1.7213218222070954,
        "phi_r": 0.0797767999600968,
        "phi_45": 0.06033518277704257
    },
    "hwp": {
        "phi": 2.952263975882383
    },
    "wollaston": {
        "eta": 0.9873394631829806
    }
}