{
    "image_rotator": {
        "phi_h": 1.7213218222406832,
        "phi_r": 0.07977680004363938,
        "phi_45": 0.060335182803993
    },
    "hwp": {
        "phi": 2.9522639758688376
    },
    "wollaston": {
        "eta": 0.9873394631370649
    }
}