{
    "hwp": {
        "phi": 3.033884517638318,
        "delta_theta": -1.4793528898882107
    },
    "image_rotator": {
        "phi_h": 4.393447909676895,
        "delta_theta": -0.6787512651766867
    }
}