{
    "image_rotator": {
        "phi_45": 1e-10,
        "phi_r": 1e-10,
        "phi_h": 4.393128878539861
    },
    "wollaston": {
        "eta": 0.9999999999
    }
}