{
    "hwp": {
        "phi": 2.9840310134697767,
        "delta_theta": -1.5121229589927792
    },
    "image_rotator": {
        "phi_h": 1.2430469933005457,
        "delta_theta": -0.3983665926803476
    }
}