{
    "hwp": {
        "phi": 3.0215540352161323,
        "delta_theta": -1.5317531229364754
    },
    "image_rotator": {
        "phi_h": 1.0688845005934164,
        "delta_theta": -0.4316770280320389
    }
}