{
    "hwp": {
        "phi": 3.0446176439832326,
        "delta_theta": -1.4678571787236787
    },
    "image_rotator": {
        "phi_h": 1.0177046231867544,
        "delta_theta": -0.4163297054074176
    }
}