{
    "image_rotator": {
        "phi_45": 1e-10,
        "phi_r": 0.009942686760430197,
        "phi_h": 0.9850123517205464
    },
    "wollaston": {
        "eta": 0.9887188691143804
    }
}