{
    "image_rotator": {
        "phi_45": 0.011062820731452047,
        "phi_r": 0.012439473574553913,
        "phi_h": 1.5207832276347948
    },
    "wollaston": {
        "eta": 0.9891466691811018
    }
}