{
    "hwp": {
        "phi": 2.960066223968744,
        "delta_theta": -1.5389056267868115
    },
    "image_rotator": {
        "phi_h": 1.5216095408514856,
        "delta_theta": -0.43086564568884095
    }
}