{
    "image_rotator": {
        "phi_45": 0.007801976812308844,
        "phi_r": 0.014609051896742218,
        "phi_h": 1.1472065169988377
    },
    "wollaston": {
        "eta": 0.9875974008497339
    }
}