{
    "hwp": {
        "phi": 2.9968153475169794,
        "delta_theta": -1.5590766789851258
    },
    "image_rotator": {
        "phi_h": 1.1510246713688965,
        "delta_theta": -0.37446995246524517
    }
}