{
    "image_rotator": {
        "phi_45": 0.006225715504292508,
        "phi_r": 0.011662810782115859,
        "phi_h": 1.2403612185336652
    },
    "wollaston": {
        "eta": 0.9893158916448375
    }
}