{
    "hwp": {
        "phi": 3.1682820611655798,
        "delta_theta": -1.4105095016385485
    },
    "image_rotator": {
        "phi_h": 0.9661678192592765,
        "delta_theta": 0.2854596329878101
    }
}