{
    "hwp": {
        "phi": 3.09780653139446,
        "delta_theta": -1.469136520335761
    },
    "image_rotator": {
        "phi_h": 0.9683765963770355,
        "delta_theta": -0.12404129307072743
    }
}