{
    "image_rotator": {
        "phi_45": 1e-10,
        "phi_r": 0.009343088837943676,
        "phi_h": 1.0118040294529826
    },
    "wollaston": {
        "eta": 0.9863125696206756
    }
}