{
    "hwp": {
        "phi": 3.0688113863105753,
        "delta_theta": -1.4803459625614341
    },
    "image_rotator": {
        "phi_h": 0.9906303174857151,
        "delta_theta": -0.29883738385387565
    }
}