{
    "hwp": {
        "phi": 3.0096715789350026,
        "delta_theta": -2.046369091339095
    },
    "image_rotator": {
        "phi_h": 4.123421401628806,
        "delta_theta": -1.1317947973763307
    }
}