{
    "hwp": {
        "phi": 2.9693479801858613,
        "delta_theta": -1.490923589148418
    },
    "image_rotator": {
        "phi_h": 1.3587689283514794,
        "delta_theta": -0.38040827897927065
    }
}