{
    "hwp": {
        "phi": 3.1331253807057355,
        "delta_theta": -1.4532531723626563
    },
    "image_rotator": {
        "phi_h": 0.9614934620233742,
        "delta_theta": 0.09382027182483012
    }
}