{
    "hwp": {
        "phi": 3.2133439334131007,
        "delta_theta": -1.4944917216709217
    },
    "image_rotator": {
        "phi_h": 0.983064163036631,
        "delta_theta": 0.5142155210392865
    }
}