{
    "hwp": {
        "phi": 3.252485617262969,
        "delta_theta": -1.4039288163874937
    },
    "image_rotator": {
        "phi_h": 1.0067966280163125,
        "delta_theta": 0.6102031457594702
    }
}