{
    "hwp": {
        "phi": 3.0205948562463494,
        "delta_theta": -2.082664027811545
    },
    "image_rotator": {
        "phi_h": 3.9167570451775666,
        "delta_theta": -1.15222685211351
    }
}