{
    "image_rotator": {
        "phi_45": 0.02865020097701587,
        "phi_r": 0.0047523589496119715,
        "phi_h": 0.999669318240245
    },
    "wollaston": {
        "eta": 0.9531327270643922
    }
}