{
    "hwp": {
        "phi": 3.0456389449333834,
        "delta_theta": -2.5804868972794033
    },
    "image_rotator": {
        "phi_h": 3.68248449918149,
        "delta_theta": -1.566933119274021
    }
}