{
    "hwp": {
        "phi": 2.8627214841856,
        "delta_theta": -4.999999999999899
    },
    "image_rotator": {
        "phi_h": 3.17110861481079,
        "delta_theta": -3.9576281690448725
    }
}