{
    "hwp": {
        "phi": 2.9847565568437693,
        "delta_theta": 0.8819360090486827
    },
    "image_rotator": {
        "phi_h": 2.685518779479748,
        "delta_theta": 1.8707347466959836
    }
}