{
    "image_rotator": {
        "phi_45": 0.013452378265728067,
        "phi_r": 1.2396898209107986e-17,
        "phi_h": 2.4520428900238826
    },
    "wollaston": {
        "eta": 0.9887170552945049
    }
}