{
    "hwp": {
        "phi": 2.9545438727771596,
        "delta_theta": -0.9661928650062074
    },
    "image_rotator": {
        "phi_h": 2.4550286296978854,
        "delta_theta": 0.08692534344944605
    }
}