{
    "hwp": {
        "phi": 2.9530361975630695,
        "delta_theta": -1.3920423287201316
    },
    "image_rotator": {
        "phi_h": 2.1784131182985242,
        "delta_theta": -0.3419309995411461
    }
}