{
    "hwp": {
        "phi": 2.9488384380886203,
        "delta_theta": -1.439934025551532
    },
    "image_rotator": {
        "phi_h": 1.937210175813185,
        "delta_theta": -0.4284671882496131
    }
}