{
    "hwp": {
        "phi": 2.9534177089036184,
        "delta_theta": -1.568428828603847
    },
    "image_rotator": {
        "phi_h": 1.7234606535398782,
        "delta_theta": -0.526419204546684
    }
}