{
    "image_rotator": {
        "phi_45": 0.009579333086930809,
        "phi_r": 0.01374361166115243,
        "phi_h": 1.7226520960379257
    },
    "wollaston": {
        "eta": 0.9908029865925453
    }
}