filepath,D_IMRANG,RET-ANG1,single_sum,single_diff,LCOUNTS,RCOUNTS,sum_std,diff_std,p,a,wavelength_bin
/home/thomasmc/charis_mm_testing/BD343631-broadband-unpol/cubes/data/raw/CRSA00123422_cube.fits,97.8916,0.0,96796.6244612764,2487.293109946608,47154.6656756649,49641.95878561151,280.00884382237547,280.00884382237547,126.5757623688055,66.77899114,1804.7021
/home/thomasmc/charis_mm_testing/BD343631-broadband-unpol/cubes/data/raw/CRSA00123423_cube.fits,97.80772,45.0,98777.97803624248,1253.6073778251666,48762.18532920865,50015.79270703382,244.6222919608368,244.6222919608368,126.1145151377112,66.60077713,1804.7021
/home/thomasmc/charis_mm_testing/BD343631-broadband-unpol/cubes/data/raw/CRSA00123424_cube.fits,97.70938,22.5,100217.19195368644,970.3741801177092,49623.40888678436,50593.78306690207,239.44740630441592,239.44740630441592,125.6585613281019,66.4212248,1804.7021
/home/thomasmc/charis_mm_testing/BD343631-broadband-unpol/cubes/data/raw/CRSA00123425_cube.fits,97.61756,67.5,95800.29048268848,1121.9662032312626,47339.16213972861,48461.12834295988,205.9213210852897,205.9213210852897,125.2092898301123,66.24067105,1804.7021
/home/thomasmc/charis_mm_testing/BD343631-broadband-unpol/cubes/data/raw/CRSA00123426_cube.fits,97.53779,0.0,94729.32423235849,1934.3815633617776,46397.47133449835,48331.85289786013,227.54214075330225,227.54214075330225,124.7656254339029,66.05939067,1804.7021
/home/thomasmc/charis_mm_testing/BD343631-broadband-unpol/cubes/data/raw/CRSA00123427_cube.fits,97.43921,45.0,96750.42725100068,1448.9177412131469,47650.75475489377,49099.67249610692,242.22352461833935,242.22352461833935,124.3265538099569,65.87713501,1804.7021
/home/thomasmc/charis_mm_testing/BD343631-broadband-unpol/cubes/data/raw/CRSA00123428_cube.fits,97.34929,22.5,100434.22253125955,1596.0285612791995,49419.096984990174,51015.12554626937,230.1705935847421,230.1705935847421,123.8937832315757,65.69393151,1804.7021
/home/thomasmc/charis_mm_testing/BD343631-broadband-unpol/cubes/data/raw/CRSA00123429_cube.fits,97.25913,67.5,97518.51299409344,1401.102023001069,48058.70548554618,49459.80750854725,214.0904664674616,214.0904664674616,123.46673480239,65.50953458,1804.7021
