filepath,D_IMRANG,RET-ANG1,single_sum,single_diff,LCOUNTS,RCOUNTS,sum_std,diff_std,p,a,wavelength_bin
/home/thomasmc/charis_mm_testing/BD343631-broadband-unpol/cubes/data/raw/CRSA00123422_cube.fits,97.8916,0.0,220989.07717636385,-5626.192827054358,113307.6350017091,107681.44217465476,604.0873250182556,604.0873250182556,126.5757623688055,66.77899114,1241.2219
/home/thomasmc/charis_mm_testing/BD343631-broadband-unpol/cubes/data/raw/CRSA00123423_cube.fits,97.80772,45.0,232348.59279223107,-11665.120671592202,122006.85673191164,110341.73606031944,508.5123056242304,508.5123056242304,126.1145151377112,66.60077713,1241.2219
/home/thomasmc/charis_mm_testing/BD343631-broadband-unpol/cubes/data/raw/CRSA00123424_cube.fits,97.70938,22.5,231266.46735678575,-7932.105962526868,119599.28665965633,111667.18069712946,550.4839137451792,550.4839137451792,125.6585613281019,66.4212248,1241.2219
/home/thomasmc/charis_mm_testing/BD343631-broadband-unpol/cubes/data/raw/CRSA00123425_cube.fits,97.61756,67.5,217731.05843586344,-10914.47727737308,114322.76785661826,103408.29057924518,437.0250555558629,437.0250555558629,125.2092898301123,66.24067105,1241.2219
/home/thomasmc/charis_mm_testing/BD343631-broadband-unpol/cubes/data/raw/CRSA00123426_cube.fits,97.53779,0.0,215781.30372060827,-6124.224765648862,110952.76424312856,104828.5394774797,462.46423570858974,462.46423570858974,124.7656254339029,66.05939067,1241.2219
/home/thomasmc/charis_mm_testing/BD343631-broadband-unpol/cubes/data/raw/CRSA00123427_cube.fits,97.43921,45.0,218977.9357484984,-10762.82775111722,114870.3817498078,104107.55399869058,516.717964816068,516.717964816068,124.3265538099569,65.87713501,1241.2219
/home/thomasmc/charis_mm_testing/BD343631-broadband-unpol/cubes/data/raw/CRSA00123428_cube.fits,97.34929,22.5,230263.4151473121,-7958.242303997351,119110.82872565472,111152.58642165738,550.5663621620962,550.5663621620962,123.8937832315757,65.69393151,1241.2219
/home/thomasmc/charis_mm_testing/BD343631-broadband-unpol/cubes/data/raw/CRSA00123429_cube.fits,97.25913,67.5,222635.205462428,-9122.563274185915,115878.88436830696,106756.32109412104,481.02177511297606,481.02177511297606,123.46673480239,65.50953458,1241.2219
