filepath,D_IMRANG,RET-ANG1,single_sum,single_diff,LCOUNTS,RCOUNTS,sum_std,diff_std,p,a,wavelength_bin
/home/thomasmc/charis_mm_testing/BD343631-broadband-unpol/cubes/data/raw/CRSA00123422_cube.fits,97.8916,0.0,182024.5910016317,-9784.369867939531,95904.4804347856,86120.11056684607,497.2165198710583,497.2165198710583,126.5757623688055,66.77899114,1374.6208
/home/thomasmc/charis_mm_testing/BD343631-broadband-unpol/cubes/data/raw/CRSA00123423_cube.fits,97.80772,45.0,191866.3098005049,-15109.056418680266,103487.6831095926,88378.62669091232,418.538232932925,418.538232932925,126.1145151377112,66.60077713,1374.6208
/home/thomasmc/charis_mm_testing/BD343631-broadband-unpol/cubes/data/raw/CRSA00123424_cube.fits,97.70938,22.5,192426.50175910853,-14018.003623055352,103222.25269108194,89204.24906802659,440.2667127198827,440.2667127198827,125.6585613281019,66.4212248,1374.6208
/home/thomasmc/charis_mm_testing/BD343631-broadband-unpol/cubes/data/raw/CRSA00123425_cube.fits,97.61756,67.5,181981.46247430888,-14630.798874499742,98306.13067440432,83675.33179990457,355.94649393598706,355.94649393598706,125.2092898301123,66.24067105,1374.6208
/home/thomasmc/charis_mm_testing/BD343631-broadband-unpol/cubes/data/raw/CRSA00123426_cube.fits,97.53779,0.0,178459.32963207446,-10535.287354900036,94497.30849348725,83962.02113858721,386.0758609101707,386.0758609101707,124.7656254339029,66.05939067,1374.6208
/home/thomasmc/charis_mm_testing/BD343631-broadband-unpol/cubes/data/raw/CRSA00123427_cube.fits,97.43921,45.0,183189.57415888045,-14928.413528311969,99058.9938435962,84130.58031528424,418.7659933183844,418.7659933183844,124.3265538099569,65.87713501,1374.6208
/home/thomasmc/charis_mm_testing/BD343631-broadband-unpol/cubes/data/raw/CRSA00123428_cube.fits,97.34929,22.5,190022.21569389792,-13360.696987129357,101691.45634051364,88330.75935338429,436.8101594612198,436.8101594612198,123.8937832315757,65.69393151,1374.6208
/home/thomasmc/charis_mm_testing/BD343631-broadband-unpol/cubes/data/raw/CRSA00123429_cube.fits,97.25913,67.5,183717.0423859213,-13839.514483545674,98778.27843473348,84938.76395118781,394.2832381610011,394.2832381610011,123.46673480239,65.50953458,1374.6208
