filepath,D_IMRANG,RET-ANG1,single_sum,single_diff,LCOUNTS,RCOUNTS,sum_std,diff_std,p,a,wavelength_bin
/home/thomasmc/charis_mm_testing/BD343631-broadband-unpol/cubes/data/raw/CRSA00123422_cube.fits,97.8916,0.0,178165.50500912088,-7226.977012059506,92696.2410105902,85469.26399853069,481.12530508334703,481.12530508334703,126.5757623688055,66.77899114,1522.3565
/home/thomasmc/charis_mm_testing/BD343631-broadband-unpol/cubes/data/raw/CRSA00123423_cube.fits,97.80772,45.0,182097.09633779083,-11428.925320167577,96763.0108289792,85334.08550881164,397.34575789292114,397.34575789292114,126.1145151377112,66.60077713,1522.3565
/home/thomasmc/charis_mm_testing/BD343631-broadband-unpol/cubes/data/raw/CRSA00123424_cube.fits,97.70938,22.5,184880.94930224845,-9280.949636906502,97080.94946957748,87799.99983267098,407.30238972613216,407.30238972613216,125.6585613281019,66.4212248,1522.3565
/home/thomasmc/charis_mm_testing/BD343631-broadband-unpol/cubes/data/raw/CRSA00123425_cube.fits,97.61756,67.5,175876.3673464605,-9539.152197369023,92707.75977191476,83168.60757454572,345.94317299064267,345.94317299064267,125.2092898301123,66.24067105,1522.3565
/home/thomasmc/charis_mm_testing/BD343631-broadband-unpol/cubes/data/raw/CRSA00123426_cube.fits,97.53779,0.0,171702.13459118974,-6586.323526709501,89144.22905894961,82557.90553224011,386.456081096973,386.456081096973,124.7656254339029,66.05939067,1522.3565
/home/thomasmc/charis_mm_testing/BD343631-broadband-unpol/cubes/data/raw/CRSA00123427_cube.fits,97.43921,45.0,175949.8787856468,-11222.039491469608,93585.95913855822,82363.91964708861,413.128506935259,413.128506935259,124.3265538099569,65.87713501,1522.3565
/home/thomasmc/charis_mm_testing/BD343631-broadband-unpol/cubes/data/raw/CRSA00123428_cube.fits,97.34929,22.5,182624.79860971644,-9876.448200791405,96250.62340525392,86374.17520446252,402.6795526474823,402.6795526474823,123.8937832315757,65.69393151,1522.3565
/home/thomasmc/charis_mm_testing/BD343631-broadband-unpol/cubes/data/raw/CRSA00123429_cube.fits,97.25913,67.5,177574.25892547116,-10287.477437649228,93930.8681815602,83643.39074391096,379.920516699209,379.920516699209,123.46673480239,65.50953458,1522.3565
