{
    "image_rotator": {
        "phi": 4.312066337130084,
        "delta_theta": 0.7430632859310238
    },
    "hwp": {
        "phi": 2.9880260107965793,
        "delta_theta": 1.0086243800315176
    },
    "lp_rot": {
        "pa": -3.6041485421308814
    },
    "lp": {
        "epsilon": 0.9999999999999999
    }
}