{
    "image_rotator": {
        "phi": 0.8833335583340653,
        "delta_theta": -0.4894276653605357
    },
    "hwp": {
        "phi": 3.0322486152304924,
        "delta_theta": -4.289120288822215
    },
    "lp_rot": {
        "pa": 4.9999999999975
    },
    "lp": {
        "epsilon": 0.9444992926701031
    }
}