{
    "image_rotator": {
        "phi": 1.2482943384049685,
        "delta_theta": -0.432335576361261
    },
    "hwp": {
        "phi": 2.9978562154767787,
        "delta_theta": -2.1454421640238643
    },
    "lp_rot": {
        "pa": 0.9840214054504173
    },
    "lp": {
        "epsilon": 0.9911772126236703
    }
}