{
    "image_rotator": {
        "phi": 4.03621477199608,
        "delta_theta": 0.5791209795170852
    },
    "hwp": {
        "phi": 2.989013804922707,
        "delta_theta": -0.22014348160570893
    },
    "lp_rot": {
        "pa": -1.8564546124532941
    },
    "lp": {
        "epsilon": 0.9879059096019824
    }
}