{
    "image_rotator": {
        "phi": 0.8140414999434662,
        "delta_theta": -0.34225237213049786
    },
    "hwp": {
        "phi": 3.09196024405944,
        "delta_theta": -4.290284839331199
    },
    "lp_rot": {
        "pa": 4.999999999999463
    },
    "lp": {
        "epsilon": 0.9204574223749028
    }
}