{
    "image_rotator": {
        "phi": 1.5293897180270715,
        "delta_theta": -0.31839055925214943
    },
    "hwp": {
        "phi": 2.9866719153569585,
        "delta_theta": -1.2360776252824053
    },
    "lp_rot": {
        "pa": -0.6059378034694864
    },
    "lp": {
        "epsilon": 0.9882401238803644
    }
}