{
    "image_rotator": {
        "phi": 1.36581719101951,
        "delta_theta": -0.4054131736099218
    },
    "hwp": {
        "phi": 2.9908881275138754,
        "delta_theta": -1.3942414321848402
    },
    "lp_rot": {
        "pa": -0.3892285882017135
    },
    "lp": {
        "epsilon": 0.9896386922737129
    }
}