{
    "image_rotator": {
        "phi": 0.8153764386178506,
        "delta_theta": 0.5662701064782278
    },
    "hwp": {
        "phi": 3.29207450051099,
        "delta_theta": 0.7687061386817348
    },
    "lp_rot": {
        "pa": -4.9999999999975
    },
    "lp": {
        "epsilon": 0.8780327963425179
    }
}