{
    "image_rotator": {
        "phi": 0.8025966673331143,
        "delta_theta": 0.440902421242573
    },
    "hwp": {
        "phi": 3.258783125208599,
        "delta_theta": 0.7462334122163297
    },
    "lp_rot": {
        "pa": -4.9999999999975
    },
    "lp": {
        "epsilon": 0.8990336060077668
    }
}