{
    "image_rotator": {
        "phi": 3.5309201812415028,
        "delta_theta": -0.5963739766236916
    },
    "hwp": {
        "phi": 3.016119600007162,
        "delta_theta": -1.8322186979888868
    },
    "lp_rot": {
        "pa": -0.6226035641454915
    },
    "lp": {
        "epsilon": 0.9847567653842786
    }
}