{
    "image_rotator": {
        "phi": 2.752393541022008,
        "delta_theta": 1.1491730438294545
    },
    "hwp": {
        "phi": 3.017258019781733,
        "delta_theta": 0.27124922018778513
    },
    "lp_rot": {
        "pa": -0.9843815137667481
    },
    "lp": {
        "epsilon": 0.9858411134309502
    }
}