{
    "image_rotator": {
        "phi": 1.9432293610365574,
        "delta_theta": -0.028243337362742243
    },
    "hwp": {
        "phi": 2.9857155232828236,
        "delta_theta": -0.8835100236484126
    },
    "lp_rot": {
        "pa": -0.7308897202497046
    },
    "lp": {
        "epsilon": 0.9862508623889289
    }
}