FILE_NAME,SIMPLE,BITPIX,NAXIS,NAXIS1,NAXIS2,NAXIS3,EXTEND,AIRMASS,ALTITUDE,AUTOGUID,AZIMUTH,BACKFILE,BIAS,BUNIT,CDELT1,CDELT2,COL_METH,CRPIX1,CRPIX2,CRVAL1,CRVAL2,CTYPE1,CTYPE2,CUNIT1,CUNIT2,DATA-TYP,DATE,DATE-OBS,DC,DEC,DEROTANG,DETECTOR,DETGAIN,DIAMETER,DLAMLAM,D_ADFG,D_BNCHI,D_BNCHO,D_BNCTI,D_BNCTO,D_BS1,D_BS1P,D_BS1S,D_BS2,D_BS2P,D_BS2S,D_DMCMTX,D_DMGAIN,D_ENSHUT,D_HDFG,D_HTTG,D_IMR,D_IMRANG,D_IMRDEC,D_IMRMOD,D_IMRPAD,D_IMRPAP,D_IMRRA,D_LDFG,D_LOOP,D_LTTG,D_PSUBG,D_SADC,D_SADCA1,D_SADCA2,D_SADCDC,D_SADCFC,D_SADCMD,D_SADCP,D_SADCPA,D_SADCRA,D_SADCST,D_STTG,D_TTCMTX,D_TTGAIN,D_WTTG,EFFGAIN,ENF,EQUINOX,EXPTIME,FIELD,FILTER01,FILTER02,FILTNAME,FOC-POS,FOC-VAL,FRAMEID,FULLWELL,GAIN,HST,HST-END,HST-STR,INST-PA,INSTRUME,LATPOLE,LONPOLE,M2-TYPE,MAX,MAX0,MAXER0,MEAN,MEAN0,MEANER0,MED,MED0,MEDER0,MJD,MJD-END,MJD-STR,MJDREF,NCOADD,NDIT,NOISE,NOISEADU,NVAR,NVAR0,NVARER0,OBJECT,OBS-ALOC,OBS-MOD,OBSERVAT,OBSERVER,OUT-HUM,OUT-PRS,OUT-TMP,OUT-WND,PA,PA-END,PA-ROT,PA-STR,PAOFFSET,PC1_1,PC1_2,PC2_1,PC2_2,PHOTE,PHOTE0,PHOTEER0,PHOTF,PHOTF0,PHOTFER0,PHOTR,PRD-MIN1,PRD-MIN2,PRD-RNG1,PRD-RNG2,PROP-ID,PXAREA,PXSCALE,RA,RADESYS,RESELEM,RET-ANG1,RETPLAT1,RN,SUM,SUM0,SUMER0,TELESCOP,TELFOCUS,TIMESYS,TINT,TOMEANE,TONVARE,TOTMAX,TOTMEAN,TOTMED,TOTMEDE,TOTNVAR,TOTSUM,TOTSUME,TOTVAR,TOTVARE,UT,UT-END,UT-STR,U_AOHWP,U_AQDTIM,U_AQNCYC,U_AQSDEL,U_AQTINT,U_CAMERA,U_EMGAIN,U_FILTER,U_FLC,U_FLCOFF,U_FLCSTT,U_HWPANG,U_LOOPIT,U_MANGLE,U_MASK,U_NLOOPS,U_NPOLST,U_OGFNAM,U_OGFNUM,U_ORGDIR,U_PLSTIT,U_QWP1,U_QWP2,VAR,VAR0,VARER0,WAVEAVE,WAVEFWHM,WAVEMAX,WAVEMIN,WCSAXES,ZD,MAX_X,MAX_Y,MAX_PIXEL_VALUE,R_15_TOTAL_COUNTS,NORM_I,DOUBLE_DIFFERENCE,DOUBLE_SUM,Q,U,Q_sem,U_sem,SCIENCE_REGION_MAX_RADIUS,APPENDIX_D_APERTURE_RADIUS,BACKGROUND_ANNULUS_INNER_RADIUS,BACKGROUND_ANNULUS_OUTER_RADIUS,BACKGROUND_ANNULUS_WIDTH,R_73_RAW_TOTAL_COUNTS,R_73_TOTAL_COUNTS,R_73_ANNULUS_R_73_TO_76_BACKGROUND_PER_PIXEL,R_73_ANNULUS_R_73_TO_76_BACKGROUND_TOTAL_COUNTS,R_73_TOTAL_COUNTS_NOISE,R_73_ANNULUS_R_73_TO_76_SNR,DOUBLE_DIFFERENCE_ERRS,APPENDIX_D_Q_OVER_I,APPENDIX_D_U_OVER_I
HD173667_05_20210714_675-50_EmptySlot_00_cam1_FLC1_fix_coll.fits,True,-32,3,366,366,1,True,1.13,62.23723,OFF,83.29487,DARKS_256_10ms_em1_20210715_625-50_EmptySlot_00_cam1_coll.fits,150,e-/s,-1.7333333333333e-06,1.7333333333333e-06,median,183.5,183.5,-78.58520833333337,20.54629444444445,RA---TAN,DEC--TAN,deg,deg,ACQUISITION,2021-07-14T07:40:31,2021-07-14,0.00015,20:32:46.66,-164.8976600230996,VCAM1 - Ultra 897,1.0,7.92,0.0718429257239067,0.0,5.0,3.0,12.4,7.8,SCEXAO,348.72,35708928.0,MIRROR,152.63,15629312.0,ao188cmtx.oct,10.0,OPEN,1.0,1.0,TRACK,95.5587,+20:32:46.71,ADI,54.737,-39.0,18:45:39.730,0.0,ON,0.0,0.01,IN,156.62698,76.62704,+20:32:47,1.0,ADI,163.025,-39.0,18:45:39.7,SYNC,0.0,ao188ttctrl.oct,0.001,0.0,4.5,1.414213562373095,2000.0,0.01,SCI,675-50,Unknown,675-50,Nasmyth-IR,-0.12,VMPA00010533,294912.0,4.5,21:40:23.530,21:40:28.959,21:40:18.101,140.4,VAMPIRES,20.546294444444,180.0,IR,9467922.0,9467922.0,123565.7425356721,50938.94921875,50938.94921875,65.59309974413615,15484.0498046875,15484.0498046875,82.24202883825835,59409.31971678241,59409.31977961805,59409.31965394676,0.0,500,1002,83.20051002502441,18.4890022277832,1989735.25,1989735.25,26090.21755466979,HD173667,Observation,IMAG_POL,NAOJ,"""[Summit] Vievard, Skaf [Hilo] Guyon, Lozi, Deo, Ahn""",4.7,622.6,277.85,10.7,-86.2976600230996,-86.29562756754086,-0.0098370489436945,-86.28579051859717,-78.6,-0.96546199099143,0.26054393861856,-0.26054393861856,-0.96546199099143,343993.2914920942,343993.2914920942,344153.5033744444,347573607.444,347573607.444,1510227.035082971,15.0,128.0,128.0,256,256,o21013,3.89376e-05,6.24,-5:14:20.45,ICRS,17.58157104787457,0.0,HWP(NIR),89,509389504.0,509389504.0,655930.9979654399,Subaru,NS_IR,UTC,5.0,251.7454681396484,28121.68099935399,7339577.0,10675.93359375,2804.398681640625,315.5161542245302,1192574.375,596304256.0,90376.625,12731844608.0,0.7095238326685613,07:40:23.530,07:40:28.959,07:40:18.101,T,10000.0,501.0,100000.0,10000.0,1.0,1.0,675-50,A,0.0,1,0.0,1.0,1.0,EmptySlot,5.0,4.0,HD173667_05_20210714_675-50_EmptySlot_0,0,/data/20210714/,1.0,152.0,165.0,101810757632.0,101810757632.0,1359811791.857873,675.0838654091856,48.5,699.3999999999999,650.8999999999999,2,27.76277,182.0,183.0,7339577.0,315762047.62976027,"(-0.0030075296942178448, 0.0)",-0.0006902563920871346,-0.07462033095126659,0.0,0.0,0,0,104.0,73,73,76,3,508330196.1401367,430215817.4265137,4669.399169921875,78114378.71362305,98467.90066726661,4369.09708149723,0.00011100568538769702,,
HD173667_05_20210714_675-50_EmptySlot_00_cam1_FLC2_fix_coll.fits,True,-32,3,366,366,1,True,1.13,62.23723,OFF,83.29487,DARKS_256_10ms_em1_20210715_625-50_EmptySlot_00_cam1_coll.fits,150,e-/s,-1.7333333333333e-06,1.7333333333333e-06,median,183.5,183.5,-78.58520833333337,20.54629444444445,RA---TAN,DEC--TAN,deg,deg,ACQUISITION,2021-07-14T07:40:31,2021-07-14,0.00015,20:32:46.66,-164.8976600230996,VCAM1 - Ultra 897,1.0,7.92,0.0718429257239067,0.0,5.0,3.0,12.4,7.8,SCEXAO,348.72,35708928.0,MIRROR,152.63,15629312.0,ao188cmtx.oct,10.0,OPEN,1.0,1.0,TRACK,95.5587,+20:32:46.71,ADI,54.737,-39.0,18:45:39.730,0.0,ON,0.0,0.01,IN,156.62698,76.62704,+20:32:47,1.0,ADI,163.025,-39.0,18:45:39.7,SYNC,0.0,ao188ttctrl.oct,0.001,0.0,4.5,1.414213562373095,2000.0,0.01,SCI,675-50,Unknown,675-50,Nasmyth-IR,-0.12,VMPA00010533,294912.0,4.5,21:40:23.530,21:40:28.959,21:40:18.101,140.4,VAMPIRES,20.546294444444,180.0,IR,9357744.0,9357744.0,124120.8575914263,50109.13671875,50109.13671875,66.45315612462254,15198.525390625,15198.525390625,83.87827813177422,59409.31971678241,59409.31977961805,59409.31965394676,0.0,500,1002,83.20051002502441,18.4890022277832,1967810.0,1967810.0,26433.63846482415,HD173667,Observation,IMAG_POL,NAOJ,"""[Summit] Vievard, Skaf [Hilo] Guyon, Lozi, Deo, Ahn""",4.7,622.6,277.85,10.7,-86.2976600230996,-86.29562756754086,-0.0098370489436945,-86.28579051859717,-78.6,-0.96546199099143,0.26054393861856,-0.26054393861856,-0.96546199099143,342474.3078890321,342474.3078890321,342636.8386236912,342372200.778,342372200.778,1511277.052855559,15.0,128.0,128.0,256,256,o21013,3.89376e-05,6.24,-5:14:20.45,ICRS,17.58157104787457,0.0,HWP(NIR),89,501091328.0,501091328.0,664531.6756700164,Subaru,NS_IR,UTC,5.0,251.6725616455078,28865.06045338325,7216578.5,10351.9716796875,2655.846435546875,315.4247794847216,1187297.875,583012672.0,90350.4453125,12290874368.0,0.6849493185733313,07:40:23.530,07:40:28.959,07:40:18.101,T,10000.0,501.0,100000.0,10000.0,1.0,1.0,675-50,B,0.0,2,0.0,1.0,1.0,EmptySlot,5.0,4.0,HD173667_05_20210714_675-50_EmptySlot_0,0,/data/20210714/,1.0,152.0,165.0,99106283520.0,99106283520.0,1362763808.015889,675.0838654091856,48.5,699.3999999999999,650.8999999999999,2,27.76277,182.0,183.0,7216578.5,310922886.6430434,0,0.0,0.0,0.0,0.0,0,0,105.0,73,73,76,3,499385795.15185547,423142630.2380371,4557.544677734375,76243164.91381836,96670.79510641747,4377.150614849415,0.0,,
HD173667_05_20210714_675-50_EmptySlot_00_cam2_FLC1_fix_coll.fits,True,-32,3,366,366,1,True,1.13,62.23723,OFF,83.29487,DARKS_256_10ms_em1_20210715_625-50_EmptySlot_00_cam2_coll.fits,150,e-/s,-1.7333333333333e-06,1.7333333333333e-06,median,183.5,183.5,-78.58520833333337,20.54629444444445,RA---TAN,DEC--TAN,deg,deg,ACQUISITION,2021-07-14T07:40:33,2021-07-14,0.00015,20:32:46.66,-164.8976600230996,VCAM2 - Ultra 897,1.0,7.92,0.0718429257239067,0.0,5.0,3.0,12.4,7.8,SCEXAO,348.72,35708928.0,MIRROR,152.63,15629312.0,ao188cmtx.oct,10.0,OPEN,1.0,1.0,TRACK,95.5587,+20:32:46.71,ADI,54.737,-39.0,18:45:39.730,0.0,ON,0.0,0.01,IN,156.62698,76.62704,+20:32:47,1.0,ADI,163.025,-39.0,18:45:39.7,SYNC,0.0,ao188ttctrl.oct,0.001,0.0,4.5,1.414213562373095,2000.0,0.01,SCI,675-50,Unknown,675-50,Nasmyth-IR,-0.12,VMPA00010535,294912.0,4.5,21:40:23.530,21:40:28.959,21:40:18.101,140.4,VAMPIRES,20.546294444444,180.0,IR,10970399.0,10970399.0,140217.0699437197,59150.42578125,59150.42578125,72.118880709018,17222.849609375,17222.849609375,95.96232030669344,59409.31971678241,59409.31977961805,59409.31965394676,0.0,500,1002,77.31856727600098,17.18190383911133,2318273.5,2318273.5,30059.23821473192,HD173667,Observation,IMAG_POL,NAOJ,"""[Summit] Vievard, Skaf [Hilo] Guyon, Lozi, Deo, Ahn""",4.7,622.6,277.85,10.7,-86.2976600230996,-86.29562756754086,-0.0098370489436945,-86.28579051859717,-78.6,-0.96546199099143,0.26054393861856,-0.26054393861856,-0.96546199099143,351155.2289448191,351155.2289448191,351362.6004243279,405977024.574,405977024.574,1754677.286737494,15.0,128.0,128.0,256,256,o21013,3.89376e-05,6.24,-5:14:20.45,ICRS,17.58157104787457,0.0,HWP(NIR),89,591504192.0,591504192.0,721188.8083130297,Subaru,NS_IR,UTC,5.0,232.0114593505859,26447.81409862102,8395836.0,12449.732421875,3150.384033203125,290.7832420232899,1419189.375,678572672.0,83292.1171875,17668528128.0,0.9846367263321568,07:40:23.530,07:40:28.959,07:40:18.101,T,10000.0,501.0,100000.0,10000.0,2.0,1.0,675-50,A,0.0,1,0.0,1.0,1.0,EmptySlot,5.0,4.0,HD173667_05_20210714_675-50_EmptySlot_0,0,/data/20210714/,1.0,152.0,165.0,137711517696.0,137711517696.0,1815293478.035769,675.0838654091856,48.5,699.3999999999999,650.8999999999999,2,27.76277,182.0,183.0,8395836.0,368400980.7977189,0,0.0,0.0,0.0,0.0,0,0,105.0,73,73,76,3,586687081.1835938,499665069.50927734,5201.86572265625,87022011.6743164,108498.24563772389,4605.2824778168415,0.0,,
HD173667_05_20210714_675-50_EmptySlot_00_cam2_FLC2_fix_coll.fits,True,-32,3,366,366,1,True,1.13,62.23723,OFF,83.29487,DARKS_256_10ms_em1_20210715_625-50_EmptySlot_00_cam2_coll.fits,150,e-/s,-1.7333333333333e-06,1.7333333333333e-06,median,183.5,183.5,-78.58520833333337,20.54629444444445,RA---TAN,DEC--TAN,deg,deg,ACQUISITION,2021-07-14T07:40:33,2021-07-14,0.00015,20:32:46.66,-164.8976600230996,VCAM2 - Ultra 897,1.0,7.92,0.0718429257239067,0.0,5.0,3.0,12.4,7.8,SCEXAO,348.72,35708928.0,MIRROR,152.63,15629312.0,ao188cmtx.oct,10.0,OPEN,1.0,1.0,TRACK,95.5587,+20:32:46.71,ADI,54.737,-39.0,18:45:39.730,0.0,ON,0.0,0.01,IN,156.62698,76.62704,+20:32:47,1.0,ADI,163.025,-39.0,18:45:39.7,SYNC,0.0,ao188ttctrl.oct,0.001,0.0,4.5,1.414213562373095,2000.0,0.01,SCI,675-50,Unknown,675-50,Nasmyth-IR,-0.12,VMPA00010535,294912.0,4.5,21:40:23.530,21:40:28.959,21:40:18.101,140.4,VAMPIRES,20.546294444444,180.0,IR,10860833.0,10860833.0,142420.4018860289,58225.2578125,58225.2578125,69.5071849743702,17020.123046875,17020.123046875,98.033565617258,59409.31971678241,59409.31977961805,59409.31965394676,0.0,500,1002,77.31856727600098,17.18190383911133,2285738.75,2285738.75,30498.5193590817,HD173667,Observation,IMAG_POL,NAOJ,"""[Summit] Vievard, Skaf [Hilo] Guyon, Lozi, Deo, Ahn""",4.7,622.6,277.85,10.7,-86.2976600230996,-86.29562756754086,-0.0098370489436945,-86.28579051859717,-78.6,-0.96546199099143,0.26054393861856,-0.26054393861856,-0.96546199099143,349172.3992747474,349172.3992747474,349382.2167104876,399035074.77,399035074.77,1750087.698913786,15.0,128.0,128.0,256,256,o21013,3.89376e-05,6.24,-5:14:20.45,ICRS,17.58157104787457,0.0,HWP(NIR),89,582252480.0,582252480.0,695071.75794263,Subaru,NS_IR,UTC,5.0,231.9433746337891,26440.87447030935,8199593.0,12208.224609375,3109.895263671875,290.6979104851932,1391702.375,668217152.0,83267.671875,16990215168.0,0.9468355100947587,07:40:23.530,07:40:28.959,07:40:18.101,T,10000.0,501.0,100000.0,10000.0,2.0,1.0,675-50,B,0.0,2,0.0,1.0,1.0,EmptySlot,5.0,4.0,HD173667_05_20210714_675-50_EmptySlot_0,0,/data/20210714/,1.0,152.0,165.0,133691752448.0,133691752448.0,1817973931.787761,675.0838654091856,48.5,699.3999999999999,650.8999999999999,2,27.76277,182.0,182.0,8199593.0,360567251.6785343,0,0.0,0.0,0.0,0.0,0,0,106.0,73,73,76,3,576917573.3803711,491318813.2380371,5116.788818359375,85598760.14233398,105369.68448767516,4662.8099498153615,0.0,,
HD173667_05_20210714_675-50_EmptySlot_01_cam1_FLC1_fix_coll.fits,True,-32,3,366,366,1,True,1.129,62.31879,OFF,83.3062,DARKS_256_10ms_em1_20210715_625-50_EmptySlot_00_cam1_coll.fits,150,e-/s,-1.7333333333333e-06,1.7333333333333e-06,median,183.5,183.5,-78.5851916666667,20.54632222222223,RA---TAN,DEC--TAN,deg,deg,ACQUISITION,2021-07-14T07:40:52,2021-07-14,0.00015,20:32:46.76,-164.9182380753786,VCAM1 - Ultra 897,1.0,7.92,0.0718429257239067,0.0,5.0,3.0,12.4,7.8,SCEXAO,348.72,35708928.0,MIRROR,152.63,15629312.0,ao188cmtx.oct,10.0,OPEN,1.0,1.0,TRACK,95.59656,+20:32:46.71,ADI,54.717,-39.0,18:45:39.730,0.0,ON,0.0,0.01,IN,156.57596,76.57601,+20:32:47,1.0,ADI,163.025,-39.0,18:45:39.7,SYNC,0.0,ao188ttctrl.oct,0.001,0.0,4.5,1.414213562373095,2000.0,0.01,SCI,675-50,Unknown,675-50,Nasmyth-IR,-0.12,VMPA00010537,294912.0,4.5,21:40:44.198,21:40:49.676,21:40:38.720,140.4,VAMPIRES,20.546322222222,180.0,IR,7729836.5,7729836.5,108884.1338679843,47629.8515625,47629.8515625,103.4996490738772,17158.05078125,17158.05078125,61.77782513497814,59409.31995599537,59409.32001939815,59409.31989259259,0.0,500,1002,83.20051002502441,18.4890022277832,1484604.25,1484604.25,22892.46006386441,HD173667,Observation,IMAG_POL,NAOJ,"""[Summit] Vievard, Skaf [Hilo] Guyon, Lozi, Deo, Ahn""",4.5,622.7,277.85,10.7,-86.3182380753786,-86.31629947147125,-0.0108656112598595,-86.3054338602114,-78.6,-0.96555550431819,0.26019717154658,-0.26019717154658,-0.96555550431819,329128.4752447001,329128.4752447001,329296.1551815713,297569148.93,297569148.93,1533141.967063606,15.0,128.0,128.0,256,256,o21013,3.89376e-05,6.24,-5:14:20.446,ICRS,17.58157104787457,45.0,HWP(NIR),89,476298464.0,476298464.0,1034996.531092811,Subaru,NS_IR,UTC,5.0,251.6165771484375,19613.86575314612,5688328.5,10392.6494140625,3175.033935546875,315.354613323073,810121.625,577924864.0,90330.3515625,8419310080.0,0.4691936903340073,07:40:44.198,07:40:49.676,07:40:38.720,T,10000.0,501.0,100000.0,10000.0,1.0,1.0,675-50,A,0.0,1,45.0,1.0,1.0,EmptySlot,5.0,4.0,HD173667_05_20210714_675-50_EmptySlot_0,1,/data/20210714/,2.0,152.0,165.0,71578927104.0,71578927104.0,1209932515.837504,675.0838654091856,48.5,699.3999999999999,650.8999999999999,2,27.68121,182.0,183.0,5688328.5,265783024.2251961,"(0.04004519329525918, 0.0)",0.018656665313441515,-0.07849643562635394,0.0,0.0,0,0,103.0,73,73,76,3,480408116.2614746,390537657.4304199,5372.1357421875,89870458.83105469,92592.0781515442,4217.830134358062,0.00011978136374880756,,
HD173667_05_20210714_675-50_EmptySlot_01_cam1_FLC2_fix_coll.fits,True,-32,3,366,366,1,True,1.129,62.31879,OFF,83.3062,DARKS_256_10ms_em1_20210715_625-50_EmptySlot_00_cam1_coll.fits,150,e-/s,-1.7333333333333e-06,1.7333333333333e-06,median,183.5,183.5,-78.5851916666667,20.54632222222223,RA---TAN,DEC--TAN,deg,deg,ACQUISITION,2021-07-14T07:40:52,2021-07-14,0.00015,20:32:46.76,-164.9182380753786,VCAM1 - Ultra 897,1.0,7.92,0.0718429257239067,0.0,5.0,3.0,12.4,7.8,SCEXAO,348.72,35708928.0,MIRROR,152.63,15629312.0,ao188cmtx.oct,10.0,OPEN,1.0,1.0,TRACK,95.59656,+20:32:46.71,ADI,54.717,-39.0,18:45:39.730,0.0,ON,0.0,0.01,IN,156.57596,76.57601,+20:32:47,1.0,ADI,163.025,-39.0,18:45:39.7,SYNC,0.0,ao188ttctrl.oct,0.001,0.0,4.5,1.414213562373095,2000.0,0.01,SCI,675-50,Unknown,675-50,Nasmyth-IR,-0.12,VMPA00010537,294912.0,4.5,21:40:44.198,21:40:49.676,21:40:38.720,140.4,VAMPIRES,20.546322222222,180.0,IR,7432913.5,7432913.5,103935.5924500385,45076.15234375,45076.15234375,96.83670149766068,16383.375,16383.375,60.362300207835,59409.31995599537,59409.32001939815,59409.31989259259,0.0,500,1002,83.20051002502441,18.4890022277832,1419551.75,1419551.75,21770.46404216688,HD173667,Observation,IMAG_POL,NAOJ,"""[Summit] Vievard, Skaf [Hilo] Guyon, Lozi, Deo, Ahn""",4.5,622.7,277.85,10.7,-86.3182380753786,-86.31629947147125,-0.0108656112598595,-86.3054338602114,-78.6,-0.96555550431819,0.26019717154658,-0.26019717154658,-0.96555550431819,324116.6608875425,324116.6608875425,324272.6883753112,281151139.878,281151139.878,1445781.299052047,15.0,128.0,128.0,256,256,o21013,3.89376e-05,6.24,-5:14:20.446,ICRS,17.58157104787457,45.0,HWP(NIR),89,450761536.0,450761536.0,968367.0719264632,Subaru,NS_IR,UTC,5.0,251.4392547607422,19268.52447855007,5369345.5,9848.6982421875,3082.24365234375,315.1323726677119,754734.5,550030080.0,90266.6875,7433152512.0,0.4142368228253658,07:40:44.198,07:40:49.676,07:40:38.720,T,10000.0,501.0,100000.0,10000.0,1.0,1.0,675-50,B,0.0,2,45.0,1.0,1.0,EmptySlot,5.0,4.0,HD173667_05_20210714_675-50_EmptySlot_0,1,/data/20210714/,2.0,152.0,165.0,64717598720.0,64717598720.0,1083362361.598968,675.0838654091856,48.5,699.3999999999999,650.8999999999999,2,27.68121,182.0,183.0,5369345.5,250120334.75350872,0,0.0,0.0,0.0,0.0,0,0,103.0,73,73,76,3,454278444.3034668,368087385.25756836,5152.1943359375,86191059.04589844,90790.88135435735,4054.232977659079,0.0,,
HD173667_05_20210714_675-50_EmptySlot_01_cam2_FLC1_fix_coll.fits,True,-32,3,366,366,1,True,1.129,62.31879,OFF,83.3062,DARKS_256_10ms_em1_20210715_625-50_EmptySlot_00_cam2_coll.fits,150,e-/s,-1.7333333333333e-06,1.7333333333333e-06,median,183.5,183.5,-78.5851916666667,20.54632222222223,RA---TAN,DEC--TAN,deg,deg,ACQUISITION,2021-07-14T07:40:54,2021-07-14,0.00015,20:32:46.76,-164.9182380753786,VCAM2 - Ultra 897,1.0,7.92,0.0718429257239067,0.0,5.0,3.0,12.4,7.8,SCEXAO,348.72,35708928.0,MIRROR,152.63,15629312.0,ao188cmtx.oct,10.0,OPEN,1.0,1.0,TRACK,95.59656,+20:32:46.71,ADI,54.717,-39.0,18:45:39.730,0.0,ON,0.0,0.01,IN,156.57596,76.57601,+20:32:47,1.0,ADI,163.025,-39.0,18:45:39.7,SYNC,0.0,ao188ttctrl.oct,0.001,0.0,4.5,1.414213562373095,2000.0,0.01,SCI,675-50,Unknown,675-50,Nasmyth-IR,-0.12,VMPA00010539,294912.0,4.5,21:40:44.198,21:40:49.676,21:40:38.720,140.4,VAMPIRES,20.546322222222,180.0,IR,8740434.0,8740434.0,123764.9761924673,53352.0859375,53352.0859375,111.530867171931,18432.44921875,18432.44921875,70.97916843428507,59409.31995599537,59409.32001939815,59409.31989259259,0.0,500,1002,77.31856727600098,17.18190383911133,1687728.625,1687728.625,25802.55299953439,HD173667,Observation,IMAG_POL,NAOJ,"""[Summit] Vievard, Skaf [Hilo] Guyon, Lozi, Deo, Ahn""",4.5,622.7,277.85,10.7,-86.3182380753786,-86.31629947147125,-0.0108656112598595,-86.3054338602114,-78.6,-0.96555550431819,0.26019717154658,-0.26019717154658,-0.96555550431819,330729.1626894169,330729.1626894169,330936.5486046146,336290689.638,336290689.638,1714517.120649929,15.0,128.0,128.0,256,256,o21013,3.89376e-05,6.24,-5:14:20.446,ICRS,17.58157104787457,45.0,HWP(NIR),89,533520832.0,533520832.0,1115308.669098918,Subaru,NS_IR,UTC,5.0,231.6620788574219,19083.29264143948,6300769.5,11541.6005859375,3298.67529296875,290.345358511905,950745.75,626362688.0,83166.6875,10973127680.0,0.611513558921617,07:40:44.198,07:40:49.676,07:40:38.720,T,10000.0,501.0,100000.0,10000.0,2.0,1.0,675-50,A,0.0,1,45.0,1.0,1.0,EmptySlot,5.0,4.0,HD173667_05_20210714_675-50_EmptySlot_0,1,/data/20210714/,2.0,152.0,165.0,91083251712.0,91083251712.0,1520232268.699139,675.0838654091856,48.5,699.3999999999999,650.8999999999999,2,27.68121,182.0,183.0,6300769.5,299951589.78968114,0,0.0,0.0,0.0,0.0,0,0,104.0,73,73,76,3,533500808.59033203,439800568.6801758,5601.06640625,93700239.91015625,104747.98157837255,4198.654351646065,0.0,,
HD173667_05_20210714_675-50_EmptySlot_01_cam2_FLC2_fix_coll.fits,True,-32,3,366,366,1,True,1.129,62.31879,OFF,83.3062,DARKS_256_10ms_em1_20210715_625-50_EmptySlot_00_cam2_coll.fits,150,e-/s,-1.7333333333333e-06,1.7333333333333e-06,median,183.5,183.5,-78.5851916666667,20.54632222222223,RA---TAN,DEC--TAN,deg,deg,ACQUISITION,2021-07-14T07:40:54,2021-07-14,0.00015,20:32:46.76,-164.9182380753786,VCAM2 - Ultra 897,1.0,7.92,0.0718429257239067,0.0,5.0,3.0,12.4,7.8,SCEXAO,348.72,35708928.0,MIRROR,152.63,15629312.0,ao188cmtx.oct,10.0,OPEN,1.0,1.0,TRACK,95.59656,+20:32:46.71,ADI,54.717,-39.0,18:45:39.730,0.0,ON,0.0,0.01,IN,156.57596,76.57601,+20:32:47,1.0,ADI,163.025,-39.0,18:45:39.7,SYNC,0.0,ao188ttctrl.oct,0.001,0.0,4.5,1.414213562373095,2000.0,0.01,SCI,675-50,Unknown,675-50,Nasmyth-IR,-0.12,VMPA00010539,294912.0,4.5,21:40:44.198,21:40:49.676,21:40:38.720,140.4,VAMPIRES,20.546322222222,180.0,IR,9028219.0,9028219.0,124715.0479350873,54708.2734375,54708.2734375,113.7371391068986,18854.099609375,18854.099609375,71.76202696987444,59409.31995599537,59409.32001939815,59409.31989259259,0.0,500,1002,77.31856727600098,17.18190383911133,1737894.375,1737894.375,26259.3816873376,HD173667,Observation,IMAG_POL,NAOJ,"""[Summit] Vievard, Skaf [Hilo] Guyon, Lozi, Deo, Ahn""",4.5,622.7,277.85,10.7,-86.3182380753786,-86.31629947147125,-0.0108656112598595,-86.3054338602114,-78.6,-0.96555550431819,0.26019717154658,-0.26019717154658,-0.96555550431819,333230.3656233021,333230.3656233021,333441.5555452444,344613788.982,344613788.982,1750606.401352043,15.0,128.0,128.0,256,256,o21013,3.89376e-05,6.24,-5:14:20.446,ICRS,17.58157104787457,45.0,HWP(NIR),89,547082752.0,547082752.0,1137371.415176594,Subaru,NS_IR,UTC,5.0,231.7820739746094,18801.17050686188,6433794.0,11835.8212890625,3431.9150390625,290.495750088685,960071.1875,642401024.0,83209.765625,11363230720.0,0.6332533313268298,07:40:44.198,07:40:49.676,07:40:38.720,T,10000.0,501.0,100000.0,10000.0,2.0,1.0,675-50,B,0.0,2,45.0,1.0,1.0,EmptySlot,5.0,4.0,HD173667_05_20210714_675-50_EmptySlot_0,1,/data/20210714/,2.0,152.0,165.0,96126345216.0,96126345216.0,1583688022.561619,675.0838654091856,48.5,699.3999999999999,650.8999999999999,2,27.68121,182.0,183.0,6433794.0,305975737.8935083,0,0.0,0.0,0.0,0.0,0,0,104.0,73,73,76,3,545319688.9848633,448068383.91796875,5813.33642578125,97251305.06689453,105408.73104018584,4250.7710651326215,0.0,,
HD173667_05_20210714_675-50_EmptySlot_02_cam1_FLC1_fix_coll.fits,True,-32,3,366,366,1,True,1.128,62.39453,OFF,83.31677,DARKS_256_10ms_em1_20210715_625-50_EmptySlot_00_cam1_coll.fits,150,e-/s,-1.7333333333333e-06,1.7333333333333e-06,median,183.5,183.5,-78.58520000000001,20.54630833333334,RA---TAN,DEC--TAN,deg,deg,ACQUISITION,2021-07-14T07:41:12,2021-07-14,0.00015,20:32:46.71,-164.937289242783,VCAM1 - Ultra 897,1.0,7.92,0.0718429257239067,0.0,5.0,3.0,12.4,7.8,SCEXAO,348.72,35708928.0,MIRROR,152.63,15629312.0,ao188cmtx.oct,10.0,OPEN,1.0,1.0,TRACK,95.63591,+20:32:46.71,ADI,54.697,-39.0,18:45:39.730,0.0,ON,0.0,0.01,IN,156.52,76.52204,+20:32:47,1.0,ADI,163.025,-39.0,18:45:39.7,SYNC,0.0,ao188ttctrl.oct,0.001,0.0,4.5,1.414213562373095,2000.0,0.01,SCI,675-50,Unknown,675-50,Nasmyth-IR,-0.12,VMPA00010541,294912.0,4.5,21:41:03.720,21:41:09.148,21:40:58.291,140.4,VAMPIRES,20.546308333333,180.0,IR,7963855.5,7963855.5,123637.7103835279,47598.4609375,47598.4609375,149.2255905503465,16880.400390625,16880.400390625,74.770357272162,59409.32018193866,59409.32024476852,59409.32011910879,0.0,500,1002,83.20051002502441,18.4890022277832,1544317.625,1544317.625,27739.94099202462,HD173667,Observation,IMAG_POL,NAOJ,"""[Summit] Vievard, Skaf [Hilo] Guyon, Lozi, Deo, Ahn""",4.6,622.6,277.85,10.7,-86.33728924278304,-86.33589869167453,-0.010791306448155,-86.32510738522637,-78.6,-0.96564196795671,0.25987610455886,-0.25987610455886,-0.96564196795671,329868.9533480971,329868.9533480971,330203.7353188788,300571999.164,300571999.164,2142919.585432653,15.0,128.0,128.0,256,256,o21013,3.89376e-05,6.24,-5:14:20.448,ICRS,17.58157104787457,22.5,HWP(NIR),89,475984608.0,475984608.0,1492255.885588484,Subaru,NS_IR,UTC,5.0,251.6178436279297,19668.57873771631,5501641.0,10332.884765625,3196.00927734375,315.3562006197251,807705.6875,576905600.0,90330.8046875,8345929728.0,0.4651043293500621,07:41:03.720,07:41:09.148,07:40:58.291,T,10000.0,501.0,100000.0,10000.0,1.0,1.0,675-50,A,0.0,1,22.5,1.0,1.0,EmptySlot,5.0,4.0,HD173667_05_20210714_675-50_EmptySlot_0,2,/data/20210714/,3.0,152.0,165.0,75094917120.0,75094917120.0,1477003197.23411,675.0838654091856,48.5,699.3999999999999,650.8999999999999,2,27.60547,182.0,183.0,5501641.0,267018192.0644185,"(0.03692518480045028, 0.0)",0.016970190985486796,-0.07953068504181698,0.0,0.0,0,0,103.0,73,73,76,3,477638494.17822266,388592853.46435547,5322.8310546875,89045640.71386719,98398.69610028272,3949.1666949358996,0.00012232205162787118,,
HD173667_05_20210714_675-50_EmptySlot_02_cam1_FLC2_fix_coll.fits,True,-32,3,366,366,1,True,1.128,62.39453,OFF,83.31677,DARKS_256_10ms_em1_20210715_625-50_EmptySlot_00_cam1_coll.fits,150,e-/s,-1.7333333333333e-06,1.7333333333333e-06,median,183.5,183.5,-78.58520000000001,20.54630833333334,RA---TAN,DEC--TAN,deg,deg,ACQUISITION,2021-07-14T07:41:12,2021-07-14,0.00015,20:32:46.71,-164.937289242783,VCAM1 - Ultra 897,1.0,7.92,0.0718429257239067,0.0,5.0,3.0,12.4,7.8,SCEXAO,348.72,35708928.0,MIRROR,152.63,15629312.0,ao188cmtx.oct,10.0,OPEN,1.0,1.0,TRACK,95.63591,+20:32:46.71,ADI,54.697,-39.0,18:45:39.730,0.0,ON,0.0,0.01,IN,156.52,76.52204,+20:32:47,1.0,ADI,163.025,-39.0,18:45:39.7,SYNC,0.0,ao188ttctrl.oct,0.001,0.0,4.5,1.414213562373095,2000.0,0.01,SCI,675-50,Unknown,675-50,Nasmyth-IR,-0.12,VMPA00010541,294912.0,4.5,21:41:03.720,21:41:09.148,21:40:58.291,140.4,VAMPIRES,20.546308333333,180.0,IR,7448354.0,7448354.0,115099.184188386,45175.203125,45175.203125,145.54108988748,16178.625,16178.625,69.23726820432253,59409.32018193866,59409.32024476852,59409.32011910879,0.0,500,1002,83.20051002502441,18.4890022277832,1449681.25,1449681.25,25804.62415749855,HD173667,Observation,IMAG_POL,NAOJ,"""[Summit] Vievard, Skaf [Hilo] Guyon, Lozi, Deo, Ahn""",4.6,622.6,277.85,10.7,-86.33728924278304,-86.33589869167453,-0.010791306448155,-86.32510738522637,-78.6,-0.96564196795671,0.25987610455886,-0.25987610455886,-0.96564196795671,325074.4641829269,325074.4641829269,325388.90309058,284787173.358,284787173.358,2032788.640310965,15.0,128.0,128.0,256,256,o21013,3.89376e-05,6.24,-5:14:20.448,ICRS,17.58157104787457,22.5,HWP(NIR),89,451752032.0,451752032.0,1455410.941325153,Subaru,NS_IR,UTC,5.0,251.4473266601562,19354.25291191123,5189108.0,9870.6474609375,3096.173095703125,315.1424892933625,759757.5625,551107840.0,90269.5859375,7499298816.0,0.4179230427389712,07:41:03.720,07:41:09.148,07:40:58.291,T,10000.0,501.0,100000.0,10000.0,1.0,1.0,675-50,B,0.0,2,22.5,1.0,1.0,EmptySlot,5.0,4.0,HD173667_05_20210714_675-50_EmptySlot_0,2,/data/20210714/,3.0,152.0,165.0,66959261696.0,66959261696.0,1311240130.757731,675.0838654091856,48.5,699.3999999999999,650.8999999999999,2,27.60547,182.0,183.0,5189108.0,253335775.99937177,0,0.0,0.0,0.0,0.0,0,0,103.0,73,73,76,3,454625600.8562012,368802355.1777344,5130.207763671875,85823245.6784668,93047.02412864655,3963.6125779565964,0.0,,
HD173667_05_20210714_675-50_EmptySlot_02_cam2_FLC1_fix_coll.fits,True,-32,3,366,366,1,True,1.128,62.39453,OFF,83.31677,DARKS_256_10ms_em1_20210715_625-50_EmptySlot_00_cam2_coll.fits,150,e-/s,-1.7333333333333e-06,1.7333333333333e-06,median,183.5,183.5,-78.58520000000001,20.54630833333334,RA---TAN,DEC--TAN,deg,deg,ACQUISITION,2021-07-14T07:41:14,2021-07-14,0.00015,20:32:46.71,-164.937289242783,VCAM2 - Ultra 897,1.0,7.92,0.0718429257239067,0.0,5.0,3.0,12.4,7.8,SCEXAO,348.72,35708928.0,MIRROR,152.63,15629312.0,ao188cmtx.oct,10.0,OPEN,1.0,1.0,TRACK,95.63591,+20:32:46.71,ADI,54.697,-39.0,18:45:39.730,0.0,ON,0.0,0.01,IN,156.52,76.52204,+20:32:47,1.0,ADI,163.025,-39.0,18:45:39.7,SYNC,0.0,ao188ttctrl.oct,0.001,0.0,4.5,1.414213562373095,2000.0,0.01,SCI,675-50,Unknown,675-50,Nasmyth-IR,-0.12,VMPA00010543,294912.0,4.5,21:41:03.720,21:41:09.148,21:40:58.291,140.4,VAMPIRES,20.546308333333,180.0,IR,8985956.0,8985956.0,138160.178093257,53541.61328125,53541.61328125,166.1467292576573,18126.67578125,18126.67578125,82.96644171035379,59409.32018193866,59409.32024476852,59409.32011910879,0.0,500,1002,77.31856727600098,17.18190383911133,1759098.125,1759098.125,31315.5115160208,HD173667,Observation,IMAG_POL,NAOJ,"""[Summit] Vievard, Skaf [Hilo] Guyon, Lozi, Deo, Ahn""",4.6,622.6,277.85,10.7,-86.33728924278304,-86.33589869167453,-0.010791306448155,-86.32510738522637,-78.6,-0.96564196795671,0.25987610455886,-0.25987610455886,-0.96564196795671,332106.3820494539,332106.3820494539,332528.9739798405,341563816.35,341563816.35,2423675.87173375,15.0,128.0,128.0,256,256,o21013,3.89376e-05,6.24,-5:14:20.448,ICRS,17.58157104787457,22.5,HWP(NIR),89,535416096.0,535416096.0,1661467.199290612,Subaru,NS_IR,UTC,5.0,231.6644439697266,19447.10078412294,6162217.5,11529.03125,3278.05712890625,290.3483227405928,967806.0,623098048.0,83167.5390625,11157865472.0,0.6218086787769289,07:41:03.720,07:41:09.148,07:40:58.291,T,10000.0,501.0,100000.0,10000.0,2.0,1.0,675-50,A,0.0,1,22.5,1.0,1.0,EmptySlot,5.0,4.0,HD173667_05_20210714_675-50_EmptySlot_0,2,/data/20210714/,3.0,152.0,165.0,96164675584.0,96164675584.0,1870953788.031873,675.0838654091856,48.5,699.3999999999999,650.8999999999999,2,27.60547,182.0,182.0,6162217.5,302616099.98557925,0,0.0,0.0,0.0,0.0,0,0,104.0,73,73,76,3,532030041.27734375,440069874.673584,5497.051025390625,91960166.60375977,100627.08081269084,4373.274779706056,0.0,,
HD173667_05_20210714_675-50_EmptySlot_02_cam2_FLC2_fix_coll.fits,True,-32,3,366,366,1,True,1.128,62.39453,OFF,83.31677,DARKS_256_10ms_em1_20210715_625-50_EmptySlot_00_cam2_coll.fits,150,e-/s,-1.7333333333333e-06,1.7333333333333e-06,median,183.5,183.5,-78.58520000000001,20.54630833333334,RA---TAN,DEC--TAN,deg,deg,ACQUISITION,2021-07-14T07:41:14,2021-07-14,0.00015,20:32:46.71,-164.937289242783,VCAM2 - Ultra 897,1.0,7.92,0.0718429257239067,0.0,5.0,3.0,12.4,7.8,SCEXAO,348.72,35708928.0,MIRROR,152.63,15629312.0,ao188cmtx.oct,10.0,OPEN,1.0,1.0,TRACK,95.63591,+20:32:46.71,ADI,54.697,-39.0,18:45:39.730,0.0,ON,0.0,0.01,IN,156.52,76.52204,+20:32:47,1.0,ADI,163.025,-39.0,18:45:39.7,SYNC,0.0,ao188ttctrl.oct,0.001,0.0,4.5,1.414213562373095,2000.0,0.01,SCI,675-50,Unknown,675-50,Nasmyth-IR,-0.12,VMPA00010543,294912.0,4.5,21:41:03.720,21:41:09.148,21:40:58.291,140.4,VAMPIRES,20.546308333333,180.0,IR,9006828.0,9006828.0,138387.4967638497,54575.9296875,54575.9296875,166.9612017328407,18411.9765625,18411.9765625,89.54566229787174,59409.32018193866,59409.32024476852,59409.32011910879,0.0,500,1002,77.31856727600098,17.18190383911133,1778416.625,1778416.625,31529.65415605601,HD173667,Observation,IMAG_POL,NAOJ,"""[Summit] Vievard, Skaf [Hilo] Guyon, Lozi, Deo, Ahn""",4.6,622.6,277.85,10.7,-86.33728924278304,-86.33589869167453,-0.010791306448155,-86.32510738522637,-78.6,-0.96564196795671,0.25987610455886,-0.25987610455886,-0.96564196795671,334176.8997608771,334176.8997608771,334609.3896280062,348514244.766,348514244.766,2474915.878673546,15.0,128.0,128.0,256,256,o21013,3.89376e-05,6.24,-5:14:20.448,ICRS,17.58157104787457,22.5,HWP(NIR),89,545759232.0,545759232.0,1669612.032177296,Subaru,NS_IR,UTC,5.0,231.7408599853516,19486.15875017771,6235260.0,11672.337890625,3298.49609375,290.444096013293,981480.0625,633469440.0,83194.96875,11456166912.0,0.6384325056862175,07:41:03.720,07:41:09.148,07:40:58.291,T,10000.0,501.0,100000.0,10000.0,2.0,1.0,675-50,B,0.0,2,22.5,1.0,1.0,EmptySlot,5.0,4.0,HD173667_05_20210714_675-50_EmptySlot_0,2,/data/20210714/,3.0,152.0,165.0,99105202176.0,99105202176.0,1920020581.127616,675.0838654091856,48.5,699.3999999999999,650.8999999999999,2,27.60547,182.0,183.0,6235260.0,309268641.0727166,0,0.0,0.0,0.0,0.0,0,0,104.0,73,73,76,3,541820399.9042969,448206741.55444336,5595.890869140625,93613658.34985352,110219.49900209466,4066.492277794925,0.0,,
HD173667_05_20210714_675-50_EmptySlot_03_cam1_FLC1_fix_coll.fits,True,-32,3,366,366,1,True,1.127,62.47729,OFF,83.32824,DARKS_256_10ms_em1_20210715_625-50_EmptySlot_00_cam1_coll.fits,150,e-/s,-1.7333333333333e-06,1.7333333333333e-06,median,183.5,183.5,-78.58520000000001,20.54631111111112,RA---TAN,DEC--TAN,deg,deg,ACQUISITION,2021-07-14T07:41:33,2021-07-14,0.00015,20:32:46.72,-164.9582803798566,VCAM1 - Ultra 897,1.0,7.92,0.0718429257239067,0.0,5.0,3.0,12.4,7.7,SCEXAO,348.72,35708928.0,MIRROR,152.63,15629312.0,ao188cmtx.oct,10.0,OPEN,1.0,1.0,TRACK,95.68089,+20:32:46.71,ADI,54.677,-39.0,18:45:39.730,0.0,ON,0.0,0.01,IN,156.46498,76.46703,+20:32:47,1.0,ADI,163.025,-39.0,18:45:39.7,SYNC,0.0,ao188ttctrl.oct,0.001,0.0,4.5,1.414213562373095,2000.0,0.01,SCI,675-50,Unknown,675-50,Nasmyth-IR,-0.12,VMPA00010545,294912.0,4.5,21:41:25.045,21:41:30.510,21:41:19.579,140.4,VAMPIRES,20.546311111111,180.0,IR,9509732.0,9509732.0,114287.6368569721,50682.43359375,50682.43359375,53.86191521031478,15412.724609375,15412.724609375,44.37282009681348,59409.32042875579,59409.32049201389,59409.32036549768,0.0,500,1002,83.20051002502441,18.4890022277832,2001249.375,2001249.375,23184.91958726907,HD173667,Observation,IMAG_POL,NAOJ,"""[Summit] Vievard, Skaf [Hilo] Guyon, Lozi, Deo, Ahn""",4.5,622.6,277.85,10.7,-86.3582803798566,-86.35656842851286,-0.0108026093087829,-86.34576581920408,-78.6,-0.96573711251653,0.25952231023215,-0.25952231023215,-0.96573711251653,343622.895759316,343622.895759316,343655.0441684494,345864867.48,345864867.48,720882.7165707583,15.0,128.0,128.0,256,256,o21013,3.89376e-05,6.24,-5:14:20.448,ICRS,17.58157104787457,67.5,HWP(NIR),89,506824288.0,506824288.0,538619.0903492393,Subaru,NS_IR,UTC,5.0,251.7322845458984,28250.84152703639,6965448.5,10495.36328125,2764.961669921875,315.4996310401027,1177849.875,593250432.0,90371.890625,12361962496.0,0.6889109378507218,07:41:25.045,07:41:30.510,07:41:19.579,T,10000.0,501.0,100000.0,10000.0,1.0,1.0,675-50,A,0.0,1,67.5,1.0,1.0,EmptySlot,5.0,4.0,HD173667_05_20210714_675-50_EmptySlot_0,3,/data/20210714/,4.0,152.0,165.0,101682487296.0,101682487296.0,1222607290.435229,675.0838654091856,48.5,699.3999999999999,650.8999999999999,2,27.52271,182.0,182.0,6965448.5,311228299.5683986,"(0.00286555978395564, 0.0)",0.001275722990699832,-0.07481870231079359,0.0,0.0,0,0,104.0,73,73,76,3,505030371.91430664,427074922.7849121,4659.89892578125,77955449.12939453,100296.72493778735,4258.114340720704,0.00011622647473205944,,
HD173667_05_20210714_675-50_EmptySlot_03_cam1_FLC2_fix_coll.fits,True,-32,3,366,366,1,True,1.127,62.47729,OFF,83.32824,DARKS_256_10ms_em1_20210715_625-50_EmptySlot_00_cam1_coll.fits,150,e-/s,-1.7333333333333e-06,1.7333333333333e-06,median,183.5,183.5,-78.58520000000001,20.54631111111112,RA---TAN,DEC--TAN,deg,deg,ACQUISITION,2021-07-14T07:41:33,2021-07-14,0.00015,20:32:46.72,-164.9582803798566,VCAM1 - Ultra 897,1.0,7.92,0.0718429257239067,0.0,5.0,3.0,12.4,7.7,SCEXAO,348.72,35708928.0,MIRROR,152.63,15629312.0,ao188cmtx.oct,10.0,OPEN,1.0,1.0,TRACK,95.68089,+20:32:46.71,ADI,54.677,-39.0,18:45:39.730,0.0,ON,0.0,0.01,IN,156.46498,76.46703,+20:32:47,1.0,ADI,163.025,-39.0,18:45:39.7,SYNC,0.0,ao188ttctrl.oct,0.001,0.0,4.5,1.414213562373095,2000.0,0.01,SCI,675-50,Unknown,675-50,Nasmyth-IR,-0.12,VMPA00010545,294912.0,4.5,21:41:25.045,21:41:30.510,21:41:19.579,140.4,VAMPIRES,20.546311111111,180.0,IR,9370933.0,9370933.0,112340.5359442046,49757.69140625,49757.69140625,50.7616910304265,15191.5498046875,15191.5498046875,44.96467661003279,59409.32042875579,59409.32049201389,59409.32036549768,0.0,500,1002,83.20051002502441,18.4890022277832,1964292.5,1964292.5,22626.44204429369,HD173667,Observation,IMAG_POL,NAOJ,"""[Summit] Vievard, Skaf [Hilo] Guyon, Lozi, Deo, Ahn""",4.5,622.6,277.85,10.7,-86.3582803798566,-86.35656842851286,-0.0108026093087829,-86.34576581920408,-78.6,-0.96573711251653,0.25952231023215,-0.25952231023215,-0.96573711251653,341779.0310310688,341779.0310310688,341810.1707690958,339555514.644,339555514.644,703577.6618543015,15.0,128.0,128.0,256,256,o21013,3.89376e-05,6.24,-5:14:20.448,ICRS,17.58157104787457,67.5,HWP(NIR),89,497576928.0,497576928.0,507616.9022683957,Subaru,NS_IR,UTC,5.0,251.6652984619141,28164.32596070413,6762034.0,10338.9453125,2729.27490234375,315.4156764340417,1157050.375,582061952.0,90347.84375,11962680320.0,0.6666596279616777,07:41:25.045,07:41:30.510,07:41:19.579,T,10000.0,501.0,100000.0,10000.0,1.0,1.0,675-50,B,0.0,2,67.5,1.0,1.0,EmptySlot,5.0,4.0,HD173667_05_20210714_675-50_EmptySlot_0,3,/data/20210714/,4.0,152.0,165.0,97940357120.0,97940357120.0,1162481450.365587,675.0838654091856,48.5,699.3999999999999,650.8999999999999,2,27.52271,182.0,182.0,6762034.0,305428425.83928555,0,0.0,0.0,0.0,0.0,0,0,104.0,73,73,76,3,495762641.54956055,419255708.9897461,4573.311767578125,76506932.55981445,98695.87017579722,4247.95595036517,0.0,,
HD173667_05_20210714_675-50_EmptySlot_03_cam2_FLC1_fix_coll.fits,True,-32,3,366,366,1,True,1.127,62.47729,OFF,83.32824,DARKS_256_10ms_em1_20210715_625-50_EmptySlot_00_cam2_coll.fits,150,e-/s,-1.7333333333333e-06,1.7333333333333e-06,median,183.5,183.5,-78.58520000000001,20.54631111111112,RA---TAN,DEC--TAN,deg,deg,ACQUISITION,2021-07-14T07:41:34,2021-07-14,0.00015,20:32:46.72,-164.9582803798566,VCAM2 - Ultra 897,1.0,7.92,0.0718429257239067,0.0,5.0,3.0,12.4,7.7,SCEXAO,348.72,35708928.0,MIRROR,152.63,15629312.0,ao188cmtx.oct,10.0,OPEN,1.0,1.0,TRACK,95.68089,+20:32:46.71,ADI,54.677,-39.0,18:45:39.730,0.0,ON,0.0,0.01,IN,156.46498,76.46703,+20:32:47,1.0,ADI,163.025,-39.0,18:45:39.7,SYNC,0.0,ao188ttctrl.oct,0.001,0.0,4.5,1.414213562373095,2000.0,0.01,SCI,675-50,Unknown,675-50,Nasmyth-IR,-0.12,VMPA00010547,294912.0,4.5,21:41:25.045,21:41:30.510,21:41:19.579,140.4,VAMPIRES,20.546311111111,180.0,IR,11041599.0,11041599.0,130821.7495816392,58254.0703125,58254.0703125,57.85571495375062,16719.30078125,16719.30078125,49.61825561516462,59409.32042875579,59409.32049201389,59409.32036549768,0.0,500,1002,77.31856727600098,17.18190383911133,2340854.75,2340854.75,26762.90506468094,HD173667,Observation,IMAG_POL,NAOJ,"""[Summit] Vievard, Skaf [Hilo] Guyon, Lozi, Deo, Ahn""",4.5,622.6,277.85,10.7,-86.3582803798566,-86.35656842851286,-0.0108026093087829,-86.34576581920408,-78.6,-0.96573711251653,0.25952231023215,-0.25952231023215,-0.96573711251653,350175.8117625926,350175.8117625926,350215.6160106765,401952352.734,401952352.734,824804.1935277402,15.0,128.0,128.0,256,256,o21013,3.89376e-05,6.24,-5:14:20.448,ICRS,17.58157104787457,67.5,HWP(NIR),89,582540736.0,582540736.0,578557.1427244866,Subaru,NS_IR,UTC,5.0,231.8879241943359,28332.9234631788,8248367.0,11860.7724609375,2763.467041015625,290.6284136655062,1449193.0,654572288.0,83247.765625,17188548608.0,0.9578882920621666,07:41:25.045,07:41:30.510,07:41:19.579,T,10000.0,501.0,100000.0,10000.0,2.0,1.0,675-50,A,0.0,1,67.5,1.0,1.0,EmptySlot,5.0,4.0,HD173667_05_20210714_675-50_EmptySlot_0,3,/data/20210714/,4.0,152.0,165.0,136669503488.0,136669503488.0,1617366157.196954,675.0838654091856,48.5,699.3999999999999,650.8999999999999,2,27.52271,182.0,182.0,8248367.0,361792997.5797949,0,0.0,0.0,0.0,0.0,0,0,105.0,73,73,76,3,575154021.7111816,494350035.5720215,4830.17431640625,80803986.13916016,113164.22817168747,4368.4302324053915,0.0,,
HD173667_05_20210714_675-50_EmptySlot_03_cam2_FLC2_fix_coll.fits,True,-32,3,366,366,1,True,1.127,62.47729,OFF,83.32824,DARKS_256_10ms_em1_20210715_625-50_EmptySlot_00_cam2_coll.fits,150,e-/s,-1.7333333333333e-06,1.7333333333333e-06,median,183.5,183.5,-78.58520000000001,20.54631111111112,RA---TAN,DEC--TAN,deg,deg,ACQUISITION,2021-07-14T07:41:34,2021-07-14,0.00015,20:32:46.72,-164.9582803798566,VCAM2 - Ultra 897,1.0,7.92,0.0718429257239067,0.0,5.0,3.0,12.4,7.7,SCEXAO,348.72,35708928.0,MIRROR,152.63,15629312.0,ao188cmtx.oct,10.0,OPEN,1.0,1.0,TRACK,95.68089,+20:32:46.71,ADI,54.677,-39.0,18:45:39.730,0.0,ON,0.0,0.01,IN,156.46498,76.46703,+20:32:47,1.0,ADI,163.025,-39.0,18:45:39.7,SYNC,0.0,ao188ttctrl.oct,0.001,0.0,4.5,1.414213562373095,2000.0,0.01,SCI,675-50,Unknown,675-50,Nasmyth-IR,-0.12,VMPA00010547,294912.0,4.5,21:41:25.045,21:41:30.510,21:41:19.579,140.4,VAMPIRES,20.546311111111,180.0,IR,10834091.0,10834091.0,127720.5469036448,57568.03125,57568.03125,56.59422541247939,16617.375,16617.375,48.04376568939644,59409.32042875579,59409.32049201389,59409.32036549768,0.0,500,1002,77.31856727600098,17.18190383911133,2295063.75,2295063.75,26027.62162672466,HD173667,Observation,IMAG_POL,NAOJ,"""[Summit] Vievard, Skaf [Hilo] Guyon, Lozi, Deo, Ahn""",4.5,622.6,277.85,10.7,-86.3582803798566,-86.35656842851286,-0.0108026093087829,-86.34576581920408,-78.6,-0.96573711251653,0.25952231023215,-0.25952231023215,-0.96573711251653,348638.4595189838,348638.4595189838,348677.795197411,396582801.48,396582801.48,814752.2002326226,15.0,128.0,128.0,256,256,o21013,3.89376e-05,6.24,-5:14:20.448,ICRS,17.58157104787457,67.5,HWP(NIR),89,575680320.0,575680320.0,565942.2757867024,Subaru,NS_IR,UTC,5.0,231.8406524658203,27827.97673569527,8181516.0,11844.8740234375,2794.1611328125,290.5691673398622,1421747.5,648234432.0,83230.7890625,16840420352.0,0.9384877022762892,07:41:25.045,07:41:30.510,07:41:19.579,T,10000.0,501.0,100000.0,10000.0,2.0,1.0,675-50,B,0.0,2,67.5,1.0,1.0,EmptySlot,5.0,4.0,HD173667_05_20210714_675-50_EmptySlot_0,3,/data/20210714/,4.0,152.0,165.0,132389298176.0,132389298176.0,1547490814.59905,675.0838654091856,48.5,699.3999999999999,650.8999999999999,2,27.52271,182.0,182.0,8181516.0,357103578.9055637,0,0.0,0.0,0.009673460852764324,-0.007847233997393482,0,0,105.0,73,73,76,3,568865911.2561035,488864815.01123047,4782.180419921875,80001096.24487305,112295.36202754301,4353.3838458201435,0.0,,
HD173667_05_20210714_675-50_EmptySlot_04_cam1_FLC1_fix_coll.fits,True,-32,3,366,366,1,True,1.126,62.56396,OFF,83.34021,DARKS_256_10ms_em1_20210715_625-50_EmptySlot_00_cam1_coll.fits,150,e-/s,-1.7333333333333e-06,1.7333333333333e-06,median,183.5,183.5,-78.58520416666668,20.54632222222223,RA---TAN,DEC--TAN,deg,deg,ACQUISITION,2021-07-14T07:41:55,2021-07-14,0.00015,20:32:46.76,-164.9800608482128,VCAM1 - Ultra 897,1.0,7.92,0.0718429257239067,0.0,5.0,3.0,12.4,7.7,SCEXAO,348.72,35708928.0,MIRROR,152.63,15629312.0,ao188cmtx.oct,10.0,OPEN,1.0,1.0,TRACK,95.72379,+20:32:46.71,ADI,54.655,-39.0,18:45:39.730,0.0,ON,0.0,0.01,IN,156.40797,76.40802,+20:32:47,1.0,ADI,163.025,-39.0,18:45:39.7,SYNC,0.0,ao188ttctrl.oct,0.001,0.0,4.5,1.414213562373095,2000.0,0.01,SCI,675-50,Unknown,675-50,Nasmyth-IR,-0.12,VMPA00010549,294912.0,4.5,21:41:46.699,21:41:52.369,21:41:41.029,140.4,VAMPIRES,20.546322222222,180.0,IR,7159007.0,7159007.0,146897.0323376633,46214.4453125,46214.4453125,238.4361865780644,17338.05078125,17338.05078125,94.4194661571206,59409.32067938658,59409.32074501157,59409.32061376157,0.0,500,1002,83.20051002502441,18.4890022277832,1364812.75,1364812.75,33665.39255849036,HD173667,Observation,IMAG_POL,NAOJ,"""[Summit] Vievard, Skaf [Hilo] Guyon, Lozi, Deo, Ahn""",4.6,622.6,277.85,10.6,-86.38006084821279,-86.37829927861972,-0.010899780647307,-86.36739949797241,-78.6,-0.96583569777703,0.25915517532853,-0.25915517532853,-0.96583569777703,323405.3998823681,323405.3998823681,324222.3732087425,280993235.436,280993235.436,3234992.941594156,15.0,128.0,128.0,256,256,o21013,3.89376e-05,6.24,-5:14:20.449,ICRS,17.58157104787457,0.0,HWP(NIR),89,462144448.0,462144448.0,2384361.859142317,Subaru,NS_IR,UTC,5.0,251.5556335449219,16229.16375353595,4779575.0,10071.60546875,3259.86328125,315.2782318432078,649771.6875,564775360.0,90308.4765625,6544244224.0,0.3646994906624904,07:41:46.699,07:41:52.369,07:41:41.029,T,10000.0,501.0,100000.0,10000.0,1.0,1.0,675-50,A,0.0,1,0.0,2.0,1.0,EmptySlot,5.0,4.0,HD173667_05_20210714_675-50_EmptySlot_0,4,/data/20210714/,1.0,152.0,165.0,66513182720.0,66513182720.0,1782647921.66873,675.0838654091856,48.5,699.3999999999999,650.8999999999999,2,27.43604,182.0,183.0,4779575.0,245784050.09639528,"(-0.0006761048388047725, 0.0)",0.0005256460530572365,-0.07259122881919952,0.0,0.0,0,0,103.0,73,73,76,3,462508775.3286133,371854855.2783203,5418.96826171875,90653920.05029297,102661.94123067784,3622.1295917517796,0.00013250869178230257,,
HD173667_05_20210714_675-50_EmptySlot_04_cam1_FLC2_fix_coll.fits,True,-32,3,366,366,1,True,1.126,62.56396,OFF,83.34021,DARKS_256_10ms_em1_20210715_625-50_EmptySlot_00_cam1_coll.fits,150,e-/s,-1.7333333333333e-06,1.7333333333333e-06,median,183.5,183.5,-78.58520416666668,20.54632222222223,RA---TAN,DEC--TAN,deg,deg,ACQUISITION,2021-07-14T07:41:55,2021-07-14,0.00015,20:32:46.76,-164.9800608482128,VCAM1 - Ultra 897,1.0,7.92,0.0718429257239067,0.0,5.0,3.0,12.4,7.7,SCEXAO,348.72,35708928.0,MIRROR,152.63,15629312.0,ao188cmtx.oct,10.0,OPEN,1.0,1.0,TRACK,95.72379,+20:32:46.71,ADI,54.655,-39.0,18:45:39.730,0.0,ON,0.0,0.01,IN,156.40797,76.40802,+20:32:47,1.0,ADI,163.025,-39.0,18:45:39.7,SYNC,0.0,ao188ttctrl.oct,0.001,0.0,4.5,1.414213562373095,2000.0,0.01,SCI,675-50,Unknown,675-50,Nasmyth-IR,-0.12,VMPA00010549,294912.0,4.5,21:41:46.699,21:41:52.369,21:41:41.029,140.4,VAMPIRES,20.546322222222,180.0,IR,6985592.0,6985592.0,142202.6088650205,45504.84765625,45504.84765625,234.1011844794974,17091.900390625,17091.900390625,92.03353358460537,59409.32067938658,59409.32074501157,59409.32061376157,0.0,500,1002,83.20051002502441,18.4890022277832,1332742.75,1332742.75,32503.27448956405,HD173667,Observation,IMAG_POL,NAOJ,"""[Summit] Vievard, Skaf [Hilo] Guyon, Lozi, Deo, Ahn""",4.6,622.6,277.85,10.6,-86.38006084821279,-86.37829927861972,-0.010899780647307,-86.36739949797241,-78.6,-0.96583569777703,0.25915517532853,-0.25915517532853,-0.96583569777703,322144.728503003,322144.728503003,322946.0988706979,276858104.544,276858104.544,3185612.463917907,15.0,128.0,128.0,256,256,o21013,3.89376e-05,6.24,-5:14:20.449,ICRS,17.58157104787457,0.0,HWP(NIR),89,455048416.0,455048416.0,2341011.835361563,Subaru,NS_IR,UTC,5.0,251.4989776611328,16243.73432957567,4765496.5,9962.775390625,3213.220703125,315.2072242230929,643472.5,556271552.0,90288.1328125,6410771968.0,0.3572613110783213,07:41:46.699,07:41:52.369,07:41:41.029,T,10000.0,501.0,100000.0,10000.0,1.0,1.0,675-50,B,0.0,2,0.0,2.0,1.0,EmptySlot,5.0,4.0,HD173667_05_20210714_675-50_EmptySlot_0,4,/data/20210714/,1.0,152.0,165.0,63916527616.0,63916527616.0,1699010913.7236,675.0838654091856,48.5,699.3999999999999,650.8999999999999,2,27.43604,182.0,183.0,4765496.5,243078749.8365072,0,0.0,0.0,0.0,0.0,0,0,103.0,73,73,76,3,456425625.373291,366603442.123291,5369.25,89822183.25,99199.79532199916,3695.606840047489,0.0,,
HD173667_05_20210714_675-50_EmptySlot_04_cam2_FLC1_fix_coll.fits,True,-32,3,366,366,1,True,1.126,62.56396,OFF,83.34021,DARKS_256_10ms_em1_20210715_625-50_EmptySlot_00_cam2_coll.fits,150,e-/s,-1.7333333333333e-06,1.7333333333333e-06,median,183.5,183.5,-78.58520416666668,20.54632222222223,RA---TAN,DEC--TAN,deg,deg,ACQUISITION,2021-07-14T07:41:57,2021-07-14,0.00015,20:32:46.76,-164.9800608482128,VCAM2 - Ultra 897,1.0,7.92,0.0718429257239067,0.0,5.0,3.0,12.4,7.7,SCEXAO,348.72,35708928.0,MIRROR,152.63,15629312.0,ao188cmtx.oct,10.0,OPEN,1.0,1.0,TRACK,95.72379,+20:32:46.71,ADI,54.655,-39.0,18:45:39.730,0.0,ON,0.0,0.01,IN,156.40797,76.40802,+20:32:47,1.0,ADI,163.025,-39.0,18:45:39.7,SYNC,0.0,ao188ttctrl.oct,0.001,0.0,4.5,1.414213562373095,2000.0,0.01,SCI,675-50,Unknown,675-50,Nasmyth-IR,-0.12,VMPA00010551,294912.0,4.5,21:41:46.699,21:41:52.369,21:41:41.029,140.4,VAMPIRES,20.546322222222,180.0,IR,8274844.5,8274844.5,168361.8761988355,53299.54296875,53299.54296875,273.2700858962627,19026.44921875,19026.44921875,111.2020953021143,59409.32067938658,59409.32074501157,59409.32061376157,0.0,500,1002,77.31856727600098,17.18190383911133,1595814.875,1595814.875,39080.48955994148,HD173667,Observation,IMAG_POL,NAOJ,"""[Summit] Vievard, Skaf [Hilo] Guyon, Lozi, Deo, Ahn""",4.6,622.6,277.85,10.6,-86.38006084821279,-86.37829927861972,-0.010899780647307,-86.36739949797241,-78.6,-0.96583569777703,0.25915517532853,-0.25915517532853,-0.96583569777703,327299.0525907887,327299.0525907887,328375.5275409986,327843253.296,327843253.296,3764253.247741739,15.0,128.0,128.0,256,256,o21013,3.89376e-05,6.24,-5:14:20.449,ICRS,17.58157104787457,0.0,HWP(NIR),89,532995456.0,532995456.0,2732701.000813189,Subaru,NS_IR,UTC,5.0,231.6981658935547,15888.50603299378,5538183.5,11551.7255859375,3487.56201171875,290.3905869044641,792149.8125,624347648.0,83179.640625,9150697472.0,0.5099526535097934,07:41:46.699,07:41:52.369,07:41:41.029,T,10000.0,501.0,100000.0,10000.0,2.0,1.0,675-50,A,0.0,1,0.0,2.0,1.0,EmptySlot,5.0,4.0,HD173667_05_20210714_675-50_EmptySlot_0,4,/data/20210714/,1.0,152.0,165.0,89678331904.0,89678331904.0,2390303105.353827,675.0838654091856,48.5,699.3999999999999,650.8999999999999,2,27.43604,182.0,183.0,5538183.5,285865352.7595096,0,0.0,0.0,0.0,0.0,0,0,103.0,73,73,76,3,527079607.1669922,429237779.8359375,5848.6357421875,97841827.33105469,111503.09493602237,3849.559333597181,0.0,,
HD173667_05_20210714_675-50_EmptySlot_04_cam2_FLC2_fix_coll.fits,True,-32,3,366,366,1,True,1.126,62.56396,OFF,83.34021,DARKS_256_10ms_em1_20210715_625-50_EmptySlot_00_cam2_coll.fits,150,e-/s,-1.7333333333333e-06,1.7333333333333e-06,median,183.5,183.5,-78.58520416666668,20.54632222222223,RA---TAN,DEC--TAN,deg,deg,ACQUISITION,2021-07-14T07:41:57,2021-07-14,0.00015,20:32:46.76,-164.9800608482128,VCAM2 - Ultra 897,1.0,7.92,0.0718429257239067,0.0,5.0,3.0,12.4,7.7,SCEXAO,348.72,35708928.0,MIRROR,152.63,15629312.0,ao188cmtx.oct,10.0,OPEN,1.0,1.0,TRACK,95.72379,+20:32:46.71,ADI,54.655,-39.0,18:45:39.730,0.0,ON,0.0,0.01,IN,156.40797,76.40802,+20:32:47,1.0,ADI,163.025,-39.0,18:45:39.7,SYNC,0.0,ao188ttctrl.oct,0.001,0.0,4.5,1.414213562373095,2000.0,0.01,SCI,675-50,Unknown,675-50,Nasmyth-IR,-0.12,VMPA00010551,294912.0,4.5,21:41:46.699,21:41:52.369,21:41:41.029,140.4,VAMPIRES,20.546322222222,180.0,IR,8092380.5,8092380.5,163863.9024783559,52393.91015625,52393.91015625,267.6526202008347,18765.900390625,18765.900390625,109.8323071364835,59409.32067938658,59409.32074501157,59409.32061376157,0.0,500,1002,77.31856727600098,17.18190383911133,1557290.0,1557290.0,37868.22766661974,HD173667,Observation,IMAG_POL,NAOJ,"""[Summit] Vievard, Skaf [Hilo] Guyon, Lozi, Deo, Ahn""",4.6,622.6,277.85,10.6,-86.38006084821279,-86.37829927861972,-0.010899780647307,-86.36739949797241,-78.6,-0.96583569777703,0.25915517532853,-0.25915517532853,-0.96583569777703,325556.3365810181,325556.3365810181,326607.1238698752,322056637.686,322056637.686,3690910.229185366,15.0,128.0,128.0,256,256,o21013,3.89376e-05,6.24,-5:14:20.449,ICRS,17.58157104787457,0.0,HWP(NIR),89,523939072.0,523939072.0,2676526.322197001,Subaru,NS_IR,UTC,5.0,231.6224822998047,16052.8012910987,5357479.5,11336.6279296875,3390.63134765625,290.2957315864544,785695.0625,615284160.0,83152.46875,8907132928.0,0.4963792198022799,07:41:46.699,07:41:52.369,07:41:41.029,T,10000.0,501.0,100000.0,10000.0,2.0,1.0,675-50,B,0.0,2,0.0,2.0,1.0,EmptySlot,5.0,4.0,HD173667_05_20210714_675-50_EmptySlot_0,4,/data/20210714/,1.0,152.0,165.0,85944524800.0,85944524800.0,2274705079.801394,675.0838654091856,48.5,699.3999999999999,650.8999999999999,2,27.43604,182.0,183.0,5357479.5,282334685.3496803,0,0.0,0.0,0.0,0.0,0,0,104.0,73,73,76,3,519913362.87280273,424823468.2944336,5684.135009765625,95089894.57836914,108247.53446690553,3924.5556066158224,0.0,,
HD173667_05_20210714_675-50_EmptySlot_05_cam1_FLC1_fix_coll.fits,True,-32,3,366,366,1,True,1.126,62.64517,OFF,83.35139,DARKS_256_10ms_em1_20210715_625-50_EmptySlot_00_cam1_coll.fits,150,e-/s,-1.7333333333333e-06,1.7333333333333e-06,median,183.5,183.5,-78.58520833333337,20.54633055555556,RA---TAN,DEC--TAN,deg,deg,ACQUISITION,2021-07-14T07:42:16,2021-07-14,0.00015,20:32:46.79,-165.0006265258591,VCAM1 - Ultra 897,1.0,7.92,0.0718429257239067,0.0,5.0,3.0,12.4,7.7,SCEXAO,348.72,35708928.0,MIRROR,152.63,15629312.0,ao188cmtx.oct,10.0,OPEN,1.0,1.0,TRACK,95.75931,+20:32:46.71,ADI,54.634,-39.0,18:45:39.730,0.0,ON,0.0,0.01,IN,156.35296,76.35301,+20:32:47,1.0,ADI,163.025,-39.0,18:45:39.7,SYNC,0.0,ao188ttctrl.oct,0.001,0.0,4.5,1.414213562373095,2000.0,0.01,SCI,675-50,Unknown,675-50,Nasmyth-IR,-0.12,VMPA00010553,294912.0,4.5,21:42:08.062,21:42:13.492,21:42:02.631,140.4,VAMPIRES,20.546330555556,180.0,IR,8017785.5,8017785.5,103659.3709727779,48867.21875,48867.21875,57.04433781680761,16684.42578125,16684.42578125,45.99352173017331,59409.32092663773,59409.32098949074,59409.32086378472,0.0,500,1002,83.20051002502441,18.4890022277832,1569491.0,1569491.0,20163.29996613631,HD173667,Observation,IMAG_POL,NAOJ,"""[Summit] Vievard, Skaf [Hilo] Guyon, Lozi, Deo, Ahn""",4.6,622.7,277.85,10.6,-86.40062652585912,-86.3990259387224,-0.010911481874885,-86.38811445684752,-78.6,-0.96592865640181,0.25880848274697,-0.25880848274697,-0.96592865640181,334855.6740015687,334855.6740015687,334895.2744381477,316162470.852,316162470.852,772392.068347777,15.0,128.0,128.0,256,256,o21013,3.89376e-05,6.24,-5:14:20.45,ICRS,17.58157104787457,45.0,HWP(NIR),89,488672192.0,488672192.0,570443.3464613309,Subaru,NS_IR,UTC,5.0,251.6787109375,19849.72624107008,5230269.5,10507.2802734375,3112.279296875,315.4324864793099,828701.9375,586863104.0,90352.65625,8707403776.0,0.4852486572022905,07:42:08.062,07:42:13.492,07:42:02.631,T,10000.0,501.0,100000.0,10000.0,1.0,1.0,675-50,A,0.0,1,45.0,2.0,1.0,EmptySlot,5.0,4.0,HD173667_05_20210714_675-50_EmptySlot_0,5,/data/20210714/,2.0,152.0,165.0,76949741568.0,76949741568.0,1033486285.056473,675.0838654091856,48.5,699.3999999999999,650.8999999999999,2,27.35483,182.0,183.0,5230269.5,281479406.4828878,"(0.040472780230314975, 0.0)",0.019452002927698477,-0.0770367443602538,0.0,0.0,0,0,103.0,73,73,76,3,490159441.4099121,402231600.9458008,5256.012939453125,87927840.46411133,96061.36137546581,4187.236108112572,0.00011763977745855168,,
HD173667_05_20210714_675-50_EmptySlot_05_cam1_FLC2_fix_coll.fits,True,-32,3,366,366,1,True,1.126,62.64517,OFF,83.35139,DARKS_256_10ms_em1_20210715_625-50_EmptySlot_00_cam1_coll.fits,150,e-/s,-1.7333333333333e-06,1.7333333333333e-06,median,183.5,183.5,-78.58520833333337,20.54633055555556,RA---TAN,DEC--TAN,deg,deg,ACQUISITION,2021-07-14T07:42:16,2021-07-14,0.00015,20:32:46.79,-165.0006265258591,VCAM1 - Ultra 897,1.0,7.92,0.0718429257239067,0.0,5.0,3.0,12.4,7.7,SCEXAO,348.72,35708928.0,MIRROR,152.63,15629312.0,ao188cmtx.oct,10.0,OPEN,1.0,1.0,TRACK,95.75931,+20:32:46.71,ADI,54.634,-39.0,18:45:39.730,0.0,ON,0.0,0.01,IN,156.35296,76.35301,+20:32:47,1.0,ADI,163.025,-39.0,18:45:39.7,SYNC,0.0,ao188ttctrl.oct,0.001,0.0,4.5,1.414213562373095,2000.0,0.01,SCI,675-50,Unknown,675-50,Nasmyth-IR,-0.12,VMPA00010553,294912.0,4.5,21:42:08.062,21:42:13.492,21:42:02.631,140.4,VAMPIRES,20.546330555556,180.0,IR,7606020.0,7606020.0,96290.64374006505,46136.56640625,46136.56640625,57.44979983054018,15876.224609375,15876.224609375,44.18066892329777,59409.32092663773,59409.32098949074,59409.32086378472,0.0,500,1002,83.20051002502441,18.4890022277832,1487508.375,1487508.375,18535.23144960109,HD173667,Observation,IMAG_POL,NAOJ,"""[Summit] Vievard, Skaf [Hilo] Guyon, Lozi, Deo, Ahn""",4.6,622.7,277.85,10.6,-86.40062652585912,-86.3990259387224,-0.010911481874885,-86.38811445684752,-78.6,-0.96592865640181,0.25880848274697,-0.25880848274697,-0.96592865640181,329496.9354826263,329496.9354826263,329533.9153933259,298358762.076,298358762.076,728480.2015920181,15.0,128.0,128.0,256,256,o21013,3.89376e-05,6.24,-5:14:20.45,ICRS,17.58157104787457,45.0,HWP(NIR),89,461365696.0,461365696.0,574497.9190822121,Subaru,NS_IR,UTC,5.0,251.4757690429688,19917.63091802597,4983405.0,9889.728515625,2916.48681640625,315.1781365338403,783296.0,554378624.0,90279.8046875,7746585088.0,0.4317038819557422,07:42:08.062,07:42:13.492,07:42:02.631,T,10000.0,501.0,100000.0,10000.0,1.0,1.0,675-50,B,0.0,2,45.0,2.0,1.0,EmptySlot,5.0,4.0,HD173667_05_20210714_675-50_EmptySlot_0,5,/data/20210714/,2.0,152.0,165.0,68846485504.0,68846485504.0,897893847.6838809,675.0838654091856,48.5,699.3999999999999,650.8999999999999,2,27.35483,182.0,183.0,4983405.0,265474552.685242,0,0.0,0.0,0.0,0.0,0,0,103.0,73,73,76,3,463161393.34350586,380629329.2770996,4933.47265625,82532064.06640625,93416.68078603173,4074.5327930128487,0.0,,
HD173667_05_20210714_675-50_EmptySlot_05_cam2_FLC1_fix_coll.fits,True,-32,3,366,366,1,True,1.126,62.64517,OFF,83.35139,DARKS_256_10ms_em1_20210715_625-50_EmptySlot_00_cam2_coll.fits,150,e-/s,-1.7333333333333e-06,1.7333333333333e-06,median,183.5,183.5,-78.58520833333337,20.54633055555556,RA---TAN,DEC--TAN,deg,deg,ACQUISITION,2021-07-14T07:42:18,2021-07-14,0.00015,20:32:46.79,-165.0006265258591,VCAM2 - Ultra 897,1.0,7.92,0.0718429257239067,0.0,5.0,3.0,12.4,7.7,SCEXAO,348.72,35708928.0,MIRROR,152.63,15629312.0,ao188cmtx.oct,10.0,OPEN,1.0,1.0,TRACK,95.75931,+20:32:46.71,ADI,54.634,-39.0,18:45:39.730,0.0,ON,0.0,0.01,IN,156.35296,76.35301,+20:32:47,1.0,ADI,163.025,-39.0,18:45:39.7,SYNC,0.0,ao188ttctrl.oct,0.001,0.0,4.5,1.414213562373095,2000.0,0.01,SCI,675-50,Unknown,675-50,Nasmyth-IR,-0.12,VMPA00010555,294912.0,4.5,21:42:08.062,21:42:13.492,21:42:02.631,140.4,VAMPIRES,20.546330555556,180.0,IR,9013432.0,9013432.0,116713.3904810032,54458.57421875,54458.57421875,58.30382930905597,17720.099609375,17720.099609375,54.64439160538065,59409.32092663773,59409.32098949074,59409.32086378472,0.0,500,1002,77.31856727600098,17.18190383911133,1779918.375,1779918.375,22800.30052217176,HD173667,Observation,IMAG_POL,NAOJ,"""[Summit] Vievard, Skaf [Hilo] Guyon, Lozi, Deo, Ahn""",4.6,622.7,277.85,10.6,-86.40062652585912,-86.3990259387224,-0.010911481874885,-86.38811445684752,-78.6,-0.96592865640181,0.25880848274697,-0.25880848274697,-0.96592865640181,336772.0551983301,336772.0551983301,336820.0723421615,355937203.314,355937203.314,858004.0564418106,15.0,128.0,128.0,256,256,o21013,3.89376e-05,6.24,-5:14:20.45,ICRS,17.58157104787457,45.0,HWP(NIR),89,544585728.0,544585728.0,583038.3571154749,Subaru,NS_IR,UTC,5.0,231.6991729736328,19557.11039508868,5972062.0,11596.97265625,3155.424560546875,290.3918490921635,978869.5625,629472064.0,83180.0,11351923712.0,0.6326232111911243,07:42:08.062,07:42:13.492,07:42:02.631,T,10000.0,501.0,100000.0,10000.0,2.0,1.0,675-50,A,0.0,1,45.0,2.0,1.0,EmptySlot,5.0,4.0,HD173667_05_20210714_675-50_EmptySlot_0,5,/data/20210714/,2.0,152.0,165.0,97191649280.0,97191649280.0,1290994855.723375,675.0838654091856,48.5,699.3999999999999,650.8999999999999,2,27.35483,182.0,183.0,5972062.0,316424631.03217494,0,0.0,0.0,0.0,0.0,0,0,104.0,73,73,76,3,541186923.2597656,451075196.7976074,5386.557861328125,90111726.4621582,105885.02132574617,4260.047277224541,0.0,,
HD173667_05_20210714_675-50_EmptySlot_05_cam2_FLC2_fix_coll.fits,True,-32,3,366,366,1,True,1.126,62.64517,OFF,83.35139,DARKS_256_10ms_em1_20210715_625-50_EmptySlot_00_cam2_coll.fits,150,e-/s,-1.7333333333333e-06,1.7333333333333e-06,median,183.5,183.5,-78.58520833333337,20.54633055555556,RA---TAN,DEC--TAN,deg,deg,ACQUISITION,2021-07-14T07:42:18,2021-07-14,0.00015,20:32:46.79,-165.0006265258591,VCAM2 - Ultra 897,1.0,7.92,0.0718429257239067,0.0,5.0,3.0,12.4,7.7,SCEXAO,348.72,35708928.0,MIRROR,152.63,15629312.0,ao188cmtx.oct,10.0,OPEN,1.0,1.0,TRACK,95.75931,+20:32:46.71,ADI,54.634,-39.0,18:45:39.730,0.0,ON,0.0,0.01,IN,156.35296,76.35301,+20:32:47,1.0,ADI,163.025,-39.0,18:45:39.7,SYNC,0.0,ao188ttctrl.oct,0.001,0.0,4.5,1.414213562373095,2000.0,0.01,SCI,675-50,Unknown,675-50,Nasmyth-IR,-0.12,VMPA00010555,294912.0,4.5,21:42:08.062,21:42:13.492,21:42:02.631,140.4,VAMPIRES,20.546330555556,180.0,IR,9186614.0,9186614.0,115574.1809285064,55790.53515625,55790.53515625,62.46133805275856,18087.5234375,18087.5234375,54.08614981035337,59409.32092663773,59409.32098949074,59409.32086378472,0.0,500,1002,77.31856727600098,17.18190383911133,1817893.625,1817893.625,22344.26983112802,HD173667,Observation,IMAG_POL,NAOJ,"""[Summit] Vievard, Skaf [Hilo] Guyon, Lozi, Deo, Ahn""",4.6,622.7,277.85,10.6,-86.40062652585912,-86.3990259387224,-0.010911481874885,-86.38811445684752,-78.6,-0.96592865640181,0.25880848274697,-0.25880848274697,-0.96592865640181,339399.7219774456,339399.7219774456,339448.7958728715,364819664.412,364819664.412,877514.2700063661,15.0,128.0,128.0,256,256,o21013,3.89376e-05,6.24,-5:14:20.45,ICRS,17.58157104787457,45.0,HWP(NIR),89,557905344.0,557905344.0,624613.3901356902,Subaru,NS_IR,UTC,5.0,231.7993927001953,19518.08895749366,5917665.0,11854.3408203125,3198.917236328125,290.5174558923021,998165.1875,643346944.0,83215.9765625,11832590336.0,0.6594099365869122,07:42:08.062,07:42:13.492,07:42:02.631,T,10000.0,501.0,100000.0,10000.0,2.0,1.0,675-50,B,0.0,2,45.0,2.0,1.0,EmptySlot,5.0,4.0,HD173667_05_20210714_675-50_EmptySlot_0,5,/data/20210714/,2.0,152.0,165.0,101713199104.0,101713199104.0,1303196113.410767,675.0838654091856,48.5,699.3999999999999,650.8999999999999,2,27.35483,182.0,182.0,5917665.0,323761153.3525989,0,0.0,0.0,0.0,0.0,0,0,104.0,73,73,76,3,553925005.1037598,462471450.28930664,5466.767578125,91453554.81445312,103161.91164892734,4482.9670456588065,0.0,,
HD173667_05_20210714_675-50_EmptySlot_06_cam1_FLC1_fix_coll.fits,True,-32,3,366,366,1,True,1.125,62.72361,OFF,83.36224,DARKS_256_10ms_em1_20210715_625-50_EmptySlot_00_cam1_coll.fits,150,e-/s,-1.7333333333333e-06,1.7333333333333e-06,median,183.5,183.5,-78.58518750000003,20.54630277777778,RA---TAN,DEC--TAN,deg,deg,ACQUISITION,2021-07-14T07:42:36,2021-07-14,0.00015,20:32:46.69,-165.020393458477,VCAM1 - Ultra 897,1.0,7.92,0.0718429257239067,0.0,5.0,3.0,12.4,7.7,SCEXAO,348.72,35708928.0,MIRROR,152.63,15629312.0,ao188cmtx.oct,10.0,OPEN,1.0,1.0,TRACK,95.80091,+20:32:46.71,ADI,54.614,-39.0,18:45:39.730,0.0,ON,0.0,0.01,IN,156.30003,76.30303,+20:32:47,1.0,ADI,163.025,-39.0,18:45:39.7,SYNC,0.0,ao188ttctrl.oct,0.001,0.0,4.5,1.414213562373095,2000.0,0.01,SCI,675-50,Unknown,675-50,Nasmyth-IR,-0.12,VMPA00010557,294912.0,4.5,21:42:27.923,21:42:33.350,21:42:22.496,140.4,VAMPIRES,20.546302777778,180.0,IR,8002690.0,8002690.0,92972.57600927276,47727.93359375,47727.93359375,62.67880876553122,17041.94921875,17041.94921875,49.01789101614714,59409.32115651621,59409.3212193287,59409.3210937037,0.0,500,1002,83.20051002502441,18.4890022277832,1517325.875,1517325.875,17675.03007408178,HD173667,Observation,IMAG_POL,NAOJ,"""[Summit] Vievard, Skaf [Hilo] Guyon, Lozi, Deo, Ahn""",4.4,622.6,277.85,10.7,-86.42039345847705,-86.4186742847522,-0.0108372965229079,-86.40783698822929,-78.6,-0.9660178873396,0.25847522384156,-0.25847522384156,-0.9660178873396,330009.6453217879,330009.6453217879,330069.4814149186,300105100.548,300105100.548,925176.4111817704,15.0,128.0,128.0,256,256,o21013,3.89376e-05,6.24,-5:14:20.445,ICRS,17.58157104787457,22.5,HWP(NIR),89,477279360.0,477279360.0,626788.0556865279,Subaru,NS_IR,UTC,5.0,251.626220703125,20530.94337888376,5887702.5,10454.4931640625,3192.271484375,315.3666997264967,853013.6875,581395264.0,90333.8125,8917825536.0,0.4969751004812364,07:42:27.923,07:42:33.350,07:42:22.496,T,10000.0,501.0,100000.0,10000.0,1.0,1.0,675-50,A,0.0,1,22.5,2.0,1.0,EmptySlot,5.0,4.0,HD173667_05_20210714_675-50_EmptySlot_0,6,/data/20210714/,3.0,152.0,165.0,72698642432.0,72698642432.0,895436688.7534341,675.0838654091856,48.5,699.3999999999999,650.8999999999999,2,27.27639,182.0,183.0,5887702.5,269832831.6033388,"(0.03588604312412745, 0.0)",0.01675074308924733,-0.07959611164037644,0.0,0.0,0,0,103.0,73,73,76,3,482920489.1599121,393111922.7277832,5368.43603515625,89808566.4321289,97530.80592604418,4030.643641208838,0.00012159787208228054,,
HD173667_05_20210714_675-50_EmptySlot_06_cam1_FLC2_fix_coll.fits,True,-32,3,366,366,1,True,1.125,62.72361,OFF,83.36224,DARKS_256_10ms_em1_20210715_625-50_EmptySlot_00_cam1_coll.fits,150,e-/s,-1.7333333333333e-06,1.7333333333333e-06,median,183.5,183.5,-78.58518750000003,20.54630277777778,RA---TAN,DEC--TAN,deg,deg,ACQUISITION,2021-07-14T07:42:36,2021-07-14,0.00015,20:32:46.69,-165.020393458477,VCAM1 - Ultra 897,1.0,7.92,0.0718429257239067,0.0,5.0,3.0,12.4,7.7,SCEXAO,348.72,35708928.0,MIRROR,152.63,15629312.0,ao188cmtx.oct,10.0,OPEN,1.0,1.0,TRACK,95.80091,+20:32:46.71,ADI,54.614,-39.0,18:45:39.730,0.0,ON,0.0,0.01,IN,156.30003,76.30303,+20:32:47,1.0,ADI,163.025,-39.0,18:45:39.7,SYNC,0.0,ao188ttctrl.oct,0.001,0.0,4.5,1.414213562373095,2000.0,0.01,SCI,675-50,Unknown,675-50,Nasmyth-IR,-0.12,VMPA00010557,294912.0,4.5,21:42:27.923,21:42:33.350,21:42:22.496,140.4,VAMPIRES,20.546302777778,180.0,IR,7555795.0,7555795.0,90997.5354271264,45243.953125,45243.953125,58.90394278715802,16261.650390625,16261.650390625,48.56510362815444,59409.32115651621,59409.3212193287,59409.3210937037,0.0,500,1002,83.20051002502441,18.4890022277832,1433383.375,1433383.375,17178.98634412317,HD173667,Observation,IMAG_POL,NAOJ,"""[Summit] Vievard, Skaf [Hilo] Guyon, Lozi, Deo, Ahn""",4.4,622.6,277.85,10.7,-86.42039345847705,-86.4186742847522,-0.0108372965229079,-86.40783698822929,-78.6,-0.9660178873396,0.25847522384156,-0.25847522384156,-0.9660178873396,325210.8324620181,325210.8324620181,325266.0180393519,284374119.168,284374119.168,869757.1550839045,15.0,128.0,128.0,256,256,o21013,3.89376e-05,6.24,-5:14:20.445,ICRS,17.58157104787457,22.5,HWP(NIR),89,452439584.0,452439584.0,589039.4269107697,Subaru,NS_IR,UTC,5.0,251.4382934570312,20631.59375168011,5615647.5,9869.427734375,3015.01611328125,315.1311678521807,809829.0,551227264.0,90266.3515625,7992548864.0,0.4454110207418608,07:42:27.923,07:42:33.350,07:42:22.496,T,10000.0,501.0,100000.0,10000.0,1.0,1.0,675-50,B,0.0,2,22.5,2.0,1.0,EmptySlot,5.0,4.0,HD173667_05_20210714_675-50_EmptySlot_0,6,/data/20210714/,3.0,152.0,165.0,65067614208.0,65067614208.0,818021344.9705698,675.0838654091856,48.5,699.3999999999999,650.8999999999999,2,27.27639,182.0,183.0,5615647.5,255657045.35463324,0,0.0,0.0,0.0,0.0,0,0,103.0,73,73,76,3,458266098.2114258,373531675.1813965,5065.121826171875,84734423.0300293,96953.17378813251,3852.7018826393323,0.0,,
HD173667_05_20210714_675-50_EmptySlot_06_cam2_FLC1_fix_coll.fits,True,-32,3,366,366,1,True,1.125,62.72361,OFF,83.36224,DARKS_256_10ms_em1_20210715_625-50_EmptySlot_00_cam2_coll.fits,150,e-/s,-1.7333333333333e-06,1.7333333333333e-06,median,183.5,183.5,-78.58518750000003,20.54630277777778,RA---TAN,DEC--TAN,deg,deg,ACQUISITION,2021-07-14T07:42:37,2021-07-14,0.00015,20:32:46.69,-165.020393458477,VCAM2 - Ultra 897,1.0,7.92,0.0718429257239067,0.0,5.0,3.0,12.4,7.7,SCEXAO,348.72,35708928.0,MIRROR,152.63,15629312.0,ao188cmtx.oct,10.0,OPEN,1.0,1.0,TRACK,95.80091,+20:32:46.71,ADI,54.614,-39.0,18:45:39.730,0.0,ON,0.0,0.01,IN,156.30003,76.30303,+20:32:47,1.0,ADI,163.025,-39.0,18:45:39.7,SYNC,0.0,ao188ttctrl.oct,0.001,0.0,4.5,1.414213562373095,2000.0,0.01,SCI,675-50,Unknown,675-50,Nasmyth-IR,-0.12,VMPA00010559,294912.0,4.5,21:42:27.923,21:42:33.350,21:42:22.496,140.4,VAMPIRES,20.546302777778,180.0,IR,8994036.0,8994036.0,103732.1885264652,53632.03515625,53632.03515625,67.27382473543692,18321.75,18321.75,53.89628602082831,59409.32115651621,59409.3212193287,59409.3210937037,0.0,500,1002,77.31856727600098,17.18190383911133,1724684.125,1724684.125,19954.74470095988,HD173667,Observation,IMAG_POL,NAOJ,"""[Summit] Vievard, Skaf [Hilo] Guyon, Lozi, Deo, Ahn""",4.4,622.6,277.85,10.7,-86.42039345847705,-86.4186742847522,-0.0108372965229079,-86.40783698822929,-78.6,-0.9660178873396,0.25847522384156,-0.25847522384156,-0.9660178873396,332132.2090912506,332132.2090912506,332206.7351907633,340502507.136,340502507.136,1042289.929406866,15.0,128.0,128.0,256,256,o21013,3.89376e-05,6.24,-5:14:20.445,ICRS,17.58157104787457,22.5,HWP(NIR),89,536320352.0,536320352.0,672738.313475598,Subaru,NS_IR,UTC,5.0,231.6780395507812,20183.85533713037,6786967.0,11659.43359375,3314.58056640625,290.3653622745337,1015773.0625,630145728.0,83172.4140625,11843338240.0,0.660008898816976,07:42:27.923,07:42:33.350,07:42:22.496,T,10000.0,501.0,100000.0,10000.0,2.0,1.0,675-50,A,0.0,1,22.5,2.0,1.0,EmptySlot,5.0,4.0,HD173667_05_20210714_675-50_EmptySlot_0,6,/data/20210714/,3.0,152.0,165.0,92826525696.0,92826525696.0,1132308256.760158,675.0838654091856,48.5,699.3999999999999,650.8999999999999,2,27.27639,182.0,182.0,6786967.0,305527496.0602872,0,0.0,0.0,0.0,0.0,0,0,104.0,73,73,76,3,538108765.0048828,445458506.72998047,5538.30224609375,92650258.27490234,105282.44656710187,4231.080500642309,0.0,,
HD173667_05_20210714_675-50_EmptySlot_06_cam2_FLC2_fix_coll.fits,True,-32,3,366,366,1,True,1.125,62.72361,OFF,83.36224,DARKS_256_10ms_em1_20210715_625-50_EmptySlot_00_cam2_coll.fits,150,e-/s,-1.7333333333333e-06,1.7333333333333e-06,median,183.5,183.5,-78.58518750000003,20.54630277777778,RA---TAN,DEC--TAN,deg,deg,ACQUISITION,2021-07-14T07:42:37,2021-07-14,0.00015,20:32:46.69,-165.020393458477,VCAM2 - Ultra 897,1.0,7.92,0.0718429257239067,0.0,5.0,3.0,12.4,7.7,SCEXAO,348.72,35708928.0,MIRROR,152.63,15629312.0,ao188cmtx.oct,10.0,OPEN,1.0,1.0,TRACK,95.80091,+20:32:46.71,ADI,54.614,-39.0,18:45:39.730,0.0,ON,0.0,0.01,IN,156.30003,76.30303,+20:32:47,1.0,ADI,163.025,-39.0,18:45:39.7,SYNC,0.0,ao188ttctrl.oct,0.001,0.0,4.5,1.414213562373095,2000.0,0.01,SCI,675-50,Unknown,675-50,Nasmyth-IR,-0.12,VMPA00010559,294912.0,4.5,21:42:27.923,21:42:33.350,21:42:22.496,140.4,VAMPIRES,20.546302777778,180.0,IR,9108807.0,9108807.0,108991.1520813874,54717.0,54717.0,69.02154987880763,18645.9765625,18645.9765625,53.04222924656084,59409.32115651621,59409.3212193287,59409.3210937037,0.0,500,1002,77.31856727600098,17.18190383911133,1749136.375,1749136.375,20600.87890373822,HD173667,Observation,IMAG_POL,NAOJ,"""[Summit] Vievard, Skaf [Hilo] Guyon, Lozi, Deo, Ahn""",4.4,622.6,277.85,10.7,-86.42039345847705,-86.4186742847522,-0.0108372965229079,-86.40783698822929,-78.6,-0.9660178873396,0.25847522384156,-0.25847522384156,-0.9660178873396,334260.6857216533,334260.6857216533,334336.3055521211,347604613.722,347604613.722,1060051.058882744,15.0,128.0,128.0,256,256,o21013,3.89376e-05,6.24,-5:14:20.445,ICRS,17.58157104787457,22.5,HWP(NIR),89,547169984.0,547169984.0,690215.4655090959,Subaru,NS_IR,UTC,5.0,231.7611694335938,20090.73220095853,6876949.0,11866.5078125,3359.02099609375,290.469550131896,1028674.625,641313536.0,83202.2578125,12206775296.0,0.6802626217335178,07:42:27.923,07:42:33.350,07:42:22.496,T,10000.0,501.0,100000.0,10000.0,2.0,1.0,675-50,B,0.0,2,22.5,2.0,1.0,EmptySlot,5.0,4.0,HD173667_05_20210714_675-50_EmptySlot_0,6,/data/20210714/,3.0,152.0,165.0,96036143104.0,96036143104.0,1191813029.485706,675.0838654091856,48.5,699.3999999999999,650.8999999999999,2,27.27639,182.0,182.0,6876949.0,311162788.8582753,0,0.0,0.0,0.0,0.0,0,0,104.0,73,73,76,3,548098390.3803711,453783073.82421875,5637.83349609375,94315316.55615234,105012.44275722586,4321.231483713811,0.0,,
HD173667_05_20210714_675-50_EmptySlot_07_cam1_FLC1_fix_coll.fits,True,-32,3,366,366,1,True,1.124,62.80327,OFF,83.37316,DARKS_256_10ms_em1_20210715_625-50_EmptySlot_00_cam1_coll.fits,150,e-/s,-1.7333333333333e-06,1.7333333333333e-06,median,183.5,183.5,-78.58519583333339,20.54630555555556,RA---TAN,DEC--TAN,deg,deg,ACQUISITION,2021-07-14T07:42:56,2021-07-14,0.00015,20:32:46.7,-165.0405594583239,VCAM1 - Ultra 897,1.0,7.92,0.0718429257239067,0.0,5.0,3.0,12.4,7.7,SCEXAO,348.72,35708928.0,MIRROR,152.63,15629312.0,ao188cmtx.oct,10.0,OPEN,1.0,1.0,TRACK,95.84202,+20:32:46.71,ADI,54.593,-39.0,18:45:39.730,0.0,ON,0.0,0.01,IN,156.24597,76.24897,+20:32:47,1.0,ADI,163.025,-39.0,18:45:39.7,SYNC,0.0,ao188ttctrl.oct,0.001,0.0,4.5,1.414213562373095,2000.0,0.01,SCI,675-50,Unknown,675-50,Nasmyth-IR,-0.12,VMPA00010561,294912.0,4.5,21:42:48.544,21:42:54.009,21:42:43.079,140.4,VAMPIRES,20.546305555556,180.0,IR,8969721.0,8969721.0,102176.0529192237,49370.0234375,49370.0234375,48.62253934883626,15784.650390625,15784.650390625,46.82876627238397,59409.32139518519,59409.3214584375,59409.32133193287,0.0,500,1002,83.20051002502441,18.4890022277832,1814463.875,1814463.875,19966.01727865145,HD173667,Observation,IMAG_POL,NAOJ,"""[Summit] Vievard, Skaf [Hilo] Guyon, Lozi, Deo, Ahn""",4.5,622.6,277.95,10.7,-86.4405594583239,-86.43943488843777,-0.0108491648492474,-86.42858572358853,-78.6,-0.96610880124311,0.25813520519412,-0.25813520519412,-0.96610880124311,338521.5007706539,338521.5007706539,338550.9631581788,328468172.688,328468172.688,674512.220837465,15.0,128.0,128.0,256,256,o21013,3.89376e-05,6.24,-5:14:20.447,ICRS,17.58157104787457,67.5,HWP(NIR),89,493700224.0,493700224.0,486225.3790762057,Subaru,NS_IR,UTC,5.0,251.6685028076172,25758.48001158796,6611516.0,10468.4287109375,2901.01806640625,315.4196924858123,1071452.375,584494272.0,90348.9921875,11216422912.0,0.6250719843339221,07:42:48.544,07:42:54.009,07:42:43.079,T,10000.0,501.0,100000.0,10000.0,1.0,1.0,675-50,A,0.0,1,67.5,2.0,1.0,EmptySlot,5.0,4.0,HD173667_05_20210714_675-50_EmptySlot_0,7,/data/20210714/,4.0,152.0,165.0,89731989504.0,89731989504.0,1020344404.802521,675.0838654091856,48.5,699.3999999999999,650.8999999999999,2,27.19673,182.0,183.0,6611516.0,296581996.81288546,"(0.0035005269827069196, 0.0)",0.001428753795851683,-0.07523546976564242,0.0,0.0,0,0,103.0,73,73,76,3,494218046.2023926,411715609.1296387,4931.70166015625,82502437.0727539,100513.91951376674,4096.1054063089105,0.000116469301393925,,
HD173667_05_20210714_675-50_EmptySlot_07_cam1_FLC2_fix_coll.fits,True,-32,3,366,366,1,True,1.124,62.80327,OFF,83.37316,DARKS_256_10ms_em1_20210715_625-50_EmptySlot_00_cam1_coll.fits,150,e-/s,-1.7333333333333e-06,1.7333333333333e-06,median,183.5,183.5,-78.58519583333339,20.54630555555556,RA---TAN,DEC--TAN,deg,deg,ACQUISITION,2021-07-14T07:42:56,2021-07-14,0.00015,20:32:46.7,-165.0405594583239,VCAM1 - Ultra 897,1.0,7.92,0.0718429257239067,0.0,5.0,3.0,12.4,7.7,SCEXAO,348.72,35708928.0,MIRROR,152.63,15629312.0,ao188cmtx.oct,10.0,OPEN,1.0,1.0,TRACK,95.84202,+20:32:46.71,ADI,54.593,-39.0,18:45:39.730,0.0,ON,0.0,0.01,IN,156.24597,76.24897,+20:32:47,1.0,ADI,163.025,-39.0,18:45:39.7,SYNC,0.0,ao188ttctrl.oct,0.001,0.0,4.5,1.414213562373095,2000.0,0.01,SCI,675-50,Unknown,675-50,Nasmyth-IR,-0.12,VMPA00010561,294912.0,4.5,21:42:48.544,21:42:54.009,21:42:43.079,140.4,VAMPIRES,20.546305555556,180.0,IR,8732782.0,8732782.0,101013.8454075783,48483.3046875,48483.3046875,48.47809023095383,15558.2998046875,15558.2998046875,45.14079698858774,59409.32139518519,59409.3214584375,59409.32133193287,0.0,500,1002,83.20051002502441,18.4890022277832,1769186.0,1769186.0,19773.97397794636,HD173667,Observation,IMAG_POL,NAOJ,"""[Summit] Vievard, Skaf [Hilo] Guyon, Lozi, Deo, Ahn""",4.5,622.6,277.95,10.7,-86.4405594583239,-86.43943488843777,-0.0108491648492474,-86.42858572358853,-78.6,-0.96610880124311,0.25813520519412,-0.25813520519412,-0.96610880124311,336767.021544564,336767.021544564,336795.9749026449,322547812.236,322547812.236,663364.9045996706,15.0,128.0,128.0,256,256,o21013,3.89376e-05,6.24,-5:14:20.447,ICRS,17.58157104787457,67.5,HWP(NIR),89,484833024.0,484833024.0,484780.9238841005,Subaru,NS_IR,UTC,5.0,251.6063079833984,25552.97199190944,6471318.0,10299.5830078125,2852.8564453125,315.341742833351,1046018.875,575293504.0,90326.6640625,10773558272.0,0.6003918985803823,07:42:48.544,07:42:54.009,07:42:43.079,T,10000.0,501.0,100000.0,10000.0,1.0,1.0,675-50,B,0.0,2,67.5,2.0,1.0,EmptySlot,5.0,4.0,HD173667_05_20210714_675-50_EmptySlot_0,7,/data/20210714/,4.0,152.0,165.0,85892628480.0,85892628480.0,986189639.2191446,675.0838654091856,48.5,699.3999999999999,650.8999999999999,2,27.19673,182.0,183.0,6471318.0,291534532.3467577,0,0.0,0.0,0.0,0.0,0,0,103.0,73,73,76,3,486104856.25927734,405485023.8996582,4819.166259765625,80619832.35961914,98985.8809985392,4096.392534058895,0.0,,
HD173667_05_20210714_675-50_EmptySlot_07_cam2_FLC1_fix_coll.fits,True,-32,3,366,366,1,True,1.124,62.80327,OFF,83.37316,DARKS_256_10ms_em1_20210715_625-50_EmptySlot_00_cam2_coll.fits,150,e-/s,-1.7333333333333e-06,1.7333333333333e-06,median,183.5,183.5,-78.58519583333339,20.54630555555556,RA---TAN,DEC--TAN,deg,deg,ACQUISITION,2021-07-14T07:42:58,2021-07-14,0.00015,20:32:46.7,-165.0405594583239,VCAM2 - Ultra 897,1.0,7.92,0.0718429257239067,0.0,5.0,3.0,12.4,7.7,SCEXAO,348.72,35708928.0,MIRROR,152.63,15629312.0,ao188cmtx.oct,10.0,OPEN,1.0,1.0,TRACK,95.84202,+20:32:46.71,ADI,54.593,-39.0,18:45:39.730,0.0,ON,0.0,0.01,IN,156.24597,76.24897,+20:32:47,1.0,ADI,163.025,-39.0,18:45:39.7,SYNC,0.0,ao188ttctrl.oct,0.001,0.0,4.5,1.414213562373095,2000.0,0.01,SCI,675-50,Unknown,675-50,Nasmyth-IR,-0.12,VMPA00010561,294912.0,4.5,21:42:48.544,21:42:54.009,21:42:43.079,140.4,VAMPIRES,20.546305555556,180.0,IR,10415113.0,10415113.0,116218.5374572426,56861.12890625,56861.12890625,52.99248000955167,17254.349609375,17254.349609375,50.32605083363821,59409.32139518519,59409.3214584375,59409.32133193287,0.0,500,1002,77.31856727600098,17.18190383911133,2122234.0,2122234.0,23111.59193057442,HD173667,Observation,IMAG_POL,NAOJ,"""[Summit] Vievard, Skaf [Hilo] Guyon, Lozi, Deo, Ahn""",4.5,622.6,277.95,10.7,-86.4405594583239,-86.43943488843777,-0.0108491648492474,-86.42858572358853,-78.6,-0.96610880124311,0.25813520519412,-0.25813520519412,-0.96610880124311,344447.8928289129,344447.8928289129,344485.5121001302,382047483.078,382047483.078,781950.0073022061,15.0,128.0,128.0,256,256,o21013,3.89376e-05,6.24,-5:14:20.447,ICRS,17.58157104787457,67.5,HWP(NIR),89,568611328.0,568611328.0,529924.766117765,Subaru,NS_IR,UTC,5.0,231.8377227783203,25182.34316222509,7701957.5,11964.9287109375,3049.546875,290.5654955211006,1299637.25,649408448.0,83229.7421875,15550067712.0,0.8665785658694938,07:42:48.544,07:42:54.009,07:42:43.079,T,10000.0,501.0,100000.0,10000.0,2.0,1.0,675-50,A,0.0,1,67.5,2.0,1.0,EmptySlot,5.0,4.0,HD173667_05_20210714_675-50_EmptySlot_0,7,/data/20210714/,4.0,152.0,165.0,120834449408.0,120834449408.0,1350590668.257215,675.0838654091856,48.5,699.3999999999999,650.8999999999999,2,27.19673,182.0,182.0,7701957.5,343253168.39171374,0,0.0,0.0,0.0,0.0,0,0,104.0,73,73,76,3,563666962.4306641,476937504.0449219,5184.3779296875,86729458.38574219,105169.0239407913,4534.961780318804,0.0,,
HD173667_05_20210714_675-50_EmptySlot_07_cam2_FLC2_fix_coll.fits,True,-32,3,366,366,1,True,1.124,62.80327,OFF,83.37316,DARKS_256_10ms_em1_20210715_625-50_EmptySlot_00_cam2_coll.fits,150,e-/s,-1.7333333333333e-06,1.7333333333333e-06,median,183.5,183.5,-78.58519583333339,20.54630555555556,RA---TAN,DEC--TAN,deg,deg,ACQUISITION,2021-07-14T07:42:58,2021-07-14,0.00015,20:32:46.7,-165.0405594583239,VCAM2 - Ultra 897,1.0,7.92,0.0718429257239067,0.0,5.0,3.0,12.4,7.7,SCEXAO,348.72,35708928.0,MIRROR,152.63,15629312.0,ao188cmtx.oct,10.0,OPEN,1.0,1.0,TRACK,95.84202,+20:32:46.71,ADI,54.593,-39.0,18:45:39.730,0.0,ON,0.0,0.01,IN,156.24597,76.24897,+20:32:47,1.0,ADI,163.025,-39.0,18:45:39.7,SYNC,0.0,ao188ttctrl.oct,0.001,0.0,4.5,1.414213562373095,2000.0,0.01,SCI,675-50,Unknown,675-50,Nasmyth-IR,-0.12,VMPA00010561,294912.0,4.5,21:42:48.544,21:42:54.009,21:42:43.079,140.4,VAMPIRES,20.546305555556,180.0,IR,10134211.0,10134211.0,114995.8666674856,56178.23828125,56178.23828125,52.8900554309534,17103.82421875,17103.82421875,48.41371593019534,59409.32139518519,59409.3214584375,59409.32133193287,0.0,500,1002,77.31856727600098,17.18190383911133,2067520.5,2067520.5,22691.57730693577,HD173667,Observation,IMAG_POL,NAOJ,"""[Summit] Vievard, Skaf [Hilo] Guyon, Lozi, Deo, Ahn""",4.5,622.6,277.95,10.7,-86.4405594583239,-86.43943488843777,-0.0108491648492474,-86.42858572358853,-78.6,-0.96610880124311,0.25813520519412,-0.25813520519412,-0.96610880124311,343000.5231515295,343000.5231515295,343037.7608275194,377070479.424,377070479.424,773303.9509344024,15.0,128.0,128.0,256,256,o21013,3.89376e-05,6.24,-5:14:20.447,ICRS,17.58157104787457,67.5,HWP(NIR),89,561782336.0,561782336.0,528900.5575413511,Subaru,NS_IR,UTC,5.0,231.7843780517578,24909.74369667796,7509979.5,11804.361328125,2996.571044921875,290.4986378211486,1268608.375,643373120.0,83210.59375,14975112192.0,0.834537282243709,07:42:48.544,07:42:54.009,07:42:43.079,T,10000.0,501.0,100000.0,10000.0,2.0,1.0,675-50,B,0.0,2,67.5,2.0,1.0,EmptySlot,5.0,4.0,HD173667_05_20210714_675-50_EmptySlot_0,7,/data/20210714/,4.0,152.0,165.0,116310114304.0,116310114304.0,1314049267.538548,675.0838654091856,48.5,699.3999999999999,650.8999999999999,2,27.19673,182.0,182.0,7509979.5,339795290.1063408,0,0.0,0.0,0.00946317843732062,-0.007660994646697824,0,0,104.0,73,73,76,3,558353116.2932129,473232055.68652344,5088.233642578125,85121060.60668945,106826.57814085587,4429.909334571634,0.0,,
HD173667_05_20210714_675-50_EmptySlot_08_cam1_FLC1_fix_coll.fits,True,-32,3,366,366,1,True,1.123,62.88878,OFF,83.38481,DARKS_256_10ms_em1_20210715_625-50_EmptySlot_00_cam1_coll.fits,150,e-/s,-1.7333333333333e-06,1.7333333333333e-06,median,183.5,183.5,-78.58520833333337,20.54632222222223,RA---TAN,DEC--TAN,deg,deg,ACQUISITION,2021-07-14T07:43:18,2021-07-14,0.00015,20:32:46.76,-165.0622683242399,VCAM1 - Ultra 897,1.0,7.92,0.0718429257239067,0.0,5.0,3.0,12.4,7.7,SCEXAO,348.72,35708928.0,MIRROR,152.63,15629312.0,ao188cmtx.oct,10.0,OPEN,1.0,1.0,TRACK,95.8842,+20:32:46.71,ADI,54.572,-39.0,18:45:39.730,0.0,ON,0.0,0.01,IN,156.18896,76.193,+20:32:47,1.0,ADI,163.025,-39.0,18:45:39.7,SYNC,0.0,ao188ttctrl.oct,0.001,0.0,4.5,1.414213562373095,2000.0,0.01,SCI,675-50,Unknown,675-50,Nasmyth-IR,-0.12,VMPA00010565,294912.0,4.5,21:43:10.220,21:43:15.703,21:43:04.737,140.4,VAMPIRES,20.546322222222,180.0,IR,8762121.0,8762121.0,105176.4648331323,49374.296875,49374.296875,84.85455982290752,15973.2001953125,15973.2001953125,60.21898659322239,59409.32164606482,59409.32170952547,59409.32158260416,0.0,500,1002,83.20051002502441,18.4890022277832,1755783.75,1755783.75,22530.51612560144,HD173667,Observation,IMAG_POL,NAOJ,"""[Summit] Vievard, Skaf [Hilo] Guyon, Lozi, Deo, Ahn""",4.6,622.6,277.95,10.8,-86.46226832423984,-86.46024675401367,-0.0108612306287341,-86.44938552338493,-78.6,-0.96620653704852,0.25776913656354,-0.25776913656354,-0.96620653704852,337822.6868625208,337822.6868625208,337932.1548126686,326364673.608,326364673.608,1282012.897647019,15.0,128.0,128.0,256,256,o21013,3.89376e-05,6.24,-5:14:20.45,ICRS,17.58157104787457,0.0,HWP(NIR),89,493742976.0,493742976.0,848545.6699404741,Subaru,NS_IR,UTC,5.0,251.6703338623047,24302.08275906346,6638925.5,10438.73046875,2913.8037109375,315.4219873725383,1007996.8125,582992640.0,90349.6484375,10522207232.0,0.5863845368243356,07:43:10.220,07:43:15.703,07:43:04.737,T,10000.0,501.0,100000.0,10000.0,1.0,1.0,675-50,A,0.0,1,0.0,3.0,1.0,EmptySlot,5.0,4.0,HD173667_05_20210714_675-50_EmptySlot_0,8,/data/20210714/,1.0,152.0,165.0,87271317504.0,87271317504.0,1196256761.295286,675.0838654091856,48.5,699.3999999999999,650.8999999999999,2,27.11122,182.0,183.0,6638925.5,292783759.41272664,"(-0.0019047022825955245, 0.0)",-0.0012374601347875486,-0.07501533581140633,0.0,0.0,0,0,104.0,73,73,76,3,492607265.91845703,410744717.17993164,4893.451416015625,81862548.73852539,100102.07620099043,4103.258721179927,0.00011646000816834376,,
HD173667_05_20210714_675-50_EmptySlot_08_cam1_FLC2_fix_coll.fits,True,-32,3,366,366,1,True,1.123,62.88878,OFF,83.38481,DARKS_256_10ms_em1_20210715_625-50_EmptySlot_00_cam1_coll.fits,150,e-/s,-1.7333333333333e-06,1.7333333333333e-06,median,183.5,183.5,-78.58520833333337,20.54632222222223,RA---TAN,DEC--TAN,deg,deg,ACQUISITION,2021-07-14T07:43:18,2021-07-14,0.00015,20:32:46.76,-165.0622683242399,VCAM1 - Ultra 897,1.0,7.92,0.0718429257239067,0.0,5.0,3.0,12.4,7.7,SCEXAO,348.72,35708928.0,MIRROR,152.63,15629312.0,ao188cmtx.oct,10.0,OPEN,1.0,1.0,TRACK,95.8842,+20:32:46.71,ADI,54.572,-39.0,18:45:39.730,0.0,ON,0.0,0.01,IN,156.18896,76.193,+20:32:47,1.0,ADI,163.025,-39.0,18:45:39.7,SYNC,0.0,ao188ttctrl.oct,0.001,0.0,4.5,1.414213562373095,2000.0,0.01,SCI,675-50,Unknown,675-50,Nasmyth-IR,-0.12,VMPA00010565,294912.0,4.5,21:43:10.220,21:43:15.703,21:43:04.737,140.4,VAMPIRES,20.546322222222,180.0,IR,8641861.0,8641861.0,101751.8596435521,48681.03515625,48681.03515625,82.71619425896563,15744.599609375,15744.599609375,58.51562796462984,59409.32164606482,59409.32170952547,59409.32158260416,0.0,500,1002,83.20051002502441,18.4890022277832,1729169.5,1729169.5,22017.10793025505,HD173667,Observation,IMAG_POL,NAOJ,"""[Summit] Vievard, Skaf [Hilo] Guyon, Lozi, Deo, Ahn""",4.6,622.6,277.95,10.8,-86.46226832423984,-86.46024675401367,-0.0108612306287341,-86.44938552338493,-78.6,-0.96620653704852,0.25776913656354,-0.25776913656354,-0.96620653704852,336510.3784953323,336510.3784953323,336616.4523822913,321931883.862,321931883.862,1255622.210040564,15.0,128.0,128.0,256,256,o21013,3.89376e-05,6.24,-5:14:20.45,ICRS,17.58157104787457,0.0,HWP(NIR),89,486810368.0,486810368.0,827161.9729862054,Subaru,NS_IR,UTC,5.0,251.6211547851562,23931.16858569696,6330814.5,10288.2060546875,2875.12939453125,315.360350539888,978490.0625,574596288.0,90331.9921875,10066907136.0,0.5610114444661946,07:43:10.220,07:43:15.703,07:43:04.737,T,10000.0,501.0,100000.0,10000.0,1.0,1.0,675-50,B,0.0,2,0.0,3.0,1.0,EmptySlot,5.0,4.0,HD173667_05_20210714_675-50_EmptySlot_0,8,/data/20210714/,1.0,152.0,165.0,84715503616.0,84715503616.0,1149744211.83501,675.0838654091856,48.5,699.3999999999999,650.8999999999999,2,27.11122,182.0,183.0,6330814.5,288305749.9020603,0,0.0,0.0,0.0,0.0,0,0,103.0,73,73,76,3,485306024.1970215,404564440.98535156,4826.444091796875,80741583.21166992,94796.90055338193,4267.696924938317,0.0,,
HD173667_05_20210714_675-50_EmptySlot_08_cam2_FLC1_fix_coll.fits,True,-32,3,366,366,1,True,1.123,62.88878,OFF,83.38481,DARKS_256_10ms_em1_20210715_625-50_EmptySlot_00_cam2_coll.fits,150,e-/s,-1.7333333333333e-06,1.7333333333333e-06,median,183.5,183.5,-78.58520833333337,20.54632222222223,RA---TAN,DEC--TAN,deg,deg,ACQUISITION,2021-07-14T07:43:20,2021-07-14,0.00015,20:32:46.76,-165.0622683242399,VCAM2 - Ultra 897,1.0,7.92,0.0718429257239067,0.0,5.0,3.0,12.4,7.7,SCEXAO,348.72,35708928.0,MIRROR,152.63,15629312.0,ao188cmtx.oct,10.0,OPEN,1.0,1.0,TRACK,95.8842,+20:32:46.71,ADI,54.572,-39.0,18:45:39.730,0.0,ON,0.0,0.01,IN,156.18896,76.193,+20:32:47,1.0,ADI,163.025,-39.0,18:45:39.7,SYNC,0.0,ao188ttctrl.oct,0.001,0.0,4.5,1.414213562373095,2000.0,0.01,SCI,675-50,Unknown,675-50,Nasmyth-IR,-0.12,VMPA00010567,294912.0,4.5,21:43:10.220,21:43:15.703,21:43:04.737,140.4,VAMPIRES,20.546322222222,180.0,IR,10139730.0,10139730.0,120610.4432932095,57059.16796875,57059.16796875,92.5843509351761,17469.44921875,17469.44921875,69.7637704992981,59409.32164606482,59409.32170952547,59409.32158260416,0.0,500,1002,77.31856727600098,17.18190383911133,2050116.375,2050116.375,26058.47097955924,HD173667,Observation,IMAG_POL,NAOJ,"""[Summit] Vievard, Skaf [Hilo] Guyon, Lozi, Deo, Ahn""",4.6,622.6,277.95,10.8,-86.46226832423984,-86.46024675401367,-0.0108612306287341,-86.44938552338493,-78.6,-0.96620653704852,0.25776913656354,-0.25776913656354,-0.96620653704852,344055.0985925514,344055.0985925514,344193.1481656412,381040716.546,381040716.546,1477882.432899107,15.0,128.0,128.0,256,256,o21013,3.89376e-05,6.24,-5:14:20.45,ICRS,17.58157104787457,0.0,HWP(NIR),89,570591680.0,570591680.0,925843.4988701924,Subaru,NS_IR,UTC,5.0,231.8489685058594,23911.01553074922,7463863.0,11971.3564453125,3041.36376953125,290.5795899504097,1234628.25,649721408.0,83233.78125,14780175360.0,0.8236737874063624,07:43:10.220,07:43:15.703,07:43:04.737,T,10000.0,501.0,100000.0,10000.0,2.0,1.0,675-50,A,0.0,1,0.0,3.0,1.0,EmptySlot,5.0,4.0,HD173667_05_20210714_675-50_EmptySlot_0,8,/data/20210714/,1.0,152.0,165.0,117740675072.0,117740675072.0,1596948694.195204,675.0838654091856,48.5,699.3999999999999,650.8999999999999,2,27.11122,182.0,183.0,7463863.0,342344964.2840276,0,0.0,0.0,0.0,0.0,0,0,105.0,73,73,76,3,564746215.9675293,477956212.9782715,5187.9970703125,86790002.98925781,106088.41906615783,4505.262847589547,0.0,,
HD173667_05_20210714_675-50_EmptySlot_08_cam2_FLC2_fix_coll.fits,True,-32,3,366,366,1,True,1.123,62.88878,OFF,83.38481,DARKS_256_10ms_em1_20210715_625-50_EmptySlot_00_cam2_coll.fits,150,e-/s,-1.7333333333333e-06,1.7333333333333e-06,median,183.5,183.5,-78.58520833333337,20.54632222222223,RA---TAN,DEC--TAN,deg,deg,ACQUISITION,2021-07-14T07:43:20,2021-07-14,0.00015,20:32:46.76,-165.0622683242399,VCAM2 - Ultra 897,1.0,7.92,0.0718429257239067,0.0,5.0,3.0,12.4,7.7,SCEXAO,348.72,35708928.0,MIRROR,152.63,15629312.0,ao188cmtx.oct,10.0,OPEN,1.0,1.0,TRACK,95.8842,+20:32:46.71,ADI,54.572,-39.0,18:45:39.730,0.0,ON,0.0,0.01,IN,156.18896,76.193,+20:32:47,1.0,ADI,163.025,-39.0,18:45:39.7,SYNC,0.0,ao188ttctrl.oct,0.001,0.0,4.5,1.414213562373095,2000.0,0.01,SCI,675-50,Unknown,675-50,Nasmyth-IR,-0.12,VMPA00010567,294912.0,4.5,21:43:10.220,21:43:15.703,21:43:04.737,140.4,VAMPIRES,20.546322222222,180.0,IR,9978006.0,9978006.0,118356.5762146088,56150.75390625,56150.75390625,89.52132540567523,17239.275390625,17239.275390625,67.9556343983126,59409.32164606482,59409.32170952547,59409.32158260416,0.0,500,1002,77.31856727600098,17.18190383911133,2014174.5,2014174.5,25495.6973909821,HD173667,Observation,IMAG_POL,NAOJ,"""[Summit] Vievard, Skaf [Hilo] Guyon, Lozi, Deo, Ahn""",4.6,622.6,277.95,10.8,-86.46226832423984,-86.46024675401367,-0.0108612306287341,-86.44938552338493,-78.6,-0.96620653704852,0.25776913656354,-0.25776913656354,-0.96620653704852,342200.5641866669,342200.5641866669,342335.3195201771,374671398.402,374671398.402,1448945.540999388,15.0,128.0,128.0,256,256,o21013,3.89376e-05,6.24,-5:14:20.45,ICRS,17.58157104787457,0.0,HWP(NIR),89,561507520.0,561507520.0,895213.2136153666,Subaru,NS_IR,UTC,5.0,231.78271484375,23588.84968380351,7491373.0,11786.3037109375,3010.97900390625,290.4965532990391,1199508.5,639701632.0,83209.9921875,14137772032.0,0.7878737532844254,07:43:10.220,07:43:15.703,07:43:04.737,T,10000.0,501.0,100000.0,10000.0,2.0,1.0,675-50,B,0.0,2,0.0,3.0,1.0,EmptySlot,5.0,4.0,HD173667_05_20210714_675-50_EmptySlot_0,8,/data/20210714/,1.0,152.0,165.0,113776787456.0,113776787456.0,1529877634.142865,675.0838654091856,48.5,699.3999999999999,650.8999999999999,2,27.11122,182.0,183.0,7491373.0,335819548.0153528,0,0.0,0.0,0.0,0.0,0,0,105.0,73,73,76,3,555185182.2216797,469594468.0095215,5116.307861328125,85590714.2121582,109010.90230871348,4307.77525975937,0.0,,
HD173667_05_20210714_675-50_EmptySlot_09_cam1_FLC1_fix_coll.fits,True,-32,3,366,366,1,True,1.122,62.96763,OFF,83.39559,DARKS_256_10ms_em1_20210715_625-50_EmptySlot_00_cam1_coll.fits,150,e-/s,-1.7333333333333e-06,1.7333333333333e-06,median,183.5,183.5,-78.58520000000001,20.54630555555556,RA---TAN,DEC--TAN,deg,deg,ACQUISITION,2021-07-14T07:43:38,2021-07-14,0.00015,20:32:46.7,-165.0822625394252,VCAM1 - Ultra 897,1.0,7.92,0.0718429257239067,0.0,5.0,3.0,12.4,7.7,SCEXAO,348.72,35708928.0,MIRROR,152.63,15629312.0,ao188cmtx.oct,10.0,OPEN,1.0,1.0,TRACK,95.92317,+20:32:46.71,ADI,54.552,-39.0,18:45:39.730,0.0,ON,0.0,0.01,IN,156.13898,76.13903,+20:32:47,1.0,ADI,163.025,-39.0,18:45:39.7,SYNC,0.0,ao188ttctrl.oct,0.001,0.0,4.5,1.414213562373095,2000.0,0.01,SCI,675-50,Unknown,675-50,Nasmyth-IR,-0.12,VMPA00010569,294912.0,4.5,21:43:30.590,21:43:36.037,21:43:25.142,140.4,VAMPIRES,20.546305555556,180.0,IR,9397713.0,9397713.0,100133.6284285754,51284.90625,51284.90625,45.25271775919495,15620.400390625,15620.400390625,44.13867713891562,59409.32188182291,59409.32194487269,59409.32181877315,0.0,500,1002,83.20051002502441,18.4890022277832,1953701.5,1953701.5,19967.89976838,HD173667,Observation,IMAG_POL,NAOJ,"""[Summit] Vievard, Skaf [Hilo] Guyon, Lozi, Deo, Ahn""",4.6,622.7,277.95,10.8,-86.48226253942522,-86.48101126953277,-0.0108733188440766,-86.4701379506887,-78.6,-0.96629643059351,0.2574319487209,-0.2574319487209,-0.96629643059351,344554.5629328669,344554.5629328669,344573.9781604586,349035258.636,349035258.636,564285.9599400023,15.0,128.0,128.0,256,256,o21013,3.89376e-05,6.24,-5:14:20.448,ICRS,17.58157104787457,45.0,HWP(NIR),89,512849088.0,512849088.0,452527.1638348906,Subaru,NS_IR,UTC,5.0,251.7811431884766,26840.11970199668,6871348.0,10853.37109375,2914.3857421875,315.5608662675759,1156980.125,601113984.0,90389.4296875,12557134848.0,0.6997875578131555,07:43:30.590,07:43:36.037,07:43:25.142,T,10000.0,501.0,100000.0,10000.0,1.0,1.0,675-50,A,0.0,1,45.0,3.0,1.0,EmptySlot,5.0,4.0,HD173667_05_20210714_675-50_EmptySlot_0,9,/data/20210714/,2.0,152.0,165.0,100330856448.0,100330856448.0,1057025845.628712,675.0838654091856,48.5,699.3999999999999,650.8999999999999,2,27.03237,182.0,182.0,6871348.0,314958166.0636362,"(0.040643763960719864, 0.0)",0.01934253028226782,-0.07761101726906573,0.0,0.0,0,0,103.0,73,73,76,3,511908928.8220215,432194819.06225586,4765.025390625,79714109.75976562,99981.29879349985,4322.756598260498,0.00011525688573106755,,
HD173667_05_20210714_675-50_EmptySlot_09_cam1_FLC2_fix_coll.fits,True,-32,3,366,366,1,True,1.122,62.96763,OFF,83.39559,DARKS_256_10ms_em1_20210715_625-50_EmptySlot_00_cam1_coll.fits,150,e-/s,-1.7333333333333e-06,1.7333333333333e-06,median,183.5,183.5,-78.58520000000001,20.54630555555556,RA---TAN,DEC--TAN,deg,deg,ACQUISITION,2021-07-14T07:43:38,2021-07-14,0.00015,20:32:46.7,-165.0822625394252,VCAM1 - Ultra 897,1.0,7.92,0.0718429257239067,0.0,5.0,3.0,12.4,7.7,SCEXAO,348.72,35708928.0,MIRROR,152.63,15629312.0,ao188cmtx.oct,10.0,OPEN,1.0,1.0,TRACK,95.92317,+20:32:46.71,ADI,54.552,-39.0,18:45:39.730,0.0,ON,0.0,0.01,IN,156.13898,76.13903,+20:32:47,1.0,ADI,163.025,-39.0,18:45:39.7,SYNC,0.0,ao188ttctrl.oct,0.001,0.0,4.5,1.414213562373095,2000.0,0.01,SCI,675-50,Unknown,675-50,Nasmyth-IR,-0.12,VMPA00010569,294912.0,4.5,21:43:30.590,21:43:36.037,21:43:25.142,140.4,VAMPIRES,20.546305555556,180.0,IR,9002357.0,9002357.0,104196.7428291307,48407.0703125,48407.0703125,41.77299255499547,14884.875,14884.875,43.3071202527567,59409.32188182291,59409.32194487269,59409.32181877315,0.0,500,1002,83.20051002502441,18.4890022277832,1865199.875,1865199.875,20557.24902486974,HD173667,Observation,IMAG_POL,NAOJ,"""[Summit] Vievard, Skaf [Hilo] Guyon, Lozi, Deo, Ahn""",4.6,622.7,277.95,10.8,-86.48226253942522,-86.48101126953277,-0.0108733188440766,-86.4701379506887,-78.6,-0.96629643059351,0.2574319487209,-0.2574319487209,-0.96629643059351,338750.9861361454,338750.9861361454,338768.6936228586,329195755.566,329195755.566,525264.0149915089,15.0,128.0,128.0,256,256,o21013,3.89376e-05,6.24,-5:14:20.448,ICRS,17.58157104787457,45.0,HWP(NIR),89,484070752.0,484070752.0,417729.9211826344,Subaru,NS_IR,UTC,5.0,251.5747222900391,27011.19616809487,6459642.0,10116.8046875,2716.294189453125,315.3021560373268,1086226.0,567299840.0,90315.328125,10989135872.0,0.6124056679672141,07:43:30.590,07:43:36.037,07:43:25.142,T,10000.0,501.0,100000.0,10000.0,1.0,1.0,675-50,B,0.0,2,45.0,3.0,1.0,EmptySlot,5.0,4.0,HD173667_05_20210714_675-50_EmptySlot_0,9,/data/20210714/,2.0,152.0,165.0,90390593536.0,90390593536.0,1020391298.546833,675.0838654091856,48.5,699.3999999999999,650.8999999999999,2,27.03237,182.0,182.0,6459642.0,295718690.03474736,0,0.0,0.0,0.0,0.0,0,0,104.0,73,73,76,3,482111446.8046875,406190948.19628906,4538.2568359375,75920498.60839844,97132.60192005424,4181.818876123671,0.0,,
HD173667_05_20210714_675-50_EmptySlot_09_cam2_FLC1_fix_coll.fits,True,-32,3,366,366,1,True,1.122,62.96763,OFF,83.39559,DARKS_256_10ms_em1_20210715_625-50_EmptySlot_00_cam2_coll.fits,150,e-/s,-1.7333333333333e-06,1.7333333333333e-06,median,183.5,183.5,-78.58520000000001,20.54630555555556,RA---TAN,DEC--TAN,deg,deg,ACQUISITION,2021-07-14T07:43:40,2021-07-14,0.00015,20:32:46.7,-165.0822625394252,VCAM2 - Ultra 897,1.0,7.92,0.0718429257239067,0.0,5.0,3.0,12.4,7.7,SCEXAO,348.72,35708928.0,MIRROR,152.63,15629312.0,ao188cmtx.oct,10.0,OPEN,1.0,1.0,TRACK,95.92317,+20:32:46.71,ADI,54.552,-39.0,18:45:39.730,0.0,ON,0.0,0.01,IN,156.13898,76.13903,+20:32:47,1.0,ADI,163.025,-39.0,18:45:39.7,SYNC,0.0,ao188ttctrl.oct,0.001,0.0,4.5,1.414213562373095,2000.0,0.01,SCI,675-50,Unknown,675-50,Nasmyth-IR,-0.12,VMPA00010571,294912.0,4.5,21:43:30.590,21:43:36.037,21:43:25.142,140.4,VAMPIRES,20.546305555556,180.0,IR,10558917.0,10558917.0,112440.2533956612,57092.3125,57092.3125,46.70431948133152,16503.30078125,16503.30078125,48.72670539639162,59409.32188182291,59409.32194487269,59409.32181877315,0.0,500,1002,77.31856727600098,17.18190383911133,2210957.75,2210957.75,22448.19248792481,HD173667,Observation,IMAG_POL,NAOJ,"""[Summit] Vievard, Skaf [Hilo] Guyon, Lozi, Deo, Ahn""",4.6,622.7,277.95,10.8,-86.48226253942522,-86.48101126953277,-0.0108733188440766,-86.4701379506887,-78.6,-0.96629643059351,0.2574319487209,-0.2574319487209,-0.96629643059351,347538.5398489955,347538.5398489955,347562.0005532835,392689375.92,392689375.92,628384.0915848654,15.0,128.0,128.0,256,256,o21013,3.89376e-05,6.24,-5:14:20.448,ICRS,17.58157104787457,45.0,HWP(NIR),89,570923136.0,570923136.0,467043.1804885047,Subaru,NS_IR,UTC,5.0,231.8067474365234,26613.98399831727,7940194.5,11957.2236328125,2860.404296875,290.5266736873184,1372821.75,643513856.0,83218.625,16415136768.0,0.9147873785776244,07:43:30.590,07:43:36.037,07:43:25.142,T,10000.0,501.0,100000.0,10000.0,2.0,1.0,675-50,A,0.0,1,45.0,3.0,1.0,EmptySlot,5.0,4.0,HD173667_05_20210714_675-50_EmptySlot_0,9,/data/20210714/,2.0,152.0,165.0,126363762688.0,126363762688.0,1316504594.682107,675.0838654091856,48.5,699.3999999999999,650.8999999999999,2,27.03237,182.0,182.0,7940194.5,354562461.3959551,0,0.0,0.0,0.0,0.0,0,0,104.0,73,73,76,3,565246468.5168457,485156715.923584,4787.47998046875,80089752.59326172,111136.37678896666,4365.417786156846,0.0,,
HD173667_05_20210714_675-50_EmptySlot_09_cam2_FLC2_fix_coll.fits,True,-32,3,366,366,1,True,1.122,62.96763,OFF,83.39559,DARKS_256_10ms_em1_20210715_625-50_EmptySlot_00_cam2_coll.fits,150,e-/s,-1.7333333333333e-06,1.7333333333333e-06,median,183.5,183.5,-78.58520000000001,20.54630555555556,RA---TAN,DEC--TAN,deg,deg,ACQUISITION,2021-07-14T07:43:40,2021-07-14,0.00015,20:32:46.7,-165.0822625394252,VCAM2 - Ultra 897,1.0,7.92,0.0718429257239067,0.0,5.0,3.0,12.4,7.7,SCEXAO,348.72,35708928.0,MIRROR,152.63,15629312.0,ao188cmtx.oct,10.0,OPEN,1.0,1.0,TRACK,95.92317,+20:32:46.71,ADI,54.552,-39.0,18:45:39.730,0.0,ON,0.0,0.01,IN,156.13898,76.13903,+20:32:47,1.0,ADI,163.025,-39.0,18:45:39.7,SYNC,0.0,ao188ttctrl.oct,0.001,0.0,4.5,1.414213562373095,2000.0,0.01,SCI,675-50,Unknown,675-50,Nasmyth-IR,-0.12,VMPA00010571,294912.0,4.5,21:43:30.590,21:43:36.037,21:43:25.142,140.4,VAMPIRES,20.546305555556,180.0,IR,10844037.0,10844037.0,124215.6556933324,58573.09375,58573.09375,46.06149361100302,16910.55078125,16910.55078125,45.66250069041823,59409.32188182291,59409.32194487269,59409.32181877315,0.0,500,1002,77.31856727600098,17.18190383911133,2273819.75,2273819.75,24687.99889157448,HD173667,Observation,IMAG_POL,NAOJ,"""[Summit] Vievard, Skaf [Hilo] Guyon, Lozi, Deo, Ahn""",4.6,622.7,277.95,10.8,-86.48226253942522,-86.48101126953277,-0.0108733188440766,-86.4701379506887,-78.6,-0.96629643059351,0.2574319487209,-0.2574319487209,-0.96629643059351,350358.7002261056,350358.7002261056,350382.0588305012,402531038.91,402531038.91,634684.9536231217,15.0,128.0,128.0,256,256,o21013,3.89376e-05,6.24,-5:14:20.448,ICRS,17.58157104787457,45.0,HWP(NIR),89,585730944.0,585730944.0,460614.9322667883,Subaru,NS_IR,UTC,5.0,231.9284210205078,26362.99452626426,7933403.0,12114.0732421875,2923.68701171875,290.6791689102639,1376990.5,660229120.0,83262.3046875,16680964096.0,0.9296014790004404,07:43:30.590,07:43:36.037,07:43:25.142,T,10000.0,501.0,100000.0,10000.0,2.0,1.0,675-50,B,0.0,2,45.0,3.0,1.0,EmptySlot,5.0,4.0,HD173667_05_20210714_675-50_EmptySlot_0,9,/data/20210714/,2.0,152.0,165.0,133327060992.0,133327060992.0,1479704350.177928,675.0838654091856,48.5,699.3999999999999,650.8999999999999,2,27.03237,182.0,182.0,7933403.0,361285745.62996906,0,0.0,0.0,0.0,0.0,0,0,105.0,73,73,76,3,577612722.8737793,494314804.6972656,4979.252685546875,83297918.17651367,110057.43883207534,4491.425658664352,0.0,,
HD173667_05_20210714_675-50_EmptySlot_010_cam1_FLC1_fix_coll.fits,True,-32,3,366,366,1,True,1.122,63.04456,OFF,83.40598,DARKS_256_10ms_em1_20210715_625-50_EmptySlot_00_cam1_coll.fits,150,e-/s,-1.7333333333333e-06,1.7333333333333e-06,median,183.5,183.5,-78.58520833333337,20.54633333333334,RA---TAN,DEC--TAN,deg,deg,ACQUISITION,2021-07-14T07:43:58,2021-07-14,0.00015,20:32:46.8,-165.1019313514905,VCAM1 - Ultra 897,1.0,7.92,0.0718429257239067,0.0,5.0,3.0,12.4,7.7,SCEXAO,348.72,35708928.0,MIRROR,152.63,15629312.0,ao188cmtx.oct,10.0,OPEN,1.0,1.0,TRACK,95.96293,+20:32:46.71,ADI,54.532,-39.0,18:45:39.730,0.0,ON,0.0,0.01,IN,156.08501,76.08696,+20:32:47,1.0,ADI,163.025,-39.0,18:45:39.7,SYNC,0.0,ao188ttctrl.oct,0.001,0.0,4.5,1.414213562373095,2000.0,0.01,SCI,675-50,Unknown,675-50,Nasmyth-IR,-0.12,VMPA00010573,294912.0,4.5,21:43:50.127,21:43:55.592,21:43:44.662,140.4,VAMPIRES,20.546333333333,180.0,IR,9362270.0,9362270.0,114116.4323122748,50660.87890625,50660.87890625,63.52790317214355,15746.849609375,15746.849609375,50.73003341762981,59409.32210795139,59409.3221712037,59409.32204469907,0.0,500,1002,83.20051002502441,18.4890022277832,1933045.25,1933045.25,23250.28544442133,HD173667,Observation,IMAG_POL,NAOJ,"""[Summit] Vievard, Skaf [Hilo] Guyon, Lozi, Deo, Ahn""",4.4,622.7,277.95,10.8,-86.50193135149051,-86.4999191436425,-0.0108845502218741,-86.48903459342063,-78.6,-0.96638474631828,0.25710021797609,-0.25710021797609,-0.96638474631828,342437.4207975243,342437.4207975243,342488.7573125219,341865952.866,341865952.866,902292.2760422392,15.0,128.0,128.0,256,256,o21013,3.89376e-05,6.24,-5:14:20.45,ICRS,17.58157104787457,22.5,HWP(NIR),89,506608768.0,506608768.0,635279.0318961283,Subaru,NS_IR,UTC,5.0,251.7369384765625,26480.55635807686,6862778.5,10555.4931640625,2813.99609375,315.5054638771981,1110346.875,591899264.0,90373.5625,11720258560.0,0.6531498796437175,07:43:50.127,07:43:55.592,07:43:44.662,T,10000.0,501.0,100000.0,10000.0,1.0,1.0,675-50,A,0.0,1,22.5,3.0,1.0,EmptySlot,5.0,4.0,HD173667_05_20210714_675-50_EmptySlot_0,10,/data/20210714/,3.0,152.0,165.0,98214207488.0,98214207488.0,1230888066.23736,675.0838654091856,48.5,699.3999999999999,650.8999999999999,2,26.95544,182.0,183.0,6862778.5,307147753.8627494,"(0.03687034664006649, 0.0)",0.017526541062255298,-0.07830533156444332,0.0,0.0,0,0,103.0,73,73,76,3,503847905.86694336,424043020.04418945,4770.45166015625,79804885.8227539,105390.9257682168,4023.5249567574247,0.00012047798859090208,,
HD173667_05_20210714_675-50_EmptySlot_010_cam1_FLC2_fix_coll.fits,True,-32,3,366,366,1,True,1.122,63.04456,OFF,83.40598,DARKS_256_10ms_em1_20210715_625-50_EmptySlot_00_cam1_coll.fits,150,e-/s,-1.7333333333333e-06,1.7333333333333e-06,median,183.5,183.5,-78.58520833333337,20.54633333333334,RA---TAN,DEC--TAN,deg,deg,ACQUISITION,2021-07-14T07:43:58,2021-07-14,0.00015,20:32:46.8,-165.1019313514905,VCAM1 - Ultra 897,1.0,7.92,0.0718429257239067,0.0,5.0,3.0,12.4,7.7,SCEXAO,348.72,35708928.0,MIRROR,152.63,15629312.0,ao188cmtx.oct,10.0,OPEN,1.0,1.0,TRACK,95.96293,+20:32:46.71,ADI,54.532,-39.0,18:45:39.730,0.0,ON,0.0,0.01,IN,156.08501,76.08696,+20:32:47,1.0,ADI,163.025,-39.0,18:45:39.7,SYNC,0.0,ao188ttctrl.oct,0.001,0.0,4.5,1.414213562373095,2000.0,0.01,SCI,675-50,Unknown,675-50,Nasmyth-IR,-0.12,VMPA00010573,294912.0,4.5,21:43:50.127,21:43:55.592,21:43:44.662,140.4,VAMPIRES,20.546333333333,180.0,IR,8847413.0,8847413.0,100897.8046598859,48090.87109375,48090.87109375,60.23211039062939,15066.0,15066.0,46.80505172332573,59409.32210795139,59409.3221712037,59409.32204469907,0.0,500,1002,83.20051002502441,18.4890022277832,1824907.75,1824907.75,20774.26920488349,HD173667,Observation,IMAG_POL,NAOJ,"""[Summit] Vievard, Skaf [Hilo] Guyon, Lozi, Deo, Ahn""",4.4,622.7,277.95,10.8,-86.50193135149051,-86.4999191436425,-0.0108845502218741,-86.48903459342063,-78.6,-0.96638474631828,0.25710021797609,-0.25710021797609,-0.96638474631828,337234.262113142,337234.262113142,337282.801864097,324172505.646,324172505.646,857618.7983360875,15.0,128.0,128.0,256,256,o21013,3.89376e-05,6.24,-5:14:20.45,ICRS,17.58157104787457,22.5,HWP(NIR),89,480908736.0,480908736.0,602321.1340408038,Subaru,NS_IR,UTC,5.0,251.5568237304688,26425.45714426739,6619134.5,10041.1728515625,2710.967529296875,315.2797235195798,1054801.75,563058752.0,90308.8984375,10591447040.0,0.5902431524026726,07:43:50.127,07:43:55.592,07:43:44.662,T,10000.0,501.0,100000.0,10000.0,1.0,1.0,675-50,B,0.0,2,22.5,3.0,1.0,EmptySlot,5.0,4.0,HD173667_05_20210714_675-50_EmptySlot_0,10,/data/20210714/,3.0,152.0,165.0,88017108992.0,88017108992.0,1047424809.427655,675.0838654091856,48.5,699.3999999999999,650.8999999999999,2,26.95544,182.0,183.0,6619134.5,290868055.21457946,0,0.0,0.0,0.0,0.0,0,0,103.0,73,73,76,3,478270604.326416,401647769.52978516,4580.239990234375,76622834.79663086,101099.91154314693,3972.7806226454695,0.0,,
HD173667_05_20210714_675-50_EmptySlot_010_cam2_FLC1_fix_coll.fits,True,-32,3,366,366,1,True,1.122,63.04456,OFF,83.40598,DARKS_256_10ms_em1_20210715_625-50_EmptySlot_00_cam2_coll.fits,150,e-/s,-1.7333333333333e-06,1.7333333333333e-06,median,183.5,183.5,-78.58520833333337,20.54633333333334,RA---TAN,DEC--TAN,deg,deg,ACQUISITION,2021-07-14T07:44:00,2021-07-14,0.00015,20:32:46.8,-165.1019313514905,VCAM2 - Ultra 897,1.0,7.92,0.0718429257239067,0.0,5.0,3.0,12.4,7.7,SCEXAO,348.72,35708928.0,MIRROR,152.63,15629312.0,ao188cmtx.oct,10.0,OPEN,1.0,1.0,TRACK,95.96293,+20:32:46.71,ADI,54.532,-39.0,18:45:39.730,0.0,ON,0.0,0.01,IN,156.08501,76.08696,+20:32:47,1.0,ADI,163.025,-39.0,18:45:39.7,SYNC,0.0,ao188ttctrl.oct,0.001,0.0,4.5,1.414213562373095,2000.0,0.01,SCI,675-50,Unknown,675-50,Nasmyth-IR,-0.12,VMPA00010575,294912.0,4.5,21:43:50.127,21:43:55.592,21:43:44.662,140.4,VAMPIRES,20.546333333333,180.0,IR,10535524.0,10535524.0,124666.1898497789,56971.56640625,56971.56640625,71.3249128024955,16872.5234375,16872.5234375,51.5951668079284,59409.32210795139,59409.3221712037,59409.32204469907,0.0,500,1002,77.31856727600098,17.18190383911133,2190649.75,2190649.75,25838.15399682116,HD173667,Observation,IMAG_POL,NAOJ,"""[Summit] Vievard, Skaf [Hilo] Guyon, Lozi, Deo, Ahn""",4.4,622.7,277.95,10.8,-86.50193135149051,-86.4999191436425,-0.0108845502218741,-86.48903459342063,-78.6,-0.96638474631828,0.25710021797609,-0.25710021797609,-0.96638474631828,346051.2783967744,346051.2783967744,346114.5026831924,387670140.9,387670140.9,1016535.113764648,15.0,128.0,128.0,256,256,o21013,3.89376e-05,6.24,-5:14:20.45,ICRS,17.58157104787457,22.5,HWP(NIR),89,569715712.0,569715712.0,713249.1123026022,Subaru,NS_IR,UTC,5.0,231.8219909667969,25237.11225222703,7471198.5,11867.560546875,2932.62060546875,290.5457786193127,1291952.375,644088128.0,83224.09375,15332322304.0,0.8544439882660989,07:43:50.127,07:43:55.592,07:43:44.662,T,10000.0,501.0,100000.0,10000.0,2.0,1.0,675-50,A,0.0,1,22.5,3.0,1.0,EmptySlot,5.0,4.0,HD173667_05_20210714_675-50_EmptySlot_0,10,/data/20210714/,3.0,152.0,165.0,125162094592.0,125162094592.0,1539484806.829994,675.0838654091856,48.5,699.3999999999999,650.8999999999999,2,26.95544,182.0,183.0,7471198.5,347193652.8747145,0,0.0,0.0,0.0,0.0,0,0,104.0,73,73,76,3,561488930.9394531,478491081.0319824,4961.315673828125,82997849.9074707,111764.89296367398,4281.228821894031,0.0,,
HD173667_05_20210714_675-50_EmptySlot_010_cam2_FLC2_fix_coll.fits,True,-32,3,366,366,1,True,1.122,63.04456,OFF,83.40598,DARKS_256_10ms_em1_20210715_625-50_EmptySlot_00_cam2_coll.fits,150,e-/s,-1.7333333333333e-06,1.7333333333333e-06,median,183.5,183.5,-78.58520833333337,20.54633333333334,RA---TAN,DEC--TAN,deg,deg,ACQUISITION,2021-07-14T07:44:00,2021-07-14,0.00015,20:32:46.8,-165.1019313514905,VCAM2 - Ultra 897,1.0,7.92,0.0718429257239067,0.0,5.0,3.0,12.4,7.7,SCEXAO,348.72,35708928.0,MIRROR,152.63,15629312.0,ao188cmtx.oct,10.0,OPEN,1.0,1.0,TRACK,95.96293,+20:32:46.71,ADI,54.532,-39.0,18:45:39.730,0.0,ON,0.0,0.01,IN,156.08501,76.08696,+20:32:47,1.0,ADI,163.025,-39.0,18:45:39.7,SYNC,0.0,ao188ttctrl.oct,0.001,0.0,4.5,1.414213562373095,2000.0,0.01,SCI,675-50,Unknown,675-50,Nasmyth-IR,-0.12,VMPA00010575,294912.0,4.5,21:43:50.127,21:43:55.592,21:43:44.662,140.4,VAMPIRES,20.546333333333,180.0,IR,10666088.0,10666088.0,119790.8684777564,58081.2421875,58081.2421875,73.11437860933295,17130.150390625,17130.150390625,53.4899942162447,59409.32210795139,59409.3221712037,59409.32204469907,0.0,500,1002,77.31856727600098,17.18190383911133,2220753.5,2220753.5,24879.14636754608,HD173667,Observation,IMAG_POL,NAOJ,"""[Summit] Vievard, Skaf [Hilo] Guyon, Lozi, Deo, Ahn""",4.4,622.7,277.95,10.8,-86.50193135149051,-86.4999191436425,-0.0108845502218741,-86.48903459342063,-78.6,-0.96638474631828,0.25710021797609,-0.25710021797609,-0.96638474631828,348276.3345039188,348276.3345039188,348341.2748245306,395402204.304,395402204.304,1039868.823899784,15.0,128.0,128.0,256,256,o21013,3.89376e-05,6.24,-5:14:20.45,ICRS,17.58157104787457,22.5,HWP(NIR),89,580812416.0,580812416.0,731143.8276702183,Subaru,NS_IR,UTC,5.0,231.9046020507812,25654.60820682696,7639497.0,12026.5693359375,2948.947265625,290.6493162587693,1330447.625,655472064.0,83253.75,16000720896.0,0.8916926938030892,07:43:50.127,07:43:55.592,07:43:44.662,T,10000.0,501.0,100000.0,10000.0,2.0,1.0,675-50,B,0.0,2,22.5,3.0,1.0,EmptySlot,5.0,4.0,HD173667_05_20210714_675-50_EmptySlot_0,10,/data/20210714/,3.0,152.0,165.0,129327906816.0,129327906816.0,1512342029.861352,675.0838654091856,48.5,699.3999999999999,650.8999999999999,2,26.95544,182.0,183.0,7639497.0,354122726.77527595,0,0.0,0.0,0.0,0.0,0,0,105.0,73,73,76,3,571837288.2458496,487497777.4394531,5041.515380859375,84339510.80639648,113148.00106937146,4308.496595892723,0.0,,
HD173667_05_20210714_675-50_EmptySlot_011_cam1_FLC1_fix_coll.fits,True,-32,3,366,366,1,True,1.121,63.12577,OFF,83.41701,DARKS_256_10ms_em1_20210715_625-50_EmptySlot_00_cam1_coll.fits,150,e-/s,-1.7333333333333e-06,1.7333333333333e-06,median,183.5,183.5,-78.58520416666668,20.54632222222223,RA---TAN,DEC--TAN,deg,deg,ACQUISITION,2021-07-14T07:44:19,2021-07-14,0.00015,20:32:46.76,-165.122500069803,VCAM1 - Ultra 897,1.0,7.92,0.0718429257239067,0.0,5.0,3.0,12.4,7.7,SCEXAO,348.72,35708928.0,MIRROR,152.63,15629312.0,ao188cmtx.oct,10.0,OPEN,1.0,1.0,TRACK,96.00694,+20:32:46.71,ADI,54.511,-39.0,18:45:39.730,0.0,ON,0.0,0.01,IN,156.02999,76.03299,+20:32:47,1.0,ADI,163.025,-39.0,18:45:39.7,SYNC,0.0,ao188ttctrl.oct,0.001,0.0,4.5,1.414213562373095,2000.0,0.01,SCI,675-50,Unknown,675-50,Nasmyth-IR,-0.12,VMPA00010577,294912.0,4.5,21:44:11.053,21:44:16.481,21:44:05.624,140.4,VAMPIRES,20.546322222222,180.0,IR,7908690.5,7908690.5,135150.6877433597,48385.48828125,48385.48828125,192.0647879208048,16520.849609375,16520.849609375,86.45222384185072,59409.32235014468,59409.32241297454,59409.32228731481,0.0,500,1002,83.20051002502441,18.4890022277832,1580461.25,1580461.25,30823.84768421312,HD173667,Observation,IMAG_POL,NAOJ,"""[Summit] Vievard, Skaf [Hilo] Guyon, Lozi, Deo, Ahn""",4.4,622.7,277.95,10.8,-86.52250006980299,-86.52074050039302,-0.0108969431173875,-86.50984355727563,-78.6,-0.96647698092961,0.25675327716152,-0.25675327716152,-0.96647698092961,332923.4573109451,332923.4573109451,333458.9133371755,311357247.102,311357247.102,2691748.762402616,15.0,128.0,128.0,256,256,o21013,3.89376e-05,6.24,-5:14:20.449,ICRS,17.58157104787457,67.5,HWP(NIR),89,483854880.0,483854880.0,1920647.870822793,Subaru,NS_IR,UTC,5.0,251.6380767822266,20857.67865503242,5778870.5,10271.0625,2996.4365234375,315.3815591180478,851343.8125,578291648.0,90338.0703125,8744205312.0,0.4872995435957989,07:44:11.053,07:44:16.481,07:44:05.624,T,10000.0,501.0,100000.0,10000.0,1.0,1.0,675-50,A,0.0,1,67.5,3.0,1.0,EmptySlot,5.0,4.0,HD173667_05_20210714_675-50_EmptySlot_0,11,/data/20210714/,4.0,152.0,165.0,78861705216.0,78861705216.0,1662211963.768597,675.0838654091856,48.5,699.3999999999999,650.8999999999999,2,26.87423,182.0,183.0,5778870.5,277626485.6778219,"(0.004614029265685743, 0.0)",0.002376292671619745,-0.07347845773614355,0.0,0.0,0,0,103.0,73,73,76,3,483568891.5175781,398773115.2067871,5068.789306640625,84795776.31079102,95024.95795837375,4196.509251616529,0.00011926791986842538,,
HD173667_05_20210714_675-50_EmptySlot_011_cam1_FLC2_fix_coll.fits,True,-32,3,366,366,1,True,1.121,63.12577,OFF,83.41701,DARKS_256_10ms_em1_20210715_625-50_EmptySlot_00_cam1_coll.fits,150,e-/s,-1.7333333333333e-06,1.7333333333333e-06,median,183.5,183.5,-78.58520416666668,20.54632222222223,RA---TAN,DEC--TAN,deg,deg,ACQUISITION,2021-07-14T07:44:19,2021-07-14,0.00015,20:32:46.76,-165.122500069803,VCAM1 - Ultra 897,1.0,7.92,0.0718429257239067,0.0,5.0,3.0,12.4,7.7,SCEXAO,348.72,35708928.0,MIRROR,152.63,15629312.0,ao188cmtx.oct,10.0,OPEN,1.0,1.0,TRACK,96.00694,+20:32:46.71,ADI,54.511,-39.0,18:45:39.730,0.0,ON,0.0,0.01,IN,156.02999,76.03299,+20:32:47,1.0,ADI,163.025,-39.0,18:45:39.7,SYNC,0.0,ao188ttctrl.oct,0.001,0.0,4.5,1.414213562373095,2000.0,0.01,SCI,675-50,Unknown,675-50,Nasmyth-IR,-0.12,VMPA00010577,294912.0,4.5,21:44:11.053,21:44:16.481,21:44:05.624,140.4,VAMPIRES,20.546322222222,180.0,IR,7723708.0,7723708.0,132298.2140868425,47447.9375,47447.9375,186.6650549773656,16199.5498046875,16199.5498046875,88.42439649212312,59409.32235014468,59409.32241297454,59409.32228731481,0.0,500,1002,83.20051002502441,18.4890022277832,1547290.125,1547290.125,30246.34958800413,HD173667,Observation,IMAG_POL,NAOJ,"""[Summit] Vievard, Skaf [Hilo] Guyon, Lozi, Deo, Ahn""",4.4,622.7,277.95,10.8,-86.52250006980299,-86.52074050039302,-0.0108969431173875,-86.50984355727563,-78.6,-0.96647698092961,0.25675327716152,-0.25675327716152,-0.96647698092961,331174.1444897924,331174.1444897924,331699.8374536989,305516362.122,305516362.122,2645869.198325701,15.0,128.0,128.0,256,256,o21013,3.89376e-05,6.24,-5:14:20.449,ICRS,17.58157104787457,67.5,HWP(NIR),89,474479392.0,474479392.0,1866650.764645813,Subaru,NS_IR,UTC,5.0,251.5634002685547,20645.30692566663,5610495.5,10109.0068359375,2934.051025390625,315.2879659877375,829626.0625,564658816.0,90311.2578125,8386695680.0,0.4673761458382438,07:44:11.053,07:44:16.481,07:44:05.624,T,10000.0,501.0,100000.0,10000.0,1.0,1.0,675-50,B,0.0,2,67.5,3.0,1.0,EmptySlot,5.0,4.0,HD173667_05_20210714_675-50_EmptySlot_0,11,/data/20210714/,4.0,152.0,165.0,75649892352.0,75649892352.0,1589686941.438405,675.0838654091856,48.5,699.3999999999999,650.8999999999999,2,26.87423,182.0,183.0,5610495.5,271958303.4051576,0,0.0,0.0,0.0,0.0,0,0,103.0,73,73,76,3,473579356.0246582,390590524.09375,4960.776611328125,82988831.9309082,96401.07626652882,4051.723686298365,0.0,,
HD173667_05_20210714_675-50_EmptySlot_011_cam2_FLC1_fix_coll.fits,True,-32,3,366,366,1,True,1.121,63.12577,OFF,83.41701,DARKS_256_10ms_em1_20210715_625-50_EmptySlot_00_cam2_coll.fits,150,e-/s,-1.7333333333333e-06,1.7333333333333e-06,median,183.5,183.5,-78.58520416666668,20.54632222222223,RA---TAN,DEC--TAN,deg,deg,ACQUISITION,2021-07-14T07:44:21,2021-07-14,0.00015,20:32:46.76,-165.122500069803,VCAM2 - Ultra 897,1.0,7.92,0.0718429257239067,0.0,5.0,3.0,12.4,7.7,SCEXAO,348.72,35708928.0,MIRROR,152.63,15629312.0,ao188cmtx.oct,10.0,OPEN,1.0,1.0,TRACK,96.00694,+20:32:46.71,ADI,54.511,-39.0,18:45:39.730,0.0,ON,0.0,0.01,IN,156.02999,76.03299,+20:32:47,1.0,ADI,163.025,-39.0,18:45:39.7,SYNC,0.0,ao188ttctrl.oct,0.001,0.0,4.5,1.414213562373095,2000.0,0.01,SCI,675-50,Unknown,675-50,Nasmyth-IR,-0.12,VMPA00010579,294912.0,4.5,21:44:11.053,21:44:16.481,21:44:05.624,140.4,VAMPIRES,20.546322222222,180.0,IR,9151871.0,9151871.0,155760.1797014388,55584.7265625,55584.7265625,217.4758880471784,18023.849609375,18023.849609375,101.5717719694286,59409.32235014468,59409.32241297454,59409.32228731481,0.0,500,1002,77.31856727600098,17.18190383911133,1847043.625,1847043.625,35811.72712805308,HD173667,Observation,IMAG_POL,NAOJ,"""[Summit] Vievard, Skaf [Hilo] Guyon, Lozi, Deo, Ahn""",4.4,622.7,277.95,10.8,-86.52250006980299,-86.52074050039302,-0.0108969431173875,-86.50984355727563,-78.6,-0.96647698092961,0.25675327716152,-0.25675327716152,-0.96647698092961,337784.3049053765,337784.3049053765,338480.2134975403,361535333.778,361535333.778,3115347.211318177,15.0,128.0,128.0,256,256,o21013,3.89376e-05,6.24,-5:14:20.449,ICRS,17.58157104787457,67.5,HWP(NIR),89,555847232.0,555847232.0,2174758.929036386,Subaru,NS_IR,UTC,5.0,231.7791595458984,20437.2201249908,6459460.0,11641.822265625,3105.34375,290.4920973939793,1026522.3125,637145280.0,83208.71875,11950589952.0,0.6659858525186171,07:44:11.053,07:44:16.481,07:44:05.624,T,10000.0,501.0,100000.0,10000.0,2.0,1.0,675-50,A,0.0,1,67.5,3.0,1.0,EmptySlot,5.0,4.0,HD173667_05_20210714_675-50_EmptySlot_0,11,/data/20210714/,4.0,152.0,165.0,105799860224.0,105799860224.0,2210743294.811334,675.0838654091856,48.5,699.3999999999999,650.8999999999999,2,26.87423,182.0,183.0,6459460.0,320820972.63772243,0,0.0,0.0,0.0,0.0,0,0,104.0,73,73,76,3,548739933.5361328,459349649.2832031,5343.4326171875,89390284.25292969,107028.23330893727,4291.854916050882,0.0,,
HD173667_05_20210714_675-50_EmptySlot_011_cam2_FLC2_fix_coll.fits,True,-32,3,366,366,1,True,1.121,63.12577,OFF,83.41701,DARKS_256_10ms_em1_20210715_625-50_EmptySlot_00_cam2_coll.fits,150,e-/s,-1.7333333333333e-06,1.7333333333333e-06,median,183.5,183.5,-78.58520416666668,20.54632222222223,RA---TAN,DEC--TAN,deg,deg,ACQUISITION,2021-07-14T07:44:21,2021-07-14,0.00015,20:32:46.76,-165.122500069803,VCAM2 - Ultra 897,1.0,7.92,0.0718429257239067,0.0,5.0,3.0,12.4,7.7,SCEXAO,348.72,35708928.0,MIRROR,152.63,15629312.0,ao188cmtx.oct,10.0,OPEN,1.0,1.0,TRACK,96.00694,+20:32:46.71,ADI,54.511,-39.0,18:45:39.730,0.0,ON,0.0,0.01,IN,156.02999,76.03299,+20:32:47,1.0,ADI,163.025,-39.0,18:45:39.7,SYNC,0.0,ao188ttctrl.oct,0.001,0.0,4.5,1.414213562373095,2000.0,0.01,SCI,675-50,Unknown,675-50,Nasmyth-IR,-0.12,VMPA00010579,294912.0,4.5,21:44:11.053,21:44:16.481,21:44:05.624,140.4,VAMPIRES,20.546322222222,180.0,IR,8953418.0,8953418.0,152627.0795137453,55002.24609375,55002.24609375,214.2117965516637,17917.650390625,17917.650390625,102.290021460795,59409.32235014468,59409.32241297454,59409.32228731481,0.0,500,1002,77.31856727600098,17.18190383911133,1804449.0,1804449.0,35076.76232978359,HD173667,Observation,IMAG_POL,NAOJ,"""[Summit] Vievard, Skaf [Hilo] Guyon, Lozi, Deo, Ahn""",4.4,622.7,277.95,10.8,-86.52250006980299,-86.52074050039302,-0.0108969431173875,-86.50984355727563,-78.6,-0.96647698092961,0.25675327716152,-0.25675327716152,-0.96647698092961,336408.3347673242,336408.3347673242,337100.8431814086,356876990.082,356876990.082,3087825.164447905,15.0,128.0,128.0,256,256,o21013,3.89376e-05,6.24,-5:14:20.449,ICRS,17.58157104787457,67.5,HWP(NIR),89,550022464.0,550022464.0,2142117.882013473,Subaru,NS_IR,UTC,5.0,231.7446441650391,20130.34021496773,6652627.0,11576.1689453125,3131.6708984375,290.4488387791935,1005556.0,633691072.0,83196.328125,11640485888.0,0.6487042856451788,07:44:11.053,07:44:16.481,07:44:05.624,T,10000.0,501.0,100000.0,10000.0,2.0,1.0,675-50,B,0.0,2,67.5,3.0,1.0,EmptySlot,5.0,4.0,HD173667_05_20210714_675-50_EmptySlot_0,11,/data/20210714/,4.0,152.0,165.0,102215344128.0,102215344128.0,2134478679.550988,675.0838654091856,48.5,699.3999999999999,650.8999999999999,2,26.87423,182.0,183.0,6652627.0,317200774.83449733,0,0.0,0.0,0.010289995208527684,-0.007575124195317777,0,0,105.0,73,73,76,3,543816009.6760254,455216093.0727539,5296.187255859375,88599916.60327148,107335.52594494233,4241.057087718158,0.0,,
HD173667_05_20210714_675-50_EmptySlot_012_cam1_FLC1_fix_coll.fits,True,-32,3,366,366,1,True,1.12,63.21049,OFF,83.4284,DARKS_256_10ms_em1_20210715_625-50_EmptySlot_00_cam1_coll.fits,150,e-/s,-1.7333333333333e-06,1.7333333333333e-06,median,183.5,183.5,-78.58520000000001,20.54634444444445,RA---TAN,DEC--TAN,deg,deg,ACQUISITION,2021-07-14T07:44:40,2021-07-14,0.00015,20:32:46.84,-165.1440876083762,VCAM1 - Ultra 897,1.0,7.92,0.0718429257239067,0.0,5.0,3.0,12.4,7.7,SCEXAO,348.72,35708928.0,MIRROR,152.63,15629312.0,ao188cmtx.oct,10.0,OPEN,1.0,1.0,TRACK,96.04598,+20:32:46.71,ADI,54.49,-39.0,18:45:39.730,0.0,ON,0.0,0.01,IN,155.97602,75.97798,+20:32:47,1.0,ADI,163.025,-39.0,18:45:39.7,SYNC,0.0,ao188ttctrl.oct,0.001,0.0,4.5,1.414213562373095,2000.0,0.01,SCI,675-50,Unknown,675-50,Nasmyth-IR,-0.12,VMPA00010581,294912.0,4.5,21:44:32.738,21:44:38.167,21:44:27.308,140.4,VAMPIRES,20.546344444444,180.0,IR,9364441.0,9364441.0,130893.6950688153,51030.87109375,51030.87109375,132.299189222112,15237.224609375,15237.224609375,73.50470239918464,59409.32260112847,59409.32266396991,59409.32253828704,0.0,500,1002,83.20051002502441,18.4890022277832,1990360.5,1990360.5,29984.72124938174,HD173667,Observation,IMAG_POL,NAOJ,"""[Summit] Vievard, Skaf [Hilo] Guyon, Lozi, Deo, Ahn""",4.3,622.6,277.95,10.7,-86.54408760837619,-86.54268339993408,-0.0109102377759029,-86.53177316215817,-78.6,-0.96657365019068,0.25638911590993,-0.25638911590993,-0.96657365019068,344622.2151596358,344622.2151596358,344879.406934997,350103542.976,350103542.976,1994610.091314503,15.0,128.0,128.0,256,256,o21013,3.89376e-05,6.24,-5:14:20.448,ICRS,17.58157104787457,0.0,HWP(NIR),89,510308768.0,510308768.0,1322991.890124806,Subaru,NS_IR,UTC,5.0,251.7421569824219,28093.72563468944,6810175.5,10505.220703125,2711.448974609375,315.5120043043673,1172353.5,591580480.0,90375.4375,12315832320.0,0.6863401823722399,07:44:32.738,07:44:38.167,07:44:27.308,T,10000.0,501.0,100000.0,10000.0,1.0,1.0,675-50,A,0.0,1,0.0,4.0,1.0,EmptySlot,5.0,4.0,HD173667_05_20210714_675-50_EmptySlot_0,12,/data/20210714/,1.0,152.0,165.0,102973669376.0,102973669376.0,1670154225.353979,675.0838654091856,48.5,699.3999999999999,650.8999999999999,2,26.78951,182.0,183.0,6810175.5,315126413.6218463,"(-0.0033477226434146246, 0.0)",-0.0014080466952993596,-0.07305921639652314,0.0,0.0,0,0,104.0,73,73,76,3,505638751.65527344,429615122.19262695,4544.421630859375,76023629.46264648,104532.54051868842,4109.869711966103,0.00011742189685870838,,
HD173667_05_20210714_675-50_EmptySlot_012_cam1_FLC2_fix_coll.fits,True,-32,3,366,366,1,True,1.12,63.21049,OFF,83.4284,DARKS_256_10ms_em1_20210715_625-50_EmptySlot_00_cam1_coll.fits,150,e-/s,-1.7333333333333e-06,1.7333333333333e-06,median,183.5,183.5,-78.58520000000001,20.54634444444445,RA---TAN,DEC--TAN,deg,deg,ACQUISITION,2021-07-14T07:44:40,2021-07-14,0.00015,20:32:46.84,-165.1440876083762,VCAM1 - Ultra 897,1.0,7.92,0.0718429257239067,0.0,5.0,3.0,12.4,7.7,SCEXAO,348.72,35708928.0,MIRROR,152.63,15629312.0,ao188cmtx.oct,10.0,OPEN,1.0,1.0,TRACK,96.04598,+20:32:46.71,ADI,54.49,-39.0,18:45:39.730,0.0,ON,0.0,0.01,IN,155.97602,75.97798,+20:32:47,1.0,ADI,163.025,-39.0,18:45:39.7,SYNC,0.0,ao188ttctrl.oct,0.001,0.0,4.5,1.414213562373095,2000.0,0.01,SCI,675-50,Unknown,675-50,Nasmyth-IR,-0.12,VMPA00010581,294912.0,4.5,21:44:32.738,21:44:38.167,21:44:27.308,140.4,VAMPIRES,20.546344444444,180.0,IR,9098785.0,9098785.0,125296.850462153,50243.71484375,50243.71484375,131.457027936426,15016.9501953125,15016.9501953125,73.94901718585635,59409.32260112847,59409.32266396991,59409.32253828704,0.0,500,1002,83.20051002502441,18.4890022277832,1939082.0,1939082.0,28754.31645950757,HD173667,Observation,IMAG_POL,NAOJ,"""[Summit] Vievard, Skaf [Hilo] Guyon, Lozi, Deo, Ahn""",4.3,622.6,277.95,10.7,-86.54408760837619,-86.54268339993408,-0.0109102377759029,-86.53177316215817,-78.6,-0.96657365019068,0.25638911590993,-0.25638911590993,-0.96657365019068,343176.1372054116,343176.1372054116,343430.9376279466,345119031.252,345119031.252,1974005.336989935,15.0,128.0,128.0,256,256,o21013,3.89376e-05,6.24,-5:14:20.448,ICRS,17.58157104787457,0.0,HWP(NIR),89,502437120.0,502437120.0,1314570.321465228,Subaru,NS_IR,UTC,5.0,251.6730194091797,28500.29502006783,7037200.0,10358.046875,2610.1142578125,315.4253532064031,1172979.875,580796416.0,90350.6171875,12149780480.0,0.6770863985281899,07:44:32.738,07:44:38.167,07:44:27.308,T,10000.0,501.0,100000.0,10000.0,1.0,1.0,675-50,B,0.0,2,0.0,4.0,1.0,EmptySlot,5.0,4.0,HD173667_05_20210714_675-50_EmptySlot_0,12,/data/20210714/,1.0,152.0,165.0,98793996288.0,98793996288.0,1583916812.743826,675.0838654091856,48.5,699.3999999999999,650.8999999999999,2,26.78951,182.0,183.0,7037200.0,312236183.5610273,0,0.0,0.0,0.0,0.0,0,0,103.0,73,73,76,3,499439615.3293457,425322356.7055664,4430.465576171875,74117258.6237793,102403.90656951556,4153.3801878626755,0.0,,
HD173667_05_20210714_675-50_EmptySlot_012_cam2_FLC1_fix_coll.fits,True,-32,3,366,366,1,True,1.12,63.21049,OFF,83.4284,DARKS_256_10ms_em1_20210715_625-50_EmptySlot_00_cam2_coll.fits,150,e-/s,-1.7333333333333e-06,1.7333333333333e-06,median,183.5,183.5,-78.58520000000001,20.54634444444445,RA---TAN,DEC--TAN,deg,deg,ACQUISITION,2021-07-14T07:44:42,2021-07-14,0.00015,20:32:46.84,-165.1440876083762,VCAM2 - Ultra 897,1.0,7.92,0.0718429257239067,0.0,5.0,3.0,12.4,7.7,SCEXAO,348.72,35708928.0,MIRROR,152.63,15629312.0,ao188cmtx.oct,10.0,OPEN,1.0,1.0,TRACK,96.04598,+20:32:46.71,ADI,54.49,-39.0,18:45:39.730,0.0,ON,0.0,0.01,IN,155.97602,75.97798,+20:32:47,1.0,ADI,163.025,-39.0,18:45:39.7,SYNC,0.0,ao188ttctrl.oct,0.001,0.0,4.5,1.414213562373095,2000.0,0.01,SCI,675-50,Unknown,675-50,Nasmyth-IR,-0.12,VMPA00010583,294912.0,4.5,21:44:32.738,21:44:38.167,21:44:27.308,140.4,VAMPIRES,20.546344444444,180.0,IR,10796840.0,10796840.0,149679.6735912432,58866.4453125,58866.4453125,147.5029884168206,16516.125,16516.125,85.79428158424268,59409.32260112847,59409.32266396991,59409.32253828704,0.0,500,1002,77.31856727600098,17.18190383911133,2324862.0,2324862.0,34655.57377045675,HD173667,Observation,IMAG_POL,NAOJ,"""[Summit] Vievard, Skaf [Hilo] Guyon, Lozi, Deo, Ahn""",4.3,622.6,277.95,10.7,-86.54408760837619,-86.54268339993408,-0.0109102377759029,-86.53177316215817,-78.6,-0.96657365019068,0.25638911590993,-0.25638911590993,-0.96657365019068,351741.620475032,351741.620475032,352068.2074360837,408447520.758,408447520.758,2310851.928919233,15.0,128.0,128.0,256,256,o21013,3.89376e-05,6.24,-5:14:20.448,ICRS,17.58157104787457,0.0,HWP(NIR),89,588664512.0,588664512.0,1475029.933431579,Subaru,NS_IR,UTC,5.0,231.9137573242188,28008.15668677515,8078990.0,11945.970703125,2686.404296875,290.6607906923995,1442711.375,653814912.0,83257.0390625,17234587648.0,0.9604539686878972,07:44:32.738,07:44:38.167,07:44:27.308,T,10000.0,501.0,100000.0,10000.0,2.0,1.0,675-50,A,0.0,1,0.0,4.0,1.0,EmptySlot,5.0,4.0,HD173667_05_20210714_675-50_EmptySlot_0,12,/data/20210714/,1.0,152.0,165.0,138699309056.0,138699309056.0,2221626307.065375,675.0838654091856,48.5,699.3999999999999,650.8999999999999,2,26.78951,182.0,183.0,8078990.0,367686363.5526861,0,0.0,0.0,0.0,0.0,0,0,105.0,73,73,76,3,577830847.1789551,498297885.20654297,4754.197021484375,79532961.97241211,113562.58962916049,4387.870044472731,0.0,,
HD173667_05_20210714_675-50_EmptySlot_012_cam2_FLC2_fix_coll.fits,True,-32,3,366,366,1,True,1.12,63.21049,OFF,83.4284,DARKS_256_10ms_em1_20210715_625-50_EmptySlot_00_cam2_coll.fits,150,e-/s,-1.7333333333333e-06,1.7333333333333e-06,median,183.5,183.5,-78.58520000000001,20.54634444444445,RA---TAN,DEC--TAN,deg,deg,ACQUISITION,2021-07-14T07:44:42,2021-07-14,0.00015,20:32:46.84,-165.1440876083762,VCAM2 - Ultra 897,1.0,7.92,0.0718429257239067,0.0,5.0,3.0,12.4,7.7,SCEXAO,348.72,35708928.0,MIRROR,152.63,15629312.0,ao188cmtx.oct,10.0,OPEN,1.0,1.0,TRACK,96.04598,+20:32:46.71,ADI,54.49,-39.0,18:45:39.730,0.0,ON,0.0,0.01,IN,155.97602,75.97798,+20:32:47,1.0,ADI,163.025,-39.0,18:45:39.7,SYNC,0.0,ao188ttctrl.oct,0.001,0.0,4.5,1.414213562373095,2000.0,0.01,SCI,675-50,Unknown,675-50,Nasmyth-IR,-0.12,VMPA00010583,294912.0,4.5,21:44:32.738,21:44:38.167,21:44:27.308,140.4,VAMPIRES,20.546344444444,180.0,IR,10506750.0,10506750.0,144063.8112264323,57920.23046875,57920.23046875,145.4746411095939,16389.44921875,16389.44921875,85.74020870016764,59409.32260112847,59409.32266396991,59409.32253828704,0.0,500,1002,77.31856727600098,17.18190383911133,2255290.0,2255290.0,33303.53247277653,HD173667,Observation,IMAG_POL,NAOJ,"""[Summit] Vievard, Skaf [Hilo] Guyon, Lozi, Deo, Ahn""",4.3,622.6,277.95,10.7,-86.54408760837619,-86.54268339993408,-0.0109102377759029,-86.53177316215817,-78.6,-0.96657365019068,0.25638911590993,-0.25638911590993,-0.96657365019068,349667.1358122978,349667.1358122978,349989.7551861,401154527.394,401154527.394,2276708.788463216,15.0,128.0,128.0,256,256,o21013,3.89376e-05,6.24,-5:14:20.448,ICRS,17.58157104787457,0.0,HWP(NIR),89,579202304.0,579202304.0,1454746.292479521,Subaru,NS_IR,UTC,5.0,231.849609375,27324.23608277575,8023491.5,11919.185546875,2744.0732421875,290.5803931607638,1404715.125,646830336.0,83234.0078125,16743060480.0,0.9330620038283084,07:44:32.738,07:44:38.167,07:44:27.308,T,10000.0,501.0,100000.0,10000.0,2.0,1.0,675-50,B,0.0,2,0.0,4.0,1.0,EmptySlot,5.0,4.0,HD173667_05_20210714_675-50_EmptySlot_0,12,/data/20210714/,1.0,152.0,165.0,132377853952.0,132377853952.0,2103720046.856421,675.0838654091856,48.5,699.3999999999999,650.8999999999999,2,26.78951,182.0,183.0,8023491.5,361869155.1440438,0,0.0,0.0,0.0,0.0,0,0,104.0,73,73,76,3,570312926.7438965,491407776.0419922,4716.668701171875,78905150.7019043,112274.75223698987,4376.832424486026,0.0,,
HD173667_05_20210714_675-50_EmptySlot_013_cam1_FLC1_fix_coll.fits,True,-32,3,366,366,1,True,1.119,63.29052,OFF,83.4392,DARKS_256_10ms_em1_20210715_625-50_EmptySlot_00_cam1_coll.fits,150,e-/s,-1.7333333333333e-06,1.7333333333333e-06,median,183.5,183.5,-78.58518333333335,20.54633333333334,RA---TAN,DEC--TAN,deg,deg,ACQUISITION,2021-07-14T07:45:01,2021-07-14,0.00015,20:32:46.8,-165.1644718036306,VCAM1 - Ultra 897,1.0,7.92,0.0718429257239067,0.0,5.0,3.0,12.4,7.7,SCEXAO,348.72,35708928.0,MIRROR,152.63,15629312.0,ao188cmtx.oct,10.0,OPEN,1.0,1.0,TRACK,96.08623,+20:32:46.71,ADI,54.469,-39.0,18:45:39.730,0.0,ON,0.0,0.01,IN,155.923,75.92296,+20:32:47,1.0,ADI,163.025,-39.0,18:45:39.7,SYNC,0.0,ao188ttctrl.oct,0.001,0.0,4.5,1.414213562373095,2000.0,0.01,SCI,675-50,Unknown,675-50,Nasmyth-IR,-0.12,VMPA00010585,294912.0,4.5,21:44:53.219,21:44:58.646,21:44:47.792,140.4,VAMPIRES,20.546333333333,180.0,IR,9830861.0,9830861.0,102774.8048415588,52476.046875,52476.046875,51.36197920133928,15199.2001953125,15199.2001953125,43.3092520509628,59409.32283818287,59409.32290099537,59409.32277537037,0.0,500,1002,83.20051002502441,18.4890022277832,2087271.125,2087271.125,20527.25496803655,HD173667,Observation,IMAG_POL,NAOJ,"""[Summit] Vievard, Skaf [Hilo] Guyon, Lozi, Deo, Ahn""",4.2,622.7,277.95,10.7,-86.56447180363052,-86.56260487039694,-0.0110083374395486,-86.55159653295739,-78.6,-0.96666480491243,0.2560452205053,-0.2560452205053,-0.96666480491243,349137.9240677477,349137.9240677477,349159.8094215349,364941758.664,364941758.664,609443.6560849886,15.0,128.0,128.0,256,256,o21013,3.89376e-05,6.24,-5:14:20.444,ICRS,17.58157104787457,45.0,HWP(NIR),89,524760512.0,524760512.0,513619.8503607916,Subaru,NS_IR,UTC,5.0,251.8196411132812,30309.91624165233,7609814.5,10914.5849609375,2689.3828125,315.609116260991,1313718.625,606960064.0,90403.25,14338693120.0,0.7990707404305081,07:44:53.219,07:44:58.646,07:44:47.792,T,10000.0,501.0,100000.0,10000.0,1.0,1.0,675-50,A,0.0,1,45.0,4.0,1.0,EmptySlot,5.0,4.0,HD173667_05_20210714_675-50_EmptySlot_0,13,/data/20210714/,2.0,152.0,165.0,109662609408.0,109662609408.0,1108893898.821657,675.0838654091856,48.5,699.3999999999999,650.8999999999999,2,26.70948,182.0,182.0,7609814.5,332343143.5263978,"(0.04140653135270327, 0.0)",0.019540446102769254,-0.0774974670374824,0.0,0.0,0,0,103.0,73,73,76,3,523943620.2060547,448848005.0625,4488.9482421875,75095615.14355469,99274.26628918825,4521.292595152457,0.00010964488640471101,,
HD173667_05_20210714_675-50_EmptySlot_013_cam1_FLC2_fix_coll.fits,True,-32,3,366,366,1,True,1.119,63.29052,OFF,83.4392,DARKS_256_10ms_em1_20210715_625-50_EmptySlot_00_cam1_coll.fits,150,e-/s,-1.7333333333333e-06,1.7333333333333e-06,median,183.5,183.5,-78.58518333333335,20.54633333333334,RA---TAN,DEC--TAN,deg,deg,ACQUISITION,2021-07-14T07:45:01,2021-07-14,0.00015,20:32:46.8,-165.1644718036306,VCAM1 - Ultra 897,1.0,7.92,0.0718429257239067,0.0,5.0,3.0,12.4,7.7,SCEXAO,348.72,35708928.0,MIRROR,152.63,15629312.0,ao188cmtx.oct,10.0,OPEN,1.0,1.0,TRACK,96.08623,+20:32:46.71,ADI,54.469,-39.0,18:45:39.730,0.0,ON,0.0,0.01,IN,155.923,75.92296,+20:32:47,1.0,ADI,163.025,-39.0,18:45:39.7,SYNC,0.0,ao188ttctrl.oct,0.001,0.0,4.5,1.414213562373095,2000.0,0.01,SCI,675-50,Unknown,675-50,Nasmyth-IR,-0.12,VMPA00010585,294912.0,4.5,21:44:53.219,21:44:58.646,21:44:47.792,140.4,VAMPIRES,20.546333333333,180.0,IR,9310892.0,9310892.0,98587.94643912865,49511.43359375,49511.43359375,46.04820603908594,14499.900390625,14499.900390625,43.35908044565183,59409.32283818287,59409.32290099537,59409.32277537037,0.0,500,1002,83.20051002502441,18.4890022277832,1971196.375,1971196.375,19571.26183790364,HD173667,Observation,IMAG_POL,NAOJ,"""[Summit] Vievard, Skaf [Hilo] Guyon, Lozi, Deo, Ahn""",4.2,622.7,277.95,10.7,-86.56447180363052,-86.56260487039694,-0.0110083374395486,-86.55159653295739,-78.6,-0.96666480491243,0.2560452205053,-0.2560452205053,-0.96666480491243,343074.2187945911,343074.2187945911,343094.3533611215,343960843.338,343960843.338,569267.4870340466,15.0,128.0,128.0,256,256,o21013,3.89376e-05,6.24,-5:14:20.444,ICRS,17.58157104787457,45.0,HWP(NIR),89,495114336.0,495114336.0,460482.0203862057,Subaru,NS_IR,UTC,5.0,251.6112060546875,30218.7881095747,7233333.5,10225.771484375,2536.19140625,315.3478816553432,1228126.625,573389696.0,90328.421875,12558541824.0,0.6998659661691109,07:44:53.219,07:44:58.646,07:44:47.792,T,10000.0,501.0,100000.0,10000.0,1.0,1.0,675-50,B,0.0,2,45.0,4.0,1.0,EmptySlot,5.0,4.0,HD173667_05_20210714_675-50_EmptySlot_0,13,/data/20210714/,2.0,152.0,165.0,97696612352.0,97696612352.0,992334643.1001822,675.0838654091856,48.5,699.3999999999999,650.8999999999999,2,26.70948,182.0,182.0,7233333.5,312629601.0379896,0,0.0,0.0,0.0,0.0,0,0,103.0,73,73,76,3,494251596.0864258,422876762.13134766,4266.533203125,71374833.95507812,96421.20101816418,4385.723862241506,0.0,,
HD173667_05_20210714_675-50_EmptySlot_013_cam2_FLC1_fix_coll.fits,True,-32,3,366,366,1,True,1.119,63.29052,OFF,83.4392,DARKS_256_10ms_em1_20210715_625-50_EmptySlot_00_cam2_coll.fits,150,e-/s,-1.7333333333333e-06,1.7333333333333e-06,median,183.5,183.5,-78.58518333333335,20.54633333333334,RA---TAN,DEC--TAN,deg,deg,ACQUISITION,2021-07-14T07:45:03,2021-07-14,0.00015,20:32:46.8,-165.1644718036306,VCAM2 - Ultra 897,1.0,7.92,0.0718429257239067,0.0,5.0,3.0,12.4,7.7,SCEXAO,348.72,35708928.0,MIRROR,152.63,15629312.0,ao188cmtx.oct,10.0,OPEN,1.0,1.0,TRACK,96.08623,+20:32:46.71,ADI,54.469,-39.0,18:45:39.730,0.0,ON,0.0,0.01,IN,155.923,75.92296,+20:32:47,1.0,ADI,163.025,-39.0,18:45:39.7,SYNC,0.0,ao188ttctrl.oct,0.001,0.0,4.5,1.414213562373095,2000.0,0.01,SCI,675-50,Unknown,675-50,Nasmyth-IR,-0.12,VMPA00010587,294912.0,4.5,21:44:53.219,21:44:58.646,21:44:47.792,140.4,VAMPIRES,20.546333333333,180.0,IR,11017774.0,11017774.0,112702.4659070427,58439.0546875,58439.0546875,52.17486852292529,16037.099609375,16037.099609375,43.95395040985644,59409.32283818287,59409.32290099537,59409.32277537037,0.0,500,1002,77.31856727600098,17.18190383911133,2359667.75,2359667.75,22932.2033770795,HD173667,Observation,IMAG_POL,NAOJ,"""[Summit] Vievard, Skaf [Hilo] Guyon, Lozi, Deo, Ahn""",4.2,622.7,277.95,10.7,-86.56447180363052,-86.56260487039694,-0.0110083374395486,-86.55159653295739,-78.6,-0.96666480491243,0.2560452205053,-0.2560452205053,-0.96666480491243,352620.8410740197,352620.8410740197,352647.1065595365,410490977.994,410490977.994,676873.0477457881,15.0,128.0,128.0,256,256,o21013,3.89376e-05,6.24,-5:14:20.444,ICRS,17.58157104787457,45.0,HWP(NIR),89,584390528.0,584390528.0,521748.6730007561,Subaru,NS_IR,UTC,5.0,231.8563995361328,29939.29178018519,8588457.0,12044.681640625,2635.95458984375,290.5889033657062,1555312.875,650966848.0,83236.4453125,18733248512.0,1.043971764642422,07:44:53.219,07:44:58.646,07:44:47.792,T,10000.0,501.0,100000.0,10000.0,2.0,1.0,675-50,A,0.0,1,45.0,4.0,1.0,EmptySlot,5.0,4.0,HD173667_05_20210714_675-50_EmptySlot_0,13,/data/20210714/,2.0,152.0,165.0,138015293440.0,138015293440.0,1369443602.078635,675.0838654091856,48.5,699.3999999999999,650.8999999999999,2,26.70948,182.0,182.0,8588457.0,373716005.3644117,0,0.0,0.0,0.0,0.0,0,0,104.0,73,73,76,3,578866121.7060547,503614868.8664551,4498.251708984375,75251252.83959961,108270.63141334575,4651.444831274698,0.0,,
HD173667_05_20210714_675-50_EmptySlot_013_cam2_FLC2_fix_coll.fits,True,-32,3,366,366,1,True,1.119,63.29052,OFF,83.4392,DARKS_256_10ms_em1_20210715_625-50_EmptySlot_00_cam2_coll.fits,150,e-/s,-1.7333333333333e-06,1.7333333333333e-06,median,183.5,183.5,-78.58518333333335,20.54633333333334,RA---TAN,DEC--TAN,deg,deg,ACQUISITION,2021-07-14T07:45:03,2021-07-14,0.00015,20:32:46.8,-165.1644718036306,VCAM2 - Ultra 897,1.0,7.92,0.0718429257239067,0.0,5.0,3.0,12.4,7.7,SCEXAO,348.72,35708928.0,MIRROR,152.63,15629312.0,ao188cmtx.oct,10.0,OPEN,1.0,1.0,TRACK,96.08623,+20:32:46.71,ADI,54.469,-39.0,18:45:39.730,0.0,ON,0.0,0.01,IN,155.923,75.92296,+20:32:47,1.0,ADI,163.025,-39.0,18:45:39.7,SYNC,0.0,ao188ttctrl.oct,0.001,0.0,4.5,1.414213562373095,2000.0,0.01,SCI,675-50,Unknown,675-50,Nasmyth-IR,-0.12,VMPA00010587,294912.0,4.5,21:44:53.219,21:44:58.646,21:44:47.792,140.4,VAMPIRES,20.546333333333,180.0,IR,11201219.0,11201219.0,117449.3251737579,59970.96875,59970.96875,53.76282071342129,16445.69921875,16445.69921875,46.70973495846452,59409.32283818287,59409.32290099537,59409.32277537037,0.0,500,1002,77.31856727600098,17.18190383911133,2397964.75,2397964.75,23104.88931681186,HD173667,Observation,IMAG_POL,NAOJ,"""[Summit] Vievard, Skaf [Hilo] Guyon, Lozi, Deo, Ahn""",4.2,622.7,277.95,10.7,-86.56447180363052,-86.56260487039694,-0.0110083374395486,-86.55159653295739,-78.6,-0.96666480491243,0.2560452205053,-0.2560452205053,-0.96666480491243,355537.3892834808,355537.3892834808,355564.3168340747,420819660.936,420819660.936,693859.466241609,15.0,128.0,128.0,256,256,o21013,3.89376e-05,6.24,-5:14:20.444,ICRS,17.58157104787457,45.0,HWP(NIR),89,599709696.0,599709696.0,537628.19918569,Subaru,NS_IR,UTC,5.0,231.9835510253906,29482.70511532808,8945786.0,12277.4833984375,2726.07861328125,290.7482641247738,1560340.875,669147392.0,83282.1015625,19157059584.0,1.067590027776412,07:44:53.219,07:44:58.646,07:44:47.792,T,10000.0,501.0,100000.0,10000.0,2.0,1.0,675-50,B,0.0,2,45.0,4.0,1.0,EmptySlot,5.0,4.0,HD173667_05_20210714_675-50_EmptySlot_0,13,/data/20210714/,2.0,152.0,165.0,143990718464.0,143990718464.0,1426544704.050841,675.0838654091856,48.5,699.3999999999999,650.8999999999999,2,26.70948,182.0,182.0,8945786.0,382105477.5198956,0,0.0,0.0,0.0,0.0,0,0,104.0,73,73,76,3,592935513.5048828,514573369.1525879,4684.209716796875,78362144.35229492,109929.2505432439,4680.950398639944,0.0,,
HD173667_05_20210714_675-50_EmptySlot_014_cam1_FLC1_fix_coll.fits,True,-32,3,366,366,1,True,1.118,63.36746,OFF,83.44956,DARKS_256_10ms_em1_20210715_625-50_EmptySlot_00_cam1_coll.fits,150,e-/s,-1.7333333333333e-06,1.7333333333333e-06,median,183.5,183.5,-78.58520000000001,20.54631666666668,RA---TAN,DEC--TAN,deg,deg,ACQUISITION,2021-07-14T07:45:21,2021-07-14,0.00015,20:32:46.74,-165.1840621383825,VCAM1 - Ultra 897,1.0,7.92,0.0718429257239067,0.0,5.0,3.0,12.4,7.7,SCEXAO,348.72,35708928.0,MIRROR,152.63,15629312.0,ao188cmtx.oct,10.0,OPEN,1.0,1.0,TRACK,96.1233,+20:32:46.71,ADI,54.45,-39.0,18:45:39.730,0.0,ON,0.0,0.01,IN,155.87303,75.87298,+20:32:47,1.0,ADI,163.025,-39.0,18:45:39.7,SYNC,0.0,ao188ttctrl.oct,0.001,0.0,4.5,1.414213562373095,2000.0,0.01,SCI,675-50,Unknown,675-50,Nasmyth-IR,-0.12,VMPA00010589,294912.0,4.5,21:45:13.035,21:45:18.476,21:45:07.593,140.4,VAMPIRES,20.546316666667,180.0,IR,9642179.0,9642179.0,111725.6060700523,51554.8046875,51554.8046875,52.27925839564441,15294.150390625,15294.150390625,45.48472618931156,59409.32306752894,59409.32313050926,59409.32300454861,0.0,500,1002,83.20051002502441,18.4890022277832,2038582.125,2038582.125,22733.26599929128,HD173667,Observation,IMAG_POL,NAOJ,"""[Summit] Vievard, Skaf [Hilo] Guyon, Lozi, Deo, Ahn""",4.4,622.7,277.95,10.7,-86.5840621383825,-86.58245926838025,-0.0109345560427271,-86.57152471233752,-78.6,-0.96675229432347,0.25571468753342,-0.25571468753342,-0.96675229432347,346358.3707347925,346358.3707347925,346389.6793723411,355306763.844,355306763.844,721372.221988803,15.0,128.0,128.0,256,256,o21013,3.89376e-05,6.24,-5:14:20.448,ICRS,17.58157104787457,22.5,HWP(NIR),89,515548032.0,515548032.0,522792.6036967317,Subaru,NS_IR,UTC,5.0,251.7719116210938,29144.31753640366,7530233.0,10755.576171875,2743.402099609375,315.5492962136655,1245031.375,598117568.0,90386.1171875,13391030272.0,0.7462591175515992,07:45:13.034,07:45:18.476,07:45:07.593,T,10000.0,501.0,100000.0,10000.0,1.0,1.0,675-50,A,0.0,1,22.5,4.0,1.0,EmptySlot,5.0,4.0,HD173667_05_20210714_675-50_EmptySlot_0,14,/data/20210714/,3.0,152.0,165.0,105273335808.0,105273335808.0,1208930070.463501,675.0838654091856,48.5,699.3999999999999,650.8999999999999,2,26.63254,182.0,183.0,7530233.0,322134780.07984465,"(0.03571883501460067, 0.0)",0.016631628635046865,-0.07872398045662742,0.0,0.0,0,0,103.0,73,73,76,3,513554157.5510254,436191938.5292969,4624.437744140625,77362219.02172852,99955.4844375644,4363.861982998614,0.00011400959281289384,,
HD173667_05_20210714_675-50_EmptySlot_014_cam1_FLC2_fix_coll.fits,True,-32,3,366,366,1,True,1.118,63.36746,OFF,83.44956,DARKS_256_10ms_em1_20210715_625-50_EmptySlot_00_cam1_coll.fits,150,e-/s,-1.7333333333333e-06,1.7333333333333e-06,median,183.5,183.5,-78.58520000000001,20.54631666666668,RA---TAN,DEC--TAN,deg,deg,ACQUISITION,2021-07-14T07:45:21,2021-07-14,0.00015,20:32:46.74,-165.1840621383825,VCAM1 - Ultra 897,1.0,7.92,0.0718429257239067,0.0,5.0,3.0,12.4,7.7,SCEXAO,348.72,35708928.0,MIRROR,152.63,15629312.0,ao188cmtx.oct,10.0,OPEN,1.0,1.0,TRACK,96.1233,+20:32:46.71,ADI,54.45,-39.0,18:45:39.730,0.0,ON,0.0,0.01,IN,155.87303,75.87298,+20:32:47,1.0,ADI,163.025,-39.0,18:45:39.7,SYNC,0.0,ao188ttctrl.oct,0.001,0.0,4.5,1.414213562373095,2000.0,0.01,SCI,675-50,Unknown,675-50,Nasmyth-IR,-0.12,VMPA00010589,294912.0,4.5,21:45:13.035,21:45:18.476,21:45:07.593,140.4,VAMPIRES,20.546316666667,180.0,IR,9219056.0,9219056.0,104596.1716519515,49017.953125,49017.953125,55.1361573267702,14715.0,14715.0,45.78116897084035,59409.32306752894,59409.32313050926,59409.32300454861,0.0,500,1002,83.20051002502441,18.4890022277832,1935885.75,1935885.75,21017.68337228666,HD173667,Observation,IMAG_POL,NAOJ,"""[Summit] Vievard, Skaf [Hilo] Guyon, Lozi, Deo, Ahn""",4.4,622.7,277.95,10.7,-86.5840621383825,-86.58245926838025,-0.0109345560427271,-86.57152471233752,-78.6,-0.96675229432347,0.25571468753342,-0.25571468753342,-0.96675229432347,341049.4392397662,341049.4392397662,341078.5069246828,337050969.84,337050969.84,678816.085493887,15.0,128.0,128.0,256,256,o21013,3.89376e-05,6.24,-5:14:20.448,ICRS,17.58157104787457,22.5,HWP(NIR),89,490179520.0,490179520.0,551361.5473258196,Subaru,NS_IR,UTC,5.0,251.6058349609375,28991.62377852201,7063640.5,10227.2724609375,2677.503662109375,315.3411499876135,1178451.375,573453376.0,90326.4921875,12052342784.0,0.671656363082354,07:45:13.034,07:45:18.476,07:45:07.593,T,10000.0,501.0,100000.0,10000.0,1.0,1.0,675-50,B,0.0,2,22.5,4.0,1.0,EmptySlot,5.0,4.0,HD173667_05_20210714_675-50_EmptySlot_0,14,/data/20210714/,3.0,152.0,165.0,95054471168.0,95054471168.0,1064916725.59191,675.0838654091856,48.5,699.3999999999999,650.8999999999999,2,26.63254,182.0,183.0,7063640.5,305608184.71429384,0,0.0,0.0,0.0,0.0,0,0,103.0,73,73,76,3,489256871.5917969,414927682.3503418,4443.134033203125,74329189.24145508,98923.52045900791,4194.428993479667,0.0,,
HD173667_05_20210714_675-50_EmptySlot_014_cam2_FLC1_fix_coll.fits,True,-32,3,366,366,1,True,1.118,63.36746,OFF,83.44956,DARKS_256_10ms_em1_20210715_625-50_EmptySlot_00_cam2_coll.fits,150,e-/s,-1.7333333333333e-06,1.7333333333333e-06,median,183.5,183.5,-78.58520000000001,20.54631666666668,RA---TAN,DEC--TAN,deg,deg,ACQUISITION,2021-07-14T07:45:22,2021-07-14,0.00015,20:32:46.74,-165.1840621383825,VCAM2 - Ultra 897,1.0,7.92,0.0718429257239067,0.0,5.0,3.0,12.4,7.7,SCEXAO,348.72,35708928.0,MIRROR,152.63,15629312.0,ao188cmtx.oct,10.0,OPEN,1.0,1.0,TRACK,96.1233,+20:32:46.71,ADI,54.45,-39.0,18:45:39.730,0.0,ON,0.0,0.01,IN,155.87303,75.87298,+20:32:47,1.0,ADI,163.025,-39.0,18:45:39.7,SYNC,0.0,ao188ttctrl.oct,0.001,0.0,4.5,1.414213562373095,2000.0,0.01,SCI,675-50,Unknown,675-50,Nasmyth-IR,-0.12,VMPA00010591,294912.0,4.5,21:45:13.035,21:45:18.476,21:45:07.593,140.4,VAMPIRES,20.546316666667,180.0,IR,10851047.0,10851047.0,123470.1282689542,57964.1875,57964.1875,63.1461993806719,16355.025390625,16355.025390625,48.32412035488595,59409.32306752894,59409.32313050926,59409.32300454861,0.0,500,1002,77.31856727600098,17.18190383911133,2311512.5,2311512.5,25163.13818102844,HD173667,Observation,IMAG_POL,NAOJ,"""[Summit] Vievard, Skaf [Hilo] Guyon, Lozi, Deo, Ahn""",4.4,622.7,277.95,10.7,-86.5840621383825,-86.58245926838025,-0.0109345560427271,-86.57152471233752,-78.6,-0.96675229432347,0.25571468753342,-0.25571468753342,-0.96675229432347,350487.5080755897,350487.5080755897,350526.2411345771,403035624.972,403035624.972,816857.1264669992,15.0,128.0,128.0,256,256,o21013,3.89376e-05,6.24,-5:14:20.448,ICRS,17.58157104787457,22.5,HWP(NIR),89,579641792.0,579641792.0,631462.0191371766,Subaru,NS_IR,UTC,5.0,231.8560485839844,28275.59967015754,8199108.0,11984.9208984375,2792.717529296875,290.588463512417,1461600.125,650457600.0,83236.3203125,17517162496.0,0.976201379635932,07:45:13.034,07:45:18.476,07:45:07.593,T,10000.0,501.0,100000.0,10000.0,2.0,1.0,675-50,A,0.0,1,22.5,4.0,1.0,EmptySlot,5.0,4.0,HD173667_05_20210714_675-50_EmptySlot_0,14,/data/20210714/,3.0,152.0,165.0,134248448000.0,134248448000.0,1516915818.539921,675.0838654091856,48.5,699.3999999999999,650.8999999999999,2,26.63254,182.0,183.0,8199108.0,364916389.9206171,0,0.0,0.0,0.0,0.0,0,0,104.0,73,73,76,3,572616389.6296387,493555874.875,4725.955810546875,79060514.75463867,109263.7367863188,4517.105943760835,0.0,,
HD173667_05_20210714_675-50_EmptySlot_014_cam2_FLC2_fix_coll.fits,True,-32,3,366,366,1,True,1.118,63.36746,OFF,83.44956,DARKS_256_10ms_em1_20210715_625-50_EmptySlot_00_cam2_coll.fits,150,e-/s,-1.7333333333333e-06,1.7333333333333e-06,median,183.5,183.5,-78.58520000000001,20.54631666666668,RA---TAN,DEC--TAN,deg,deg,ACQUISITION,2021-07-14T07:45:22,2021-07-14,0.00015,20:32:46.74,-165.1840621383825,VCAM2 - Ultra 897,1.0,7.92,0.0718429257239067,0.0,5.0,3.0,12.4,7.7,SCEXAO,348.72,35708928.0,MIRROR,152.63,15629312.0,ao188cmtx.oct,10.0,OPEN,1.0,1.0,TRACK,96.1233,+20:32:46.71,ADI,54.45,-39.0,18:45:39.730,0.0,ON,0.0,0.01,IN,155.87303,75.87298,+20:32:47,1.0,ADI,163.025,-39.0,18:45:39.7,SYNC,0.0,ao188ttctrl.oct,0.001,0.0,4.5,1.414213562373095,2000.0,0.01,SCI,675-50,Unknown,675-50,Nasmyth-IR,-0.12,VMPA00010591,294912.0,4.5,21:45:13.035,21:45:18.476,21:45:07.593,140.4,VAMPIRES,20.546316666667,180.0,IR,11109898.0,11109898.0,124646.5907139561,59091.21484375,59091.21484375,61.67011609885492,16593.75,16593.75,47.00847058313431,59409.32306752894,59409.32313050926,59409.32300454861,0.0,500,1002,77.31856727600098,17.18190383911133,2358238.75,2358238.75,25192.94776225348,HD173667,Observation,IMAG_POL,NAOJ,"""[Summit] Vievard, Skaf [Hilo] Guyon, Lozi, Deo, Ahn""",4.4,622.7,277.95,10.7,-86.5840621383825,-86.58245926838025,-0.0109345560427271,-86.57152471233752,-78.6,-0.96675229432347,0.25571468753342,-0.25571468753342,-0.96675229432347,352726.9553036264,352726.9553036264,352765.7690510674,410915373.228,410915373.228,825117.4949459286,15.0,128.0,128.0,256,256,o21013,3.89376e-05,6.24,-5:14:20.448,ICRS,17.58157104787457,22.5,HWP(NIR),89,590912128.0,590912128.0,616701.0635973072,Subaru,NS_IR,UTC,5.0,231.9394378662109,28506.61244227877,8460351.0,12203.181640625,2832.9599609375,290.6929764787322,1499837.125,662266688.0,83266.2578125,18302785536.0,1.019982802323362,07:45:13.034,07:45:18.476,07:45:07.593,T,10000.0,501.0,100000.0,10000.0,2.0,1.0,675-50,B,0.0,2,22.5,4.0,1.0,EmptySlot,5.0,4.0,HD173667_05_20210714_675-50_EmptySlot_0,14,/data/20210714/,3.0,152.0,165.0,139570757632.0,139570757632.0,1535287908.30346,675.0838654091856,48.5,699.3999999999999,650.8999999999999,2,26.63254,182.0,183.0,8460351.0,372005731.0434474,0,0.0,0.0,0.0,0.0,0,0,104.0,73,73,76,3,583376269.6296387,503021834.52319336,4803.3017578125,80354435.10644531,112602.3146501843,4467.242401596316,0.0,,
HD173667_05_20210714_675-50_EmptySlot_015_cam1_FLC1_fix_coll.fits,True,-32,3,366,366,1,True,1.118,63.44712,OFF,83.46027,DARKS_256_10ms_em1_20210715_625-50_EmptySlot_00_cam1_coll.fits,150,e-/s,-1.7333333333333e-06,1.7333333333333e-06,median,183.5,183.5,-78.58520416666668,20.5462888888889,RA---TAN,DEC--TAN,deg,deg,ACQUISITION,2021-07-14T07:45:41,2021-07-14,0.00015,20:32:46.64,-165.2043662130908,VCAM1 - Ultra 897,1.0,7.92,0.0718429257239067,0.0,5.0,3.0,12.4,7.7,SCEXAO,348.72,35708928.0,MIRROR,152.63,15629312.0,ao188cmtx.oct,10.0,OPEN,1.0,1.0,TRACK,96.16213,+20:32:46.71,ADI,54.429,-39.0,18:45:39.730,0.0,ON,0.0,0.01,IN,155.81697,75.81901,+20:32:47,1.0,ADI,163.025,-39.0,18:45:39.7,SYNC,0.0,ao188ttctrl.oct,0.001,0.0,4.5,1.414213562373095,2000.0,0.01,SCI,675-50,Unknown,675-50,Nasmyth-IR,-0.12,VMPA00010593,294912.0,4.5,21:45:33.243,21:45:38.707,21:45:27.779,140.4,VAMPIRES,20.546288888889,180.0,IR,9185143.0,9185143.0,111684.7978294629,50695.953125,50695.953125,63.00739502423657,15483.599609375,15483.599609375,51.49849071463362,59409.32330142361,59409.32336466435,59409.32323818287,0.0,500,1002,83.20051002502441,18.4890022277832,1919110.375,1919110.375,22984.39599875932,HD173667,Observation,IMAG_POL,NAOJ,"""[Summit] Vievard, Skaf [Hilo] Guyon, Lozi, Deo, Ahn""",4.5,622.7,277.95,10.6,-86.60436621309077,-86.602310543217,-0.0109468480286523,-86.59136369518835,-78.6,-0.96684285198862,0.25537208061672,-0.25537208061672,-0.96684285198862,343279.9060929384,343279.9060929384,343329.0232031071,344749155.246,344749155.246,887820.1448948095,15.0,128.0,128.0,256,256,o21013,3.89376e-05,6.24,-5:14:20.449,ICRS,17.58157104787457,67.5,HWP(NIR),89,506959488.0,506959488.0,630073.9575794638,Subaru,NS_IR,UTC,5.0,251.7212829589844,27563.09218225535,6859422.0,10519.2158203125,2707.712890625,315.4858425956904,1151837.875,589707264.0,90367.9375,12116430848.0,0.6752278808158501,07:45:33.243,07:45:38.707,07:45:27.779,T,10000.0,501.0,100000.0,10000.0,1.0,1.0,675-50,A,0.0,1,67.5,4.0,1.0,EmptySlot,5.0,4.0,HD173667_05_20210714_675-50_EmptySlot_0,15,/data/20210714/,4.0,152.0,165.0,97627922432.0,97627922432.0,1229830300.899364,675.0838654091856,48.5,699.3999999999999,650.8999999999999,2,26.55288,182.0,183.0,6859422.0,311795754.813768,"(0.004264600794631562, 0.0)",0.00252950486467658,-0.07371960283828911,0.0,0.0,0,0,103.0,73,73,76,3,505356619.31884766,428567944.42333984,4590.1533203125,76788674.89550781,95914.57005659492,4468.225673851855,0.00011206059871415313,,
HD173667_05_20210714_675-50_EmptySlot_015_cam1_FLC2_fix_coll.fits,True,-32,3,366,366,1,True,1.118,63.44712,OFF,83.46027,DARKS_256_10ms_em1_20210715_625-50_EmptySlot_00_cam1_coll.fits,150,e-/s,-1.7333333333333e-06,1.7333333333333e-06,median,183.5,183.5,-78.58520416666668,20.5462888888889,RA---TAN,DEC--TAN,deg,deg,ACQUISITION,2021-07-14T07:45:41,2021-07-14,0.00015,20:32:46.64,-165.2043662130908,VCAM1 - Ultra 897,1.0,7.92,0.0718429257239067,0.0,5.0,3.0,12.4,7.7,SCEXAO,348.72,35708928.0,MIRROR,152.63,15629312.0,ao188cmtx.oct,10.0,OPEN,1.0,1.0,TRACK,96.16213,+20:32:46.71,ADI,54.429,-39.0,18:45:39.730,0.0,ON,0.0,0.01,IN,155.81697,75.81901,+20:32:47,1.0,ADI,163.025,-39.0,18:45:39.7,SYNC,0.0,ao188ttctrl.oct,0.001,0.0,4.5,1.414213562373095,2000.0,0.01,SCI,675-50,Unknown,675-50,Nasmyth-IR,-0.12,VMPA00010593,294912.0,4.5,21:45:33.243,21:45:38.707,21:45:27.779,140.4,VAMPIRES,20.546288888889,180.0,IR,9009388.0,9009388.0,108212.061276667,49723.16015625,49723.16015625,57.26401402631588,15211.7998046875,15211.7998046875,50.57333396639409,59409.32330142361,59409.32336466435,59409.32323818287,0.0,500,1002,83.20051002502441,18.4890022277832,1878746.375,1878746.375,22027.27365429776,HD173667,Observation,IMAG_POL,NAOJ,"""[Summit] Vievard, Skaf [Hilo] Guyon, Lozi, Deo, Ahn""",4.5,622.7,277.95,10.6,-86.60436621309077,-86.602310543217,-0.0109468480286523,-86.59136369518835,-78.6,-0.96684285198862,0.25537208061672,-0.25537208061672,-0.96684285198862,341367.4897026956,341367.4897026956,341413.6749067648,338199240.924,338199240.924,854368.8561793001,15.0,128.0,128.0,256,256,o21013,3.89376e-05,6.24,-5:14:20.449,ICRS,17.58157104787457,67.5,HWP(NIR),89,497231584.0,497231584.0,572640.0596424267,Subaru,NS_IR,UTC,5.0,251.6528472900391,27234.50671500852,6938656.5,10369.40625,2682.27783203125,315.4000712043046,1122203.375,578965440.0,90343.3671875,11636582400.0,0.6484867509632997,07:45:33.243,07:45:38.707,07:45:27.779,T,10000.0,501.0,100000.0,10000.0,1.0,1.0,675-50,B,0.0,2,67.5,4.0,1.0,EmptySlot,5.0,4.0,HD173667_05_20210714_675-50_EmptySlot_0,15,/data/20210714/,4.0,152.0,165.0,93702930432.0,93702930432.0,1152392059.780411,675.0838654091856,48.5,699.3999999999999,650.8999999999999,2,26.55288,182.0,183.0,6938656.5,305699097.0348317,0,0.0,0.0,0.0,0.0,0,0,103.0,73,73,76,3,495595354.08325195,419469357.51708984,4550.540771484375,76125996.56616211,96951.32163479154,4326.597620785407,0.0,,
HD173667_05_20210714_675-50_EmptySlot_015_cam2_FLC1_fix_coll.fits,True,-32,3,366,366,1,True,1.118,63.44712,OFF,83.46027,DARKS_256_10ms_em1_20210715_625-50_EmptySlot_00_cam2_coll.fits,150,e-/s,-1.7333333333333e-06,1.7333333333333e-06,median,183.5,183.5,-78.58520416666668,20.5462888888889,RA---TAN,DEC--TAN,deg,deg,ACQUISITION,2021-07-14T07:45:43,2021-07-14,0.00015,20:32:46.64,-165.2043662130908,VCAM2 - Ultra 897,1.0,7.92,0.0718429257239067,0.0,5.0,3.0,12.4,7.7,SCEXAO,348.72,35708928.0,MIRROR,152.63,15629312.0,ao188cmtx.oct,10.0,OPEN,1.0,1.0,TRACK,96.16213,+20:32:46.71,ADI,54.429,-39.0,18:45:39.730,0.0,ON,0.0,0.01,IN,155.81697,75.81901,+20:32:47,1.0,ADI,163.025,-39.0,18:45:39.7,SYNC,0.0,ao188ttctrl.oct,0.001,0.0,4.5,1.414213562373095,2000.0,0.01,SCI,675-50,Unknown,675-50,Nasmyth-IR,-0.12,VMPA00010595,294912.0,4.5,21:45:33.243,21:45:38.707,21:45:27.779,140.4,VAMPIRES,20.546288888889,180.0,IR,10617292.0,10617292.0,128326.8231947242,58329.44140625,58329.44140625,67.88356269558078,16910.32421875,16910.32421875,54.98714435920712,59409.32330142361,59409.32336466435,59409.32323818287,0.0,500,1002,77.31856727600098,17.18190383911133,2237364.75,2237364.75,26575.42753527742,HD173667,Observation,IMAG_POL,NAOJ,"""[Summit] Vievard, Skaf [Hilo] Guyon, Lozi, Deo, Ahn""",4.5,622.7,277.95,10.6,-86.60436621309077,-86.602310543217,-0.0109468480286523,-86.59136369518835,-78.6,-0.96684285198862,0.25537208061672,-0.25537208061672,-0.96684285198862,349617.773353971,349617.773353971,349679.7066446255,400075078.266,400075078.266,1023819.24135568,15.0,128.0,128.0,256,256,o21013,3.89376e-05,6.24,-5:14:20.449,ICRS,17.58157104787457,67.5,HWP(NIR),89,583294400.0,583294400.0,678835.6236366445,Subaru,NS_IR,UTC,5.0,231.9039764404297,26713.0477104825,8146726.5,12059.443359375,2849.816650390625,290.6485321724712,1389128.75,657251712.0,83253.53125,16752119808.0,0.9335668646180736,07:45:33.243,07:45:38.707,07:45:27.779,T,10000.0,501.0,100000.0,10000.0,2.0,1.0,675-50,A,0.0,1,67.5,4.0,1.0,EmptySlot,5.0,4.0,HD173667_05_20210714_675-50_EmptySlot_0,15,/data/20210714/,4.0,152.0,165.0,130907652096.0,130907652096.0,1626008894.087989,675.0838654091856,48.5,699.3999999999999,650.8999999999999,2,26.55288,182.0,183.0,8146726.5,361158530.4744226,0,0.0,0.0,0.0,0.0,0,0,104.0,73,73,76,3,576465408.7316895,493744600.2128906,4944.755126953125,82720808.51879883,109871.05962291214,4493.854905081181,0.0,,
HD173667_05_20210714_675-50_EmptySlot_015_cam2_FLC2_fix_coll.fits,True,-32,3,366,366,1,True,1.118,63.44712,OFF,83.46027,DARKS_256_10ms_em1_20210715_625-50_EmptySlot_00_cam2_coll.fits,150,e-/s,-1.7333333333333e-06,1.7333333333333e-06,median,183.5,183.5,-78.58520416666668,20.5462888888889,RA---TAN,DEC--TAN,deg,deg,ACQUISITION,2021-07-14T07:45:43,2021-07-14,0.00015,20:32:46.64,-165.2043662130908,VCAM2 - Ultra 897,1.0,7.92,0.0718429257239067,0.0,5.0,3.0,12.4,7.7,SCEXAO,348.72,35708928.0,MIRROR,152.63,15629312.0,ao188cmtx.oct,10.0,OPEN,1.0,1.0,TRACK,96.16213,+20:32:46.71,ADI,54.429,-39.0,18:45:39.730,0.0,ON,0.0,0.01,IN,155.81697,75.81901,+20:32:47,1.0,ADI,163.025,-39.0,18:45:39.7,SYNC,0.0,ao188ttctrl.oct,0.001,0.0,4.5,1.414213562373095,2000.0,0.01,SCI,675-50,Unknown,675-50,Nasmyth-IR,-0.12,VMPA00010595,294912.0,4.5,21:45:33.243,21:45:38.707,21:45:27.779,140.4,VAMPIRES,20.546288888889,180.0,IR,10452916.0,10452916.0,123585.0062612982,57647.625,57647.625,65.4820224122558,16738.42578125,16738.42578125,55.59924067229601,59409.32330142361,59409.32336466435,59409.32323818287,0.0,500,1002,77.31856727600098,17.18190383911133,2194055.25,2194055.25,25494.33338951582,HD173667,Observation,IMAG_POL,NAOJ,"""[Summit] Vievard, Skaf [Hilo] Guyon, Lozi, Deo, Ahn""",4.5,622.7,277.95,10.6,-86.60436621309077,-86.602310543217,-0.0109468480286523,-86.59136369518835,-78.6,-0.96684285198862,0.25537208061672,-0.25537208061672,-0.96684285198862,348229.5231212555,348229.5231212555,348289.1401395873,395220611.898,395220611.898,998550.7952358612,15.0,128.0,128.0,256,256,o21013,3.89376e-05,6.24,-5:14:20.449,ICRS,17.58157104787457,67.5,HWP(NIR),89,576476224.0,576476224.0,654820.2535582967,Subaru,NS_IR,UTC,5.0,231.8480072021484,26399.79452161957,7903346.5,11961.9423828125,2834.19091796875,290.5783851348785,1362068.25,649198528.0,83233.4375,16292981760.0,0.9079798897867732,07:45:33.243,07:45:38.707,07:45:27.779,T,10000.0,501.0,100000.0,10000.0,2.0,1.0,675-50,B,0.0,2,67.5,4.0,1.0,EmptySlot,5.0,4.0,HD173667_05_20210714_675-50_EmptySlot_0,15,/data/20210714/,4.0,152.0,165.0,126837702656.0,126837702656.0,1538409547.927227,675.0838654091856,48.5,699.3999999999999,650.8999999999999,2,26.55288,182.0,183.0,7903346.5,357147203.130536,0,0.0,0.0,0.010474246399034307,-0.007051061885185142,0,0,104.0,73,73,76,3,570050698.7961426,489277687.4460449,4828.32275390625,80773011.35009766,106899.17009328082,4577.001739294126,0.0,,
HD173667_05_20210714_675-50_EmptySlot_016_cam1_FLC1_fix_coll.fits,True,-32,3,366,366,1,True,1.117,63.53106,OFF,83.47146,DARKS_256_10ms_em1_20210715_625-50_EmptySlot_00_cam1_coll.fits,150,e-/s,-1.7333333333333e-06,1.7333333333333e-06,median,183.5,183.5,-78.58519583333339,20.54629166666667,RA---TAN,DEC--TAN,deg,deg,ACQUISITION,2021-07-14T07:46:03,2021-07-14,0.00015,20:32:46.65,-165.2258309335355,VCAM1 - Ultra 897,1.0,7.92,0.0718429257239067,0.0,5.0,3.0,12.4,7.7,SCEXAO,348.72,35708928.0,MIRROR,152.63,15629312.0,ao188cmtx.oct,10.0,OPEN,1.0,1.0,TRACK,96.20659,+20:32:46.71,ADI,54.408,-39.0,18:45:39.730,0.0,ON,0.0,0.01,IN,155.76499,75.76504,+20:32:47,1.0,ADI,163.025,-39.0,18:45:39.7,SYNC,0.0,ao188ttctrl.oct,0.001,0.0,4.5,1.414213562373095,2000.0,0.01,SCI,675-50,Unknown,675-50,Nasmyth-IR,-0.12,VMPA00010597,294912.0,4.5,21:45:54.723,21:46:00.196,21:45:49.249,140.4,VAMPIRES,20.546291666667,180.0,IR,9412645.0,9412645.0,112447.3976328493,50528.95703125,50528.95703125,46.06923468617903,15416.775390625,15416.775390625,47.4420308436447,59409.32355002894,59409.32361337963,59409.32348667824,0.0,500,1002,83.20051002502441,18.4890022277832,1954056.75,1954056.75,22505.95990658103,HD173667,Observation,IMAG_POL,NAOJ,"""[Summit] Vievard, Skaf [Hilo] Guyon, Lozi, Deo, Ahn""",4.4,622.7,277.95,10.7,-86.62583093353548,-86.62431487432598,-0.0109607087002956,-86.61335416562568,-78.6,-0.96693845419331,0.25500985432382,-0.25500985432382,-0.96693845419331,343106.4706405097,343106.4706405097,343134.9413042532,344078649.756,344078649.756,679593.290013179,15.0,128.0,128.0,256,256,o21013,3.89376e-05,6.24,-5:14:20.447,ICRS,17.58157104787457,0.0,HWP(NIR),89,505289568.0,505289568.0,460692.3449401694,Subaru,NS_IR,UTC,5.0,251.7084350585938,27919.94910551934,7109311.5,10574.2451171875,2724.03662109375,315.469740140496,1172914.125,588012608.0,90363.328125,12402680832.0,0.6911801007810054,07:45:54.723,07:46:00.196,07:45:49.249,T,10000.0,501.0,100000.0,10000.0,1.0,1.0,675-50,A,0.0,1,0.0,5.0,1.0,EmptySlot,5.0,4.0,HD173667_05_20210714_675-50_EmptySlot_0,16,/data/20210714/,1.0,152.0,165.0,98852896768.0,98852896768.0,1162996732.016947,675.0838654091856,48.5,699.3999999999999,650.8999999999999,2,26.46894,182.0,183.0,7109311.5,311619591.93970287,"(-0.0016870451492426164, 0.0)",-0.0017919445519213029,-0.07408713695121219,0.0,0.0,0,0,103.0,73,73,76,3,504358510.9379883,427077755.9382324,4619.568115234375,77280754.99975586,94432.74809560213,4522.559859275366,0.00011159413854035934,,
HD173667_05_20210714_675-50_EmptySlot_016_cam1_FLC2_fix_coll.fits,True,-32,3,366,366,1,True,1.117,63.53106,OFF,83.47146,DARKS_256_10ms_em1_20210715_625-50_EmptySlot_00_cam1_coll.fits,150,e-/s,-1.7333333333333e-06,1.7333333333333e-06,median,183.5,183.5,-78.58519583333339,20.54629166666667,RA---TAN,DEC--TAN,deg,deg,ACQUISITION,2021-07-14T07:46:03,2021-07-14,0.00015,20:32:46.65,-165.2258309335355,VCAM1 - Ultra 897,1.0,7.92,0.0718429257239067,0.0,5.0,3.0,12.4,7.7,SCEXAO,348.72,35708928.0,MIRROR,152.63,15629312.0,ao188cmtx.oct,10.0,OPEN,1.0,1.0,TRACK,96.20659,+20:32:46.71,ADI,54.408,-39.0,18:45:39.730,0.0,ON,0.0,0.01,IN,155.76499,75.76504,+20:32:47,1.0,ADI,163.025,-39.0,18:45:39.7,SYNC,0.0,ao188ttctrl.oct,0.001,0.0,4.5,1.414213562373095,2000.0,0.01,SCI,675-50,Unknown,675-50,Nasmyth-IR,-0.12,VMPA00010597,294912.0,4.5,21:45:54.723,21:46:00.196,21:45:49.249,140.4,VAMPIRES,20.546291666667,180.0,IR,9144428.0,9144428.0,108608.080095822,49850.484375,49850.484375,46.79594586056579,15246.4501953125,15246.4501953125,45.95188479056297,59409.32355002894,59409.32361337963,59409.32348667824,0.0,500,1002,83.20051002502441,18.4890022277832,1901696.375,1901696.375,21310.86682269903,HD173667,Observation,IMAG_POL,NAOJ,"""[Summit] Vievard, Skaf [Hilo] Guyon, Lozi, Deo, Ahn""",4.4,622.7,277.95,10.7,-86.62583093353548,-86.62431487432598,-0.0109607087002956,-86.61335416562568,-78.6,-0.96693845419331,0.25500985432382,-0.25500985432382,-0.96693845419331,341724.8466678452,341724.8466678452,341753.4415574498,339350742.558,339350742.558,676902.4327893584,15.0,128.0,128.0,256,256,o21013,3.89376e-05,6.24,-5:14:20.447,ICRS,17.58157104787457,0.0,HWP(NIR),89,498504832.0,498504832.0,467959.4764243246,Subaru,NS_IR,UTC,5.0,251.6643829345703,27481.227900289,6962358.5,10393.3662109375,2700.2353515625,315.4145289906787,1134934.0,580313600.0,90347.515625,11795784704.0,0.6573588219303589,07:45:54.723,07:46:00.196,07:45:49.249,T,10000.0,501.0,100000.0,10000.0,1.0,1.0,675-50,B,0.0,2,0.0,5.0,1.0,EmptySlot,5.0,4.0,HD173667_05_20210714_675-50_EmptySlot_0,16,/data/20210714/,1.0,152.0,165.0,94923964416.0,94923964416.0,1091178413.067824,675.0838654091856,48.5,699.3999999999999,650.8999999999999,2,26.46894,182.0,183.0,6962358.5,305994482.574203,0,0.0,0.0,0.0,0.0,0,0,103.0,73,73,76,3,496603240.0834961,420387296.5527344,4555.91748046875,76215943.53076172,95144.87368906313,4418.391451404678,0.0,,
HD173667_05_20210714_675-50_EmptySlot_016_cam2_FLC1_fix_coll.fits,True,-32,3,366,366,1,True,1.117,63.53106,OFF,83.47146,DARKS_256_10ms_em1_20210715_625-50_EmptySlot_00_cam2_coll.fits,150,e-/s,-1.7333333333333e-06,1.7333333333333e-06,median,183.5,183.5,-78.58519583333339,20.54629166666667,RA---TAN,DEC--TAN,deg,deg,ACQUISITION,2021-07-14T07:46:04,2021-07-14,0.00015,20:32:46.65,-165.2258309335355,VCAM2 - Ultra 897,1.0,7.92,0.0718429257239067,0.0,5.0,3.0,12.4,7.7,SCEXAO,348.72,35708928.0,MIRROR,152.63,15629312.0,ao188cmtx.oct,10.0,OPEN,1.0,1.0,TRACK,96.20659,+20:32:46.71,ADI,54.408,-39.0,18:45:39.730,0.0,ON,0.0,0.01,IN,155.76499,75.76504,+20:32:47,1.0,ADI,163.025,-39.0,18:45:39.7,SYNC,0.0,ao188ttctrl.oct,0.001,0.0,4.5,1.414213562373095,2000.0,0.01,SCI,675-50,Unknown,675-50,Nasmyth-IR,-0.12,VMPA00010599,294912.0,4.5,21:45:54.723,21:46:00.196,21:45:49.249,140.4,VAMPIRES,20.546291666667,180.0,IR,10924648.0,10924648.0,129108.1165264025,58462.67578125,58462.67578125,53.95848212060286,16938.0,16938.0,52.08464514532729,59409.32355002894,59409.32361337963,59409.32348667824,0.0,500,1002,77.31856727600098,17.18190383911133,2277647.25,2277647.25,25747.72181764112,HD173667,Observation,IMAG_POL,NAOJ,"""[Summit] Vievard, Skaf [Hilo] Guyon, Lozi, Deo, Ahn""",4.4,622.7,277.95,10.7,-86.62583093353548,-86.62431487432598,-0.0109607087002956,-86.61335416562568,-78.6,-0.96693845419331,0.25500985432382,-0.25500985432382,-0.96693845419331,350080.4411020967,350080.4411020967,350117.1581647616,401605648.812,401605648.812,795198.9849440862,15.0,128.0,128.0,256,256,o21013,3.89376e-05,6.24,-5:14:20.447,ICRS,17.58157104787457,0.0,HWP(NIR),89,584626752.0,584626752.0,539584.8033873619,Subaru,NS_IR,UTC,5.0,231.9142608642578,26930.56835626718,8187890.5,12201.4423828125,2922.630126953125,290.6614217862492,1416867.5,659426944.0,83257.21875,17287827456.0,0.9634209317467272,07:45:54.723,07:46:00.196,07:45:49.249,T,10000.0,501.0,100000.0,10000.0,2.0,1.0,675-50,A,0.0,1,0.0,5.0,1.0,EmptySlot,5.0,4.0,HD173667_05_20210714_675-50_EmptySlot_0,16,/data/20210714/,1.0,152.0,165.0,133336031232.0,133336031232.0,1545619094.757742,675.0838654091856,48.5,699.3999999999999,650.8999999999999,2,26.46894,182.0,183.0,8187890.5,363245222.43378425,0,0.0,0.0,0.0,0.0,0,0,104.0,73,73,76,3,578759055.6169434,496527995.10791016,4915.479736328125,82231060.5090332,108556.71280811718,4573.904112088985,0.0,,
HD173667_05_20210714_675-50_EmptySlot_016_cam2_FLC2_fix_coll.fits,True,-32,3,366,366,1,True,1.117,63.53106,OFF,83.47146,DARKS_256_10ms_em1_20210715_625-50_EmptySlot_00_cam2_coll.fits,150,e-/s,-1.7333333333333e-06,1.7333333333333e-06,median,183.5,183.5,-78.58519583333339,20.54629166666667,RA---TAN,DEC--TAN,deg,deg,ACQUISITION,2021-07-14T07:46:04,2021-07-14,0.00015,20:32:46.65,-165.2258309335355,VCAM2 - Ultra 897,1.0,7.92,0.0718429257239067,0.0,5.0,3.0,12.4,7.7,SCEXAO,348.72,35708928.0,MIRROR,152.63,15629312.0,ao188cmtx.oct,10.0,OPEN,1.0,1.0,TRACK,96.20659,+20:32:46.71,ADI,54.408,-39.0,18:45:39.730,0.0,ON,0.0,0.01,IN,155.76499,75.76504,+20:32:47,1.0,ADI,163.025,-39.0,18:45:39.7,SYNC,0.0,ao188ttctrl.oct,0.001,0.0,4.5,1.414213562373095,2000.0,0.01,SCI,675-50,Unknown,675-50,Nasmyth-IR,-0.12,VMPA00010599,294912.0,4.5,21:45:54.723,21:46:00.196,21:45:49.249,140.4,VAMPIRES,20.546291666667,180.0,IR,10558581.0,10558581.0,123679.5695760667,57485.90625,57485.90625,54.73183627545778,16730.32421875,16730.32421875,49.62532521484935,59409.32355002894,59409.32361337963,59409.32348667824,0.0,500,1002,77.31856727600098,17.18190383911133,2210384.5,2210384.5,24507.39168103182,HD173667,Observation,IMAG_POL,NAOJ,"""[Summit] Vievard, Skaf [Hilo] Guyon, Lozi, Deo, Ahn""",4.4,622.7,277.95,10.7,-86.62583093353548,-86.62431487432598,-0.0109607087002956,-86.61335416562568,-78.6,-0.96693845419331,0.25500985432382,-0.25500985432382,-0.96693845419331,347981.8689031351,347981.8689031351,348018.5864029706,394282778.832,394282778.832,788391.5550654817,15.0,128.0,128.0,256,256,o21013,3.89376e-05,6.24,-5:14:20.447,ICRS,17.58157104787457,0.0,HWP(NIR),89,574859136.0,574859136.0,547318.333930264,Subaru,NS_IR,UTC,5.0,231.8434753417969,26433.19016788015,7818872.5,11956.9013671875,2877.491455078125,290.5727052902316,1363243.25,648924928.0,83231.8125,16300165120.0,0.9083802061019312,07:45:54.723,07:46:00.196,07:45:49.249,T,10000.0,501.0,100000.0,10000.0,2.0,1.0,675-50,B,0.0,2,0.0,5.0,1.0,EmptySlot,5.0,4.0,HD173667_05_20210714_675-50_EmptySlot_0,16,/data/20210714/,1.0,152.0,165.0,127220760576.0,127220760576.0,1444470845.296698,675.0838654091856,48.5,699.3999999999999,650.8999999999999,2,26.46894,182.0,183.0,7818872.5,355479833.2043208,0,0.0,0.0,0.0,0.0,0,0,104.0,73,73,76,3,568234199.315918,486557291.0161133,4882.3544921875,81676908.29980469,109429.42772749734,4446.311208240482,0.0,,
HD173667_05_20210714_675-50_EmptySlot_017_cam1_FLC1_fix_coll.fits,True,-32,3,366,366,1,True,1.116,63.61228,OFF,83.48225,DARKS_256_10ms_em1_20210715_625-50_EmptySlot_00_cam1_coll.fits,150,e-/s,-1.7333333333333e-06,1.7333333333333e-06,median,183.5,183.5,-78.58519583333339,20.54629166666667,RA---TAN,DEC--TAN,deg,deg,ACQUISITION,2021-07-14T07:46:23,2021-07-14,0.00015,20:32:46.65,-165.2466298005018,VCAM1 - Ultra 897,1.0,7.92,0.0718429257239067,0.0,5.0,3.0,12.4,7.6,SCEXAO,348.72,35708928.0,MIRROR,152.63,15629312.0,ao188cmtx.oct,10.0,OPEN,1.0,1.0,TRACK,96.24635,+20:32:46.71,ADI,54.387,-39.0,18:45:39.730,0.0,ON,0.0,0.01,IN,155.71102,75.71098,+20:32:47,1.0,ADI,163.025,-39.0,18:45:39.7,SYNC,0.0,ao188ttctrl.oct,0.001,0.0,4.5,1.414213562373095,2000.0,0.01,SCI,675-50,Unknown,675-50,Nasmyth-IR,-0.12,VMPA00010601,294912.0,4.5,21:46:15.611,21:46:21.085,21:46:10.136,140.4,VAMPIRES,20.546291666667,180.0,IR,10675305.0,10675305.0,125563.289142012,53299.57421875,53299.57421875,41.71216943153035,14784.974609375,14784.974609375,42.14781508746898,59409.32379178819,59409.32385515046,59409.32372842592,0.0,500,1002,83.20051002502441,18.4890022277832,2348208.75,2348208.75,26147.05840265784,HD173667,Observation,IMAG_POL,NAOJ,"""[Summit] Vievard, Skaf [Hilo] Guyon, Lozi, Deo, Ahn""",4.3,622.7,277.95,10.7,-86.64662980050177,-86.64530638805674,-0.0109740728670146,-86.63433231518972,-78.6,-0.96703096128003,0.25465883044935,-0.25465883044935,-0.96703096128003,352932.8236030744,352932.8236030744,352949.9029130261,378231643.674,378231643.674,547732.6238223123,15.0,128.0,128.0,256,256,o21013,3.89376e-05,6.24,-5:14:20.447,ICRS,17.58157104787457,45.0,HWP(NIR),89,532995712.0,532995712.0,417121.7106927545,Subaru,NS_IR,UTC,5.0,251.8532562255859,34338.3316765239,8358676.5,10890.6767578125,2561.021240234375,315.6512465564699,1484863.375,610498688.0,90415.3203125,16171166720.0,0.9011913468286564,07:46:15.611,07:46:21.085,07:46:10.136,T,10000.0,501.0,100000.0,10000.0,1.0,1.0,675-50,A,0.0,1,45.0,5.0,1.0,EmptySlot,5.0,4.0,HD173667_05_20210714_675-50_EmptySlot_0,17,/data/20210714/,2.0,152.0,165.0,125275070464.0,125275070464.0,1419070464.01513,675.0838654091856,48.5,699.3999999999999,650.8999999999999,2,26.38772,182.0,183.0,8358676.5,345018400.120252,"(0.0424899279276174, 0.0)",0.019698066820078325,-0.07662336751728172,0.0,0.0,0,0,103.0,73,73,76,3,530242905.7507324,457531401.8239746,4346.4345703125,72711503.92675781,103457.3204380181,4422.416895072055,0.00011404358871515457,,
HD173667_05_20210714_675-50_EmptySlot_017_cam1_FLC2_fix_coll.fits,True,-32,3,366,366,1,True,1.116,63.61228,OFF,83.48225,DARKS_256_10ms_em1_20210715_625-50_EmptySlot_00_cam1_coll.fits,150,e-/s,-1.7333333333333e-06,1.7333333333333e-06,median,183.5,183.5,-78.58519583333339,20.54629166666667,RA---TAN,DEC--TAN,deg,deg,ACQUISITION,2021-07-14T07:46:23,2021-07-14,0.00015,20:32:46.65,-165.2466298005018,VCAM1 - Ultra 897,1.0,7.92,0.0718429257239067,0.0,5.0,3.0,12.4,7.6,SCEXAO,348.72,35708928.0,MIRROR,152.63,15629312.0,ao188cmtx.oct,10.0,OPEN,1.0,1.0,TRACK,96.24635,+20:32:46.71,ADI,54.387,-39.0,18:45:39.730,0.0,ON,0.0,0.01,IN,155.71102,75.71098,+20:32:47,1.0,ADI,163.025,-39.0,18:45:39.7,SYNC,0.0,ao188ttctrl.oct,0.001,0.0,4.5,1.414213562373095,2000.0,0.01,SCI,675-50,Unknown,675-50,Nasmyth-IR,-0.12,VMPA00010601,294912.0,4.5,21:46:15.611,21:46:21.085,21:46:10.136,140.4,VAMPIRES,20.546291666667,180.0,IR,9989685.0,9989685.0,110531.8140982247,50323.09765625,50323.09765625,42.87783450695916,14126.625,14126.625,42.43364255117001,59409.32379178819,59409.32385515046,59409.32372842592,0.0,500,1002,83.20051002502441,18.4890022277832,2185853.5,2185853.5,22980.9790073812,HD173667,Observation,IMAG_POL,NAOJ,"""[Summit] Vievard, Skaf [Hilo] Guyon, Lozi, Deo, Ahn""",4.3,622.7,277.95,10.7,-86.64662980050177,-86.64530638805674,-0.0109740728670146,-86.63433231518972,-78.6,-0.96703096128003,0.25465883044935,-0.25465883044935,-0.96703096128003,346743.9213517623,346743.9213517623,346759.97593911,356584768.308,356584768.308,517410.7774543575,15.0,128.0,128.0,256,256,o21013,3.89376e-05,6.24,-5:14:20.447,ICRS,17.58157104787457,45.0,HWP(NIR),89,503230944.0,503230944.0,428778.3330594609,Subaru,NS_IR,UTC,5.0,251.6488800048828,34077.80886323168,7806400.5,10302.4580078125,2460.552490234375,315.3950989497315,1395139.125,579791424.0,90341.9453125,14373362688.0,0.8010028159090972,07:46:15.611,07:46:21.085,07:46:10.136,T,10000.0,501.0,100000.0,10000.0,1.0,1.0,675-50,B,0.0,2,45.0,5.0,1.0,EmptySlot,5.0,4.0,HD173667_05_20210714_675-50_EmptySlot_0,17,/data/20210714/,2.0,152.0,165.0,110087233536.0,110087233536.0,1175364041.185661,675.0838654091856,48.5,699.3999999999999,650.8999999999999,2,26.38772,182.0,183.0,7806400.5,326215693.29701805,0,0.0,0.0,0.0,0.0,0,0,103.0,73,73,76,3,502336818.6311035,433084648.08862305,4139.64794921875,69252170.54248047,103212.71488039802,4196.0396893975485,0.0,,
HD173667_05_20210714_675-50_EmptySlot_017_cam2_FLC1_fix_coll.fits,True,-32,3,366,366,1,True,1.116,63.61228,OFF,83.48225,DARKS_256_10ms_em1_20210715_625-50_EmptySlot_00_cam2_coll.fits,150,e-/s,-1.7333333333333e-06,1.7333333333333e-06,median,183.5,183.5,-78.58519583333339,20.54629166666667,RA---TAN,DEC--TAN,deg,deg,ACQUISITION,2021-07-14T07:46:25,2021-07-14,0.00015,20:32:46.65,-165.2466298005018,VCAM2 - Ultra 897,1.0,7.92,0.0718429257239067,0.0,5.0,3.0,12.4,7.6,SCEXAO,348.72,35708928.0,MIRROR,152.63,15629312.0,ao188cmtx.oct,10.0,OPEN,1.0,1.0,TRACK,96.24635,+20:32:46.71,ADI,54.387,-39.0,18:45:39.730,0.0,ON,0.0,0.01,IN,155.71102,75.71098,+20:32:47,1.0,ADI,163.025,-39.0,18:45:39.7,SYNC,0.0,ao188ttctrl.oct,0.001,0.0,4.5,1.414213562373095,2000.0,0.01,SCI,675-50,Unknown,675-50,Nasmyth-IR,-0.12,VMPA00010603,294912.0,4.5,21:46:15.611,21:46:21.085,21:46:10.136,140.4,VAMPIRES,20.546291666667,180.0,IR,11945026.0,11945026.0,137163.8644648623,59460.76953125,59460.76953125,42.5147409589819,15730.875,15730.875,45.00256584293766,59409.32379178819,59409.32385515046,59409.32372842592,0.0,500,1002,77.31856727600098,17.18190383911133,2644923.5,2644923.5,28845.48654112018,HD173667,Observation,IMAG_POL,NAOJ,"""[Summit] Vievard, Skaf [Hilo] Guyon, Lozi, Deo, Ahn""",4.3,622.7,277.95,10.7,-86.64662980050177,-86.64530638805674,-0.0109740728670146,-86.63433231518972,-78.6,-0.96703096128003,0.25465883044935,-0.25465883044935,-0.96703096128003,356724.8008238507,356724.8008238507,356745.1589121727,425033301.674,425033301.674,607139.2154017666,15.0,128.0,128.0,256,256,o21013,3.89376e-05,6.24,-5:14:20.447,ICRS,17.58157104787457,45.0,HWP(NIR),89,594607744.0,594607744.0,425147.3611562372,Subaru,NS_IR,UTC,5.0,231.9317932128906,32719.97314684885,9037686.0,12143.75,2637.383544921875,290.683395326651,1713189.75,661822208.0,83263.515625,20804548608.0,1.159401761470787,07:46:15.611,07:46:21.085,07:46:10.136,T,10000.0,501.0,100000.0,10000.0,2.0,1.0,675-50,A,0.0,1,45.0,5.0,1.0,EmptySlot,5.0,4.0,HD173667_05_20210714_675-50_EmptySlot_0,17,/data/20210714/,2.0,152.0,165.0,157401251840.0,157401251840.0,1742520065.403676,675.0838654091856,48.5,699.3999999999999,650.8999999999999,2,26.38772,182.0,182.0,9037686.0,386172464.26044095,0,0.0,0.0,0.0,0.0,0,0,104.0,73,73,76,3,587232982.3867188,512437043.42626953,4471.03466796875,74795938.96044922,113590.0367310499,4511.285128286208,0.0,,
HD173667_05_20210714_675-50_EmptySlot_017_cam2_FLC2_fix_coll.fits,True,-32,3,366,366,1,True,1.116,63.61228,OFF,83.48225,DARKS_256_10ms_em1_20210715_625-50_EmptySlot_00_cam2_coll.fits,150,e-/s,-1.7333333333333e-06,1.7333333333333e-06,median,183.5,183.5,-78.58519583333339,20.54629166666667,RA---TAN,DEC--TAN,deg,deg,ACQUISITION,2021-07-14T07:46:25,2021-07-14,0.00015,20:32:46.65,-165.2466298005018,VCAM2 - Ultra 897,1.0,7.92,0.0718429257239067,0.0,5.0,3.0,12.4,7.6,SCEXAO,348.72,35708928.0,MIRROR,152.63,15629312.0,ao188cmtx.oct,10.0,OPEN,1.0,1.0,TRACK,96.24635,+20:32:46.71,ADI,54.387,-39.0,18:45:39.730,0.0,ON,0.0,0.01,IN,155.71102,75.71098,+20:32:47,1.0,ADI,163.025,-39.0,18:45:39.7,SYNC,0.0,ao188ttctrl.oct,0.001,0.0,4.5,1.414213562373095,2000.0,0.01,SCI,675-50,Unknown,675-50,Nasmyth-IR,-0.12,VMPA00010603,294912.0,4.5,21:46:15.611,21:46:21.085,21:46:10.136,140.4,VAMPIRES,20.546291666667,180.0,IR,12033100.0,12033100.0,131336.6489548181,60940.81640625,60940.81640625,43.88666092281869,16004.9248046875,16004.9248046875,45.21906755652574,59409.32379178819,59409.32385515046,59409.32372842592,0.0,500,1002,77.31856727600098,17.18190383911133,2665077.25,2665077.25,27486.16404708822,HD173667,Observation,IMAG_POL,NAOJ,"""[Summit] Vievard, Skaf [Hilo] Guyon, Lozi, Deo, Ahn""",4.3,622.7,277.95,10.7,-86.64662980050177,-86.64530638805674,-0.0109740728670146,-86.63433231518972,-78.6,-0.96703096128003,0.25465883044935,-0.25465883044935,-0.96703096128003,359804.1375472043,359804.1375472043,359825.2323888037,436064751.612,436064751.612,625890.2528757058,15.0,128.0,128.0,256,256,o21013,3.89376e-05,6.24,-5:14:20.447,ICRS,17.58157104787457,45.0,HWP(NIR),89,609408256.0,609408256.0,438866.577346749,Subaru,NS_IR,UTC,5.0,232.0294342041016,33319.10125838639,9423267.0,12302.2255859375,2580.4892578125,290.8057701613171,1766582.375,676056512.0,83298.5625,21732894720.0,1.211136895829505,07:46:15.611,07:46:21.085,07:46:10.136,T,10000.0,501.0,100000.0,10000.0,2.0,1.0,675-50,B,0.0,2,45.0,5.0,1.0,EmptySlot,5.0,4.0,HD173667_05_20210714_675-50_EmptySlot_0,17,/data/20210714/,2.0,152.0,165.0,162519793664.0,162519793664.0,1696797382.449146,675.0838654091856,48.5,699.3999999999999,650.8999999999999,2,26.38772,182.0,183.0,9423267.0,397721537.48608696,0,0.0,0.0,0.0,0.0,0,0,105.0,73,73,76,3,601955832.1765137,525988683.51000977,4541.04541015625,75967148.6665039,119046.03444940595,4418.363752667063,0.0,,
HD173667_05_20210714_675-50_EmptySlot_018_cam1_FLC1_fix_coll.fits,True,-32,3,366,366,1,True,1.115,63.68843,OFF,83.4923,DARKS_256_10ms_em1_20210715_625-50_EmptySlot_00_cam1_coll.fits,150,e-/s,-1.7333333333333e-06,1.7333333333333e-06,median,183.5,183.5,-78.58520000000001,20.54630833333334,RA---TAN,DEC--TAN,deg,deg,ACQUISITION,2021-07-14T07:46:43,2021-07-14,0.00015,20:32:46.71,-165.266217624395,VCAM1 - Ultra 897,1.0,7.92,0.0718429257239067,0.0,5.0,3.0,12.4,7.6,SCEXAO,348.72,35708928.0,MIRROR,152.63,15629312.0,ao188cmtx.oct,10.0,OPEN,1.0,1.0,TRACK,96.28947,+20:32:46.71,ADI,54.368,-39.0,18:45:39.730,0.0,ON,0.0,0.01,IN,155.66199,75.66205,+20:32:47,1.0,ADI,163.025,-39.0,18:45:39.7,SYNC,0.0,ao188ttctrl.oct,0.001,0.0,4.5,1.414213562373095,2000.0,0.01,SCI,675-50,Unknown,675-50,Nasmyth-IR,-0.12,VMPA00010605,294912.0,4.5,21:46:35.134,21:46:40.600,21:46:29.668,140.4,VAMPIRES,20.546308333333,180.0,IR,9426067.0,9426067.0,120905.6378072591,51510.82421875,51510.82421875,96.36892874199653,15680.474609375,15680.474609375,63.37523803300589,59409.32401775463,59409.32408101852,59409.32395449074,0.0,500,1002,83.20051002502441,18.4890022277832,1977005.0,1977005.0,26367.2887377618,HD173667,Observation,IMAG_POL,NAOJ,"""[Summit] Vievard, Skaf [Hilo] Guyon, Lozi, Deo, Ahn""",4.1,622.7,277.95,10.7,-86.66621762439505,-86.66436827207764,-0.0109863775717116,-86.65338189450593,-78.6,-0.96711796549558,0.25432821474561,-0.25432821474561,-0.96711796549558,344913.8205833167,344913.8205833167,345053.7555766211,350680686.822,350680686.822,1478563.420453589,15.0,128.0,128.0,256,256,o21013,3.89376e-05,6.24,-5:14:20.448,ICRS,17.58157104787457,22.5,HWP(NIR),89,515108320.0,515108320.0,963689.3071602528,Subaru,NS_IR,UTC,5.0,251.7824859619141,26804.53452130849,6834116.5,10685.6103515625,2779.8935546875,315.5625491845083,1137580.375,596791360.0,90389.9140625,12155740160.0,0.6774185212586559,07:46:35.134,07:46:40.600,07:46:29.668,T,10000.0,501.0,100000.0,10000.0,1.0,1.0,675-50,A,0.0,1,22.5,5.0,1.0,EmptySlot,5.0,4.0,HD173667_05_20210714_675-50_EmptySlot_0,18,/data/20210714/,3.0,152.0,165.0,102632382464.0,102632382464.0,1461254134.703652,675.0838654091856,48.5,699.3999999999999,650.8999999999999,2,26.31157,182.0,183.0,6834116.5,314528088.278549,"(0.03566189868131589, 0.0)",0.01716420331752787,-0.07883925921053914,0.0,0.0,0,0,103.0,73,73,76,3,510640128.6723633,432602905.1196289,4664.787109375,78037223.55273438,102752.25421746886,4210.154885790158,0.00012021183578931373,,
HD173667_05_20210714_675-50_EmptySlot_018_cam1_FLC2_fix_coll.fits,True,-32,3,366,366,1,True,1.115,63.68843,OFF,83.4923,DARKS_256_10ms_em1_20210715_625-50_EmptySlot_00_cam1_coll.fits,150,e-/s,-1.7333333333333e-06,1.7333333333333e-06,median,183.5,183.5,-78.58520000000001,20.54630833333334,RA---TAN,DEC--TAN,deg,deg,ACQUISITION,2021-07-14T07:46:43,2021-07-14,0.00015,20:32:46.71,-165.266217624395,VCAM1 - Ultra 897,1.0,7.92,0.0718429257239067,0.0,5.0,3.0,12.4,7.6,SCEXAO,348.72,35708928.0,MIRROR,152.63,15629312.0,ao188cmtx.oct,10.0,OPEN,1.0,1.0,TRACK,96.28947,+20:32:46.71,ADI,54.368,-39.0,18:45:39.730,0.0,ON,0.0,0.01,IN,155.66199,75.66205,+20:32:47,1.0,ADI,163.025,-39.0,18:45:39.7,SYNC,0.0,ao188ttctrl.oct,0.001,0.0,4.5,1.414213562373095,2000.0,0.01,SCI,675-50,Unknown,675-50,Nasmyth-IR,-0.12,VMPA00010605,294912.0,4.5,21:46:35.134,21:46:40.600,21:46:29.668,140.4,VAMPIRES,20.546308333333,180.0,IR,8982854.0,8982854.0,111808.4747492984,48938.265625,48938.265625,91.61077698260932,15037.875,15037.875,62.8554450337929,59409.32401775463,59409.32408101852,59409.32395449074,0.0,500,1002,83.20051002502441,18.4890022277832,1875269.375,1875269.375,24442.29135695189,HD173667,Observation,IMAG_POL,NAOJ,"""[Summit] Vievard, Skaf [Hilo] Guyon, Lozi, Deo, Ahn""",4.1,622.7,277.95,10.7,-86.66621762439505,-86.66436827207764,-0.0109863775717116,-86.65338189450593,-78.6,-0.96711796549558,0.25432821474561,-0.25432821474561,-0.96711796549558,339702.267214206,339702.267214206,339832.1237256674,332805391.632,332805391.632,1392819.213413514,15.0,128.0,128.0,256,256,o21013,3.89376e-05,6.24,-5:14:20.448,ICRS,17.58157104787457,22.5,HWP(NIR),89,489382656.0,489382656.0,916107.6588961584,Subaru,NS_IR,UTC,5.0,251.6050415039062,26944.57448077388,6584083.0,10152.9306640625,2673.8369140625,315.3401555366989,1087285.0,569284992.0,90326.2109375,11039129600.0,0.6151917325628864,07:46:35.134,07:46:40.600,07:46:29.668,T,10000.0,501.0,100000.0,10000.0,1.0,1.0,675-50,B,0.0,2,22.5,5.0,1.0,EmptySlot,5.0,4.0,HD173667_05_20210714_675-50_EmptySlot_0,18,/data/20210714/,3.0,152.0,165.0,92463284224.0,92463284224.0,1283131635.742174,675.0838654091856,48.5,699.3999999999999,650.8999999999999,2,26.31157,182.0,183.0,6584083.0,298449948.16171384,0,0.0,0.0,0.0,0.0,0,0,103.0,73,73,76,3,485683640.13427734,410586783.3852539,4489.0224609375,75096856.74902344,104454.82172231739,3930.75950554736,0.0,,
HD173667_05_20210714_675-50_EmptySlot_018_cam2_FLC1_fix_coll.fits,True,-32,3,366,366,1,True,1.115,63.68843,OFF,83.4923,DARKS_256_10ms_em1_20210715_625-50_EmptySlot_00_cam2_coll.fits,150,e-/s,-1.7333333333333e-06,1.7333333333333e-06,median,183.5,183.5,-78.58520000000001,20.54630833333334,RA---TAN,DEC--TAN,deg,deg,ACQUISITION,2021-07-14T07:46:45,2021-07-14,0.00015,20:32:46.71,-165.266217624395,VCAM2 - Ultra 897,1.0,7.92,0.0718429257239067,0.0,5.0,3.0,12.4,7.6,SCEXAO,348.72,35708928.0,MIRROR,152.63,15629312.0,ao188cmtx.oct,10.0,OPEN,1.0,1.0,TRACK,96.28947,+20:32:46.71,ADI,54.368,-39.0,18:45:39.730,0.0,ON,0.0,0.01,IN,155.66199,75.66205,+20:32:47,1.0,ADI,163.025,-39.0,18:45:39.7,SYNC,0.0,ao188ttctrl.oct,0.001,0.0,4.5,1.414213562373095,2000.0,0.01,SCI,675-50,Unknown,675-50,Nasmyth-IR,-0.12,VMPA00010607,294912.0,4.5,21:46:35.134,21:46:40.600,21:46:29.668,140.4,VAMPIRES,20.546308333333,180.0,IR,10622693.0,10622693.0,133987.8653130205,57948.14453125,57948.14453125,108.2864067810234,16809.5234375,16809.5234375,68.43205990725885,59409.32401775463,59409.32408101852,59409.32395449074,0.0,500,1002,77.31856727600098,17.18190383911133,2243022.25,2243022.25,29635.76327589809,HD173667,Observation,IMAG_POL,NAOJ,"""[Summit] Vievard, Skaf [Hilo] Guyon, Lozi, Deo, Ahn""",4.1,622.7,277.95,10.7,-86.66621762439505,-86.66436827207764,-0.0109863775717116,-86.65338189450593,-78.6,-0.96711796549558,0.25432821474561,-0.25432821474561,-0.96711796549558,348872.9718919345,348872.9718919345,349047.4800443236,397863187.992,397863187.992,1674079.552323783,15.0,128.0,128.0,256,256,o21013,3.89376e-05,6.24,-5:14:20.448,ICRS,17.58157104787457,22.5,HWP(NIR),89,579481408.0,579481408.0,1082863.94884443,Subaru,NS_IR,UTC,5.0,231.8730773925781,26133.93250051676,7634776.0,11972.18359375,2846.074462890625,290.6098059589693,1349359.875,649802240.0,83242.4375,16154784768.0,0.9002784087802036,07:46:35.134,07:46:40.600,07:46:29.668,T,10000.0,501.0,100000.0,10000.0,2.0,1.0,675-50,A,0.0,1,22.5,5.0,1.0,EmptySlot,5.0,4.0,HD173667_05_20210714_675-50_EmptySlot_0,18,/data/20210714/,3.0,152.0,165.0,130951553024.0,130951553024.0,1841869774.909554,675.0838654091856,48.5,699.3999999999999,650.8999999999999,2,26.31157,182.0,183.0,7634776.0,356928848.060138,0,0.0,0.0,0.0,0.0,0,0,104.0,73,73,76,3,570077124.8857422,489057515.9863281,4843.0634765625,81019608.89941406,115732.15026651698,4225.770581986842,0.0,,
HD173667_05_20210714_675-50_EmptySlot_018_cam2_FLC2_fix_coll.fits,True,-32,3,366,366,1,True,1.115,63.68843,OFF,83.4923,DARKS_256_10ms_em1_20210715_625-50_EmptySlot_00_cam2_coll.fits,150,e-/s,-1.7333333333333e-06,1.7333333333333e-06,median,183.5,183.5,-78.58520000000001,20.54630833333334,RA---TAN,DEC--TAN,deg,deg,ACQUISITION,2021-07-14T07:46:45,2021-07-14,0.00015,20:32:46.71,-165.266217624395,VCAM2 - Ultra 897,1.0,7.92,0.0718429257239067,0.0,5.0,3.0,12.4,7.6,SCEXAO,348.72,35708928.0,MIRROR,152.63,15629312.0,ao188cmtx.oct,10.0,OPEN,1.0,1.0,TRACK,96.28947,+20:32:46.71,ADI,54.368,-39.0,18:45:39.730,0.0,ON,0.0,0.01,IN,155.66199,75.66205,+20:32:47,1.0,ADI,163.025,-39.0,18:45:39.7,SYNC,0.0,ao188ttctrl.oct,0.001,0.0,4.5,1.414213562373095,2000.0,0.01,SCI,675-50,Unknown,675-50,Nasmyth-IR,-0.12,VMPA00010607,294912.0,4.5,21:46:35.134,21:46:40.600,21:46:29.668,140.4,VAMPIRES,20.546308333333,180.0,IR,10811691.0,10811691.0,131457.6202324008,59075.578125,59075.578125,111.2931211748116,17108.775390625,17108.775390625,71.15337538064738,59409.32401775463,59409.32408101852,59409.32395449074,0.0,500,1002,77.31856727600098,17.18190383911133,2277789.0,2277789.0,29160.70504390832,HD173667,Observation,IMAG_POL,NAOJ,"""[Summit] Vievard, Skaf [Hilo] Guyon, Lozi, Deo, Ahn""",4.1,622.7,277.95,10.7,-86.66621762439505,-86.66436827207764,-0.0109863775717116,-86.65338189450593,-78.6,-0.96711796549558,0.25432821474561,-0.25432821474561,-0.96711796549558,351072.4611572418,351072.4611572418,351247.8686048832,405572635.566,405572635.566,1693390.445188665,15.0,128.0,128.0,256,256,o21013,3.89376e-05,6.24,-5:14:20.448,ICRS,17.58157104787457,22.5,HWP(NIR),89,590755776.0,590755776.0,1112931.28162524,Subaru,NS_IR,UTC,5.0,231.9623413085938,26295.51204874925,7806057.0,12209.3857421875,2910.3212890625,290.7216816868637,1384069.75,662701056.0,83274.484375,16898641920.0,0.941732290263593,07:46:35.134,07:46:40.600,07:46:29.668,T,10000.0,501.0,100000.0,10000.0,2.0,1.0,675-50,B,0.0,2,22.5,5.0,1.0,EmptySlot,5.0,4.0,HD173667_05_20210714_675-50_EmptySlot_0,18,/data/20210714/,3.0,152.0,165.0,135564255232.0,135564255232.0,1849622446.552115,675.0838654091856,48.5,699.3999999999999,650.8999999999999,2,26.31157,182.0,183.0,7806057.0,363895874.41423774,0,0.0,0.0,0.0,0.0,0,0,104.0,73,73,76,3,581035355.623291,498464095.2158203,4935.815673828125,82571260.4074707,116397.42588180532,4282.432291260298,0.0,,
HD173667_05_20210714_675-50_EmptySlot_019_cam1_FLC1_fix_coll.fits,True,-32,3,366,366,1,True,1.115,63.76966,OFF,83.50301,DARKS_256_10ms_em1_20210715_625-50_EmptySlot_00_cam1_coll.fits,150,e-/s,-1.7333333333333e-06,1.7333333333333e-06,median,183.5,183.5,-78.58519583333339,20.54631388888889,RA---TAN,DEC--TAN,deg,deg,ACQUISITION,2021-07-14T07:47:04,2021-07-14,0.00015,20:32:46.73,-165.287043489994,VCAM1 - Ultra 897,1.0,7.92,0.0718429257239067,0.0,5.0,3.0,12.4,7.6,SCEXAO,348.72,35708928.0,MIRROR,152.63,15629312.0,ao188cmtx.oct,10.0,OPEN,1.0,1.0,TRACK,96.32799,+20:32:46.71,ADI,54.347,-39.0,18:45:39.730,0.0,ON,0.0,0.01,IN,155.60698,75.60703,+20:32:47,1.0,ADI,163.025,-39.0,18:45:39.7,SYNC,0.0,ao188ttctrl.oct,0.001,0.0,4.5,1.414213562373095,2000.0,0.01,SCI,675-50,Unknown,675-50,Nasmyth-IR,-0.12,VMPA00010609,294912.0,4.5,21:46:55.810,21:47:01.282,21:46:50.338,140.4,VAMPIRES,20.546313888889,180.0,IR,10626600.0,10626600.0,108559.0095840558,52583.87890625,52583.87890625,48.74280443073157,14593.724609375,14593.724609375,41.300677786252,59409.32425706019,59409.32432039352,59409.32419372685,0.0,500,1002,83.20051002502441,18.4890022277832,2340159.5,2340159.5,22684.23601625714,HD173667,Observation,IMAG_POL,NAOJ,"""[Summit] Vievard, Skaf [Hilo] Guyon, Lozi, Deo, Ahn""",4.0,622.7,277.95,10.6,-86.68704348999401,-86.68541971970087,-0.0110000746277734,-86.6744196450731,-78.6,-0.9672103448071,0.25397666998786,-0.25397666998786,-0.9672103448071,351626.4573868667,351626.4573868667,351647.1653052915,373638831.12,373638831.12,599303.8166889817,15.0,128.0,128.0,256,256,o21013,3.89376e-05,6.24,-5:14:20.447,ICRS,17.58157104787457,67.5,HWP(NIR),89,525838816.0,525838816.0,487428.0258772242,Subaru,NS_IR,UTC,5.0,251.8036956787109,35248.06616712175,8150452.5,10723.00390625,2511.989501953125,315.5891316224183,1501031.0,603640768.0,90397.5234375,16095561728.0,0.896978010478399,07:46:55.810,07:47:01.282,07:46:50.338,T,10000.0,501.0,100000.0,10000.0,1.0,1.0,675-50,A,0.0,1,67.5,5.0,1.0,EmptySlot,5.0,4.0,HD173667_05_20210714_675-50_EmptySlot_0,19,/data/20210714/,4.0,152.0,165.0,123129692160.0,123129692160.0,1212509107.272994,675.0838654091856,48.5,699.3999999999999,650.8999999999999,2,26.23034,182.0,183.0,8150452.5,341656532.0776617,"(0.0037579842321253526, 0.0)",0.00204085570165248,-0.07422534297808359,0.0,0.0,0,0,103.0,73,73,76,3,524158060.25561523,452204544.21484375,4301.124755859375,71953516.04077148,104665.74723417699,4320.463534293513,0.00011148718663027471,,
HD173667_05_20210714_675-50_EmptySlot_019_cam1_FLC2_fix_coll.fits,True,-32,3,366,366,1,True,1.115,63.76966,OFF,83.50301,DARKS_256_10ms_em1_20210715_625-50_EmptySlot_00_cam1_coll.fits,150,e-/s,-1.7333333333333e-06,1.7333333333333e-06,median,183.5,183.5,-78.58519583333339,20.54631388888889,RA---TAN,DEC--TAN,deg,deg,ACQUISITION,2021-07-14T07:47:04,2021-07-14,0.00015,20:32:46.73,-165.287043489994,VCAM1 - Ultra 897,1.0,7.92,0.0718429257239067,0.0,5.0,3.0,12.4,7.6,SCEXAO,348.72,35708928.0,MIRROR,152.63,15629312.0,ao188cmtx.oct,10.0,OPEN,1.0,1.0,TRACK,96.32799,+20:32:46.71,ADI,54.347,-39.0,18:45:39.730,0.0,ON,0.0,0.01,IN,155.60698,75.60703,+20:32:47,1.0,ADI,163.025,-39.0,18:45:39.7,SYNC,0.0,ao188ttctrl.oct,0.001,0.0,4.5,1.414213562373095,2000.0,0.01,SCI,675-50,Unknown,675-50,Nasmyth-IR,-0.12,VMPA00010609,294912.0,4.5,21:46:55.810,21:47:01.282,21:46:50.338,140.4,VAMPIRES,20.546313888889,180.0,IR,10203853.0,10203853.0,108695.7675015597,51500.3984375,51500.3984375,48.92700162220819,14312.7001953125,14312.7001953125,40.51734976373377,59409.32425706019,59409.32432039352,59409.32419372685,0.0,500,1002,83.20051002502441,18.4890022277832,2259973.0,2259973.0,22280.67745539041,HD173667,Observation,IMAG_POL,NAOJ,"""[Summit] Vievard, Skaf [Hilo] Guyon, Lozi, Deo, Ahn""",4.0,622.7,277.95,10.6,-86.68704348999401,-86.68541971970087,-0.0110000746277734,-86.6744196450731,-78.6,-0.9672103448071,0.25397666998786,-0.25397666998786,-0.9672103448071,349523.6749767205,349523.6749767205,349543.1664283838,366274884.852,366274884.852,576581.4806090737,15.0,128.0,128.0,256,256,o21013,3.89376e-05,6.24,-5:14:20.447,ICRS,17.58157104787457,67.5,HWP(NIR),89,515004032.0,515004032.0,489269.9645130099,Subaru,NS_IR,UTC,5.0,251.7213897705078,34417.60274705593,7985877.5,10557.7333984375,2463.582275390625,315.4859764640827,1443547.875,589638848.0,90367.9765625,15240593408.0,0.8493320944392232,07:46:55.810,07:47:01.282,07:46:50.338,T,10000.0,501.0,100000.0,10000.0,1.0,1.0,675-50,B,0.0,2,67.5,5.0,1.0,EmptySlot,5.0,4.0,HD173667_05_20210714_675-50_EmptySlot_0,19,/data/20210714/,4.0,152.0,165.0,116447068160.0,116447068160.0,1164276784.6937,675.0838654091856,48.5,699.3999999999999,650.8999999999999,2,26.23034,182.0,183.0,7985877.5,334819864.0964788,0,0.0,0.0,0.0,0.0,0,0,103.0,73,73,76,3,513263941.8171387,442614605.7102051,4223.16552734375,70649336.1069336,99507.82050332447,4448.038390062193,0.0,,
HD173667_05_20210714_675-50_EmptySlot_019_cam2_FLC1_fix_coll.fits,True,-32,3,366,366,1,True,1.115,63.76966,OFF,83.50301,DARKS_256_10ms_em1_20210715_625-50_EmptySlot_00_cam2_coll.fits,150,e-/s,-1.7333333333333e-06,1.7333333333333e-06,median,183.5,183.5,-78.58519583333339,20.54631388888889,RA---TAN,DEC--TAN,deg,deg,ACQUISITION,2021-07-14T07:47:05,2021-07-14,0.00015,20:32:46.73,-165.287043489994,VCAM2 - Ultra 897,1.0,7.92,0.0718429257239067,0.0,5.0,3.0,12.4,7.6,SCEXAO,348.72,35708928.0,MIRROR,152.63,15629312.0,ao188cmtx.oct,10.0,OPEN,1.0,1.0,TRACK,96.32799,+20:32:46.71,ADI,54.347,-39.0,18:45:39.730,0.0,ON,0.0,0.01,IN,155.60698,75.60703,+20:32:47,1.0,ADI,163.025,-39.0,18:45:39.7,SYNC,0.0,ao188ttctrl.oct,0.001,0.0,4.5,1.414213562373095,2000.0,0.01,SCI,675-50,Unknown,675-50,Nasmyth-IR,-0.12,VMPA00010611,294912.0,4.5,21:46:55.810,21:47:01.282,21:46:50.338,140.4,VAMPIRES,20.546313888889,180.0,IR,12251423.0,12251423.0,121394.6323329187,60420.3359375,60420.3359375,51.56431169023107,15855.2998046875,15855.2998046875,46.23649213416398,59409.32425706019,59409.32432039352,59409.32419372685,0.0,500,1002,77.31856727600098,17.18190383911133,2722109.5,2722109.5,25887.74159930719,HD173667,Observation,IMAG_POL,NAOJ,"""[Summit] Vievard, Skaf [Hilo] Guyon, Lozi, Deo, Ahn""",4.0,622.7,277.95,10.6,-86.68704348999401,-86.68541971970087,-0.0110000746277734,-86.6744196450731,-78.6,-0.9672103448071,0.25397666998786,-0.25397666998786,-0.9672103448071,358975.5212848208,358975.5212848208,359000.7266032718,433104303.33,433104303.33,681926.2429209676,15.0,128.0,128.0,256,256,o21013,3.89376e-05,6.24,-5:14:20.447,ICRS,17.58157104787457,67.5,HWP(NIR),89,604203392.0,604203392.0,515643.2235522716,Subaru,NS_IR,UTC,5.0,231.9963531494141,34131.29478627048,9716105.0,12331.1474609375,2619.404541015625,290.7643092078,1814157.875,671985856.0,83286.6875,22370648064.0,1.246677794329613,07:46:55.810,07:47:01.282,07:46:50.338,T,10000.0,501.0,100000.0,10000.0,2.0,1.0,675-50,A,0.0,1,67.5,5.0,1.0,EmptySlot,5.0,4.0,HD173667_05_20210714_675-50_EmptySlot_0,19,/data/20210714/,4.0,152.0,165.0,164524392448.0,164524392448.0,1578842030.351616,675.0838654091856,48.5,699.3999999999999,650.8999999999999,2,26.23034,182.0,183.0,9716105.0,395698128.27167,0,0.0,0.0,0.0,0.0,0,0,104.0,73,73,76,3,597726229.3464355,521975369.1694336,4528.116455078125,75750860.17700195,114003.45345242333,4578.592607172797,0.0,,
HD173667_05_20210714_675-50_EmptySlot_019_cam2_FLC2_fix_coll.fits,True,-32,3,366,366,1,True,1.115,63.76966,OFF,83.50301,DARKS_256_10ms_em1_20210715_625-50_EmptySlot_00_cam2_coll.fits,150,e-/s,-1.7333333333333e-06,1.7333333333333e-06,median,183.5,183.5,-78.58519583333339,20.54631388888889,RA---TAN,DEC--TAN,deg,deg,ACQUISITION,2021-07-14T07:47:05,2021-07-14,0.00015,20:32:46.73,-165.287043489994,VCAM2 - Ultra 897,1.0,7.92,0.0718429257239067,0.0,5.0,3.0,12.4,7.6,SCEXAO,348.72,35708928.0,MIRROR,152.63,15629312.0,ao188cmtx.oct,10.0,OPEN,1.0,1.0,TRACK,96.32799,+20:32:46.71,ADI,54.347,-39.0,18:45:39.730,0.0,ON,0.0,0.01,IN,155.60698,75.60703,+20:32:47,1.0,ADI,163.025,-39.0,18:45:39.7,SYNC,0.0,ao188ttctrl.oct,0.001,0.0,4.5,1.414213562373095,2000.0,0.01,SCI,675-50,Unknown,675-50,Nasmyth-IR,-0.12,VMPA00010611,294912.0,4.5,21:46:55.810,21:47:01.282,21:46:50.338,140.4,VAMPIRES,20.546313888889,180.0,IR,11883467.0,11883467.0,124630.7817133552,59772.0078125,59772.0078125,48.68887348456526,15743.7001953125,15743.7001953125,44.76403099859473,59409.32425706019,59409.32432039352,59409.32419372685,0.0,500,1002,77.31856727600098,17.18190383911133,2632739.75,2632739.75,25381.71662091402,HD173667,Observation,IMAG_POL,NAOJ,"""[Summit] Vievard, Skaf [Hilo] Guyon, Lozi, Deo, Ahn""",4.0,622.7,277.95,10.6,-86.68704348999401,-86.68541971970087,-0.0110000746277734,-86.6744196450731,-78.6,-0.9672103448071,0.25397666998786,-0.25397666998786,-0.9672103448071,357542.2284114435,357542.2284114435,357566.7165327802,427970831.832,427970831.832,668147.387119743,15.0,128.0,128.0,256,256,o21013,3.89376e-05,6.24,-5:14:20.447,ICRS,17.58157104787457,67.5,HWP(NIR),89,597720064.0,597720064.0,486888.6862810513,Subaru,NS_IR,UTC,5.0,231.9478607177734,33080.23970291996,9272874.0,12201.62890625,2595.60107421875,290.703532957672,1740187.75,665037568.0,83269.28125,21233125376.0,1.183285608657627,07:46:55.810,07:47:01.282,07:46:50.338,T,10000.0,501.0,100000.0,10000.0,2.0,1.0,675-50,B,0.0,2,67.5,5.0,1.0,EmptySlot,5.0,4.0,HD173667_05_20210714_675-50_EmptySlot_0,19,/data/20210714/,4.0,152.0,165.0,157453942784.0,157453942784.0,1539239896.92318,675.0838654091856,48.5,699.3999999999999,650.8999999999999,2,26.23034,182.0,183.0,9272874.0,390722283.1678889,0,0.0,0.0,0.010745005685999814,-0.007561673807937696,0,0,104.0,73,73,76,3,591288310.1132812,516330660.2089844,4480.701171875,74957649.90429688,112237.54558920245,4600.338126590829,0.0,,
HD173667_08_20210714_675-50_EmptySlot_00_cam1_FLC1_fix_coll.fits,True,-32,3,366,366,1,True,1.079,67.95023,OFF,83.99813,DARKS_256_10ms_em1_20210715_625-50_EmptySlot_00_cam1_coll.fits,150,e-/s,-1.7333333333333e-06,1.7333333333333e-06,median,183.5,183.5,-78.58520416666668,20.54632777777778,RA---TAN,DEC--TAN,deg,deg,ACQUISITION,2021-07-14T08:04:54,2021-07-14,0.00015,20:32:46.78,-166.4028390753248,VCAM1 - Ultra 897,1.0,7.92,0.0718429257239067,0.0,3.0,3.0,12.4,7.6,SCEXAO,348.72,35708928.0,MIRROR,152.63,15629312.0,ao188cmtx.oct,10.0,OPEN,1.0,1.0,TRACK,98.41813,+20:32:46.71,ADI,53.228,-39.0,18:45:39.730,0.0,ON,0.0,0.01,IN,152.97501,72.97497,+20:32:47,1.0,ADI,163.025,-39.0,18:45:39.7,SYNC,0.0,ao188ttctrl.oct,0.001,0.0,4.5,1.414213562373095,2000.0,0.01,SCI,675-50,Unknown,675-50,Nasmyth-IR,-0.12,VMPA00010773,294912.0,4.5,22:04:45.887,22:04:51.371,22:04:40.403,140.4,VAMPIRES,20.546327777778,180.0,IR,5932694.5,5932694.5,86231.87641889037,45048.55078125,45048.55078125,92.85533223953922,18018.224609375,18018.224609375,58.98835216964849,59409.33664221065,59409.33670568287,59409.33657873842,0.0,500,1002,83.20051002502441,18.4890022277832,1005781.625,1005781.625,15588.10503559625,HD173667,Observation,IMAG_POL,NAOJ,"""[Summit] Vievard, Skaf [Hilo] Guyon, Lozi, Deo, Ahn""",4.2,622.7,278.05,11.2,-87.80283907532478,-87.80104691062,-0.0119714791650693,-87.78907543145493,-78.6,-0.97197265096203,0.23509395096821,-0.23509395096821,-0.97197265096203,317413.1132301886,317413.1132301886,317553.9712594108,259679489.634,259679489.634,1341365.440736258,15.0,128.0,128.0,256,256,o21013,3.89376e-05,6.24,-5:14:20.449,ICRS,17.58157104787457,0.0,HWP(NIR),89,450485504.0,450485504.0,928553.3449307648,Subaru,NS_IR,UTC,5.0,251.509521484375,12843.84388633887,3960072.75,9976.029296875,3342.03564453125,315.2204389458237,509446.15625,564064640.0,90291.921875,5082249728.0,0.2832250484209894,08:04:45.887,08:04:51.371,08:04:40.403,T,10000.0,501.0,100000.0,10000.0,1.0,1.0,675-50,A,0.0,1,0.0,1.0,1.0,EmptySlot,5.0,4.0,HD173667_08_20210714_675-50_EmptySlot_0,0,/data/20210714/,1.0,152.0,165.0,45796499456.0,45796499456.0,784577312.6994145,675.0838654091856,48.5,699.3999999999999,650.8999999999999,2,22.04977,182.0,183.0,3960072.75,229863460.1104483,"(-0.004840206353802737, 0.0)",-0.002492476977371547,-0.0706787019024436,0.0,0.0,0,0,102.0,73,73,76,3,458147633.9663086,362883130.45043945,5694.572509765625,95264503.51586914,86919.07961475728,4174.953670227641,0.00011567917222690533,,
HD173667_08_20210714_675-50_EmptySlot_00_cam1_FLC2_fix_coll.fits,True,-32,3,366,366,1,True,1.079,67.95023,OFF,83.99813,DARKS_256_10ms_em1_20210715_625-50_EmptySlot_00_cam1_coll.fits,150,e-/s,-1.7333333333333e-06,1.7333333333333e-06,median,183.5,183.5,-78.58520416666668,20.54632777777778,RA---TAN,DEC--TAN,deg,deg,ACQUISITION,2021-07-14T08:04:54,2021-07-14,0.00015,20:32:46.78,-166.4028390753248,VCAM1 - Ultra 897,1.0,7.92,0.0718429257239067,0.0,3.0,3.0,12.4,7.6,SCEXAO,348.72,35708928.0,MIRROR,152.63,15629312.0,ao188cmtx.oct,10.0,OPEN,1.0,1.0,TRACK,98.41813,+20:32:46.71,ADI,53.228,-39.0,18:45:39.730,0.0,ON,0.0,0.01,IN,152.97501,72.97497,+20:32:47,1.0,ADI,163.025,-39.0,18:45:39.7,SYNC,0.0,ao188ttctrl.oct,0.001,0.0,4.5,1.414213562373095,2000.0,0.01,SCI,675-50,Unknown,675-50,Nasmyth-IR,-0.12,VMPA00010773,294912.0,4.5,22:04:45.887,22:04:51.371,22:04:40.403,140.4,VAMPIRES,20.546327777778,180.0,IR,5732041.0,5732041.0,85000.43465249163,44645.90625,44645.90625,95.1546717694297,17906.849609375,17906.849609375,57.10659942638618,59409.33664221065,59409.33670568287,59409.33657873842,0.0,500,1002,83.20051002502441,18.4890022277832,978858.6875,978858.6875,15351.46196153745,HD173667,Observation,IMAG_POL,NAOJ,"""[Summit] Vievard, Skaf [Hilo] Guyon, Lozi, Deo, Ahn""",4.2,622.7,278.05,11.2,-87.80283907532478,-87.80104691062,-0.0119714791650693,-87.78907543145493,-78.6,-0.97197265096203,0.23509395096821,-0.23509395096821,-0.97197265096203,316638.8735741939,316638.8735741939,316778.0799138395,257227257.78,257227257.78,1328952.041171424,15.0,128.0,128.0,256,256,o21013,3.89376e-05,6.24,-5:14:20.449,ICRS,17.58157104787457,0.0,HWP(NIR),89,446459008.0,446459008.0,951546.742500676,Subaru,NS_IR,UTC,5.0,251.485107421875,12517.42238816293,3832744.0,9968.3193359375,3381.011474609375,315.1898404561431,496163.25,561206400.0,90283.15625,4945913856.0,0.275627284435489,08:04:45.887,08:04:51.371,08:04:40.403,T,10000.0,501.0,100000.0,10000.0,1.0,1.0,675-50,B,0.0,2,0.0,1.0,1.0,EmptySlot,5.0,4.0,HD173667_08_20210714_675-50_EmptySlot_0,0,/data/20210714/,1.0,152.0,165.0,44174864384.0,44174864384.0,765423507.8817772,675.0838654091856,48.5,699.3999999999999,650.8999999999999,2,22.04977,182.0,183.0,3832744.0,228041975.1938571,0,0.0,0.0,0.0,0.0,0,0,101.0,73,73,76,3,455012715.1442871,359722268.6088867,5696.123291015625,95290446.53540039,86480.7404570644,4159.565085910431,0.0,,
HD173667_08_20210714_675-50_EmptySlot_00_cam2_FLC1_fix_coll.fits,True,-32,3,366,366,1,True,1.079,67.95023,OFF,83.99813,DARKS_256_10ms_em1_20210715_625-50_EmptySlot_00_cam2_coll.fits,150,e-/s,-1.7333333333333e-06,1.7333333333333e-06,median,183.5,183.5,-78.58520416666668,20.54632777777778,RA---TAN,DEC--TAN,deg,deg,ACQUISITION,2021-07-14T08:04:55,2021-07-14,0.00015,20:32:46.78,-166.4028390753248,VCAM2 - Ultra 897,1.0,7.92,0.0718429257239067,0.0,3.0,3.0,12.4,7.6,SCEXAO,348.72,35708928.0,MIRROR,152.63,15629312.0,ao188cmtx.oct,10.0,OPEN,1.0,1.0,TRACK,98.41813,+20:32:46.71,ADI,53.228,-39.0,18:45:39.730,0.0,ON,0.0,0.01,IN,152.97501,72.97497,+20:32:47,1.0,ADI,163.025,-39.0,18:45:39.7,SYNC,0.0,ao188ttctrl.oct,0.001,0.0,4.5,1.414213562373095,2000.0,0.01,SCI,675-50,Unknown,675-50,Nasmyth-IR,-0.12,VMPA00010773,294912.0,4.5,22:04:45.887,22:04:51.371,22:04:40.403,140.4,VAMPIRES,20.546327777778,180.0,IR,6885664.5,6885664.5,99765.52691811936,52482.7578125,52482.7578125,109.7577569794993,20359.80078125,20359.80078125,65.72865590612174,59409.33664221065,59409.33670568287,59409.33657873842,0.0,500,1002,77.31856727600098,17.18190383911133,1167557.125,1167557.125,17862.65434544633,HD173667,Observation,IMAG_POL,NAOJ,"""[Summit] Vievard, Skaf [Hilo] Guyon, Lozi, Deo, Ahn""",4.2,622.7,278.05,11.2,-87.80283907532478,-87.80104691062,-0.0119714791650693,-87.78907543145493,-78.6,-0.97197265096203,0.23509395096821,-0.23509395096821,-0.97197265096203,320854.3474932002,320854.3474932002,321041.5256691902,304032308.868,304032308.868,1569978.717329076,15.0,128.0,128.0,256,256,o21013,3.89376e-05,6.24,-5:14:20.449,ICRS,17.58157104787457,0.0,HWP(NIR),89,524827552.0,524827552.0,1097577.633907255,Subaru,NS_IR,UTC,5.0,231.7431640625,11713.28305731632,4446394.0,11796.544921875,3948.5302734375,290.4469837457566,596247.4375,645707456.0,83195.796875,7033659904.0,0.3919737859223851,08:04:45.887,08:04:51.371,08:04:40.403,T,10000.0,501.0,100000.0,10000.0,2.0,1.0,675-50,A,0.0,1,0.0,1.0,1.0,EmptySlot,5.0,4.0,HD173667_08_20210714_675-50_EmptySlot_0,0,/data/20210714/,1.0,152.0,165.0,61955432448.0,61955432448.0,1051456572.366312,675.0838654091856,48.5,699.3999999999999,650.8999999999999,2,22.04977,182.0,183.0,4446394.0,267706129.0635642,0,0.0,0.0,0.0,0.0,0,0,103.0,73,73,76,3,528755408.67822266,419778295.7956543,6514.263427734375,108977112.88256836,92681.26718886789,4529.267979690232,0.0,,
HD173667_08_20210714_675-50_EmptySlot_00_cam2_FLC2_fix_coll.fits,True,-32,3,366,366,1,True,1.079,67.95023,OFF,83.99813,DARKS_256_10ms_em1_20210715_625-50_EmptySlot_00_cam2_coll.fits,150,e-/s,-1.7333333333333e-06,1.7333333333333e-06,median,183.5,183.5,-78.58520416666668,20.54632777777778,RA---TAN,DEC--TAN,deg,deg,ACQUISITION,2021-07-14T08:04:55,2021-07-14,0.00015,20:32:46.78,-166.4028390753248,VCAM2 - Ultra 897,1.0,7.92,0.0718429257239067,0.0,3.0,3.0,12.4,7.6,SCEXAO,348.72,35708928.0,MIRROR,152.63,15629312.0,ao188cmtx.oct,10.0,OPEN,1.0,1.0,TRACK,98.41813,+20:32:46.71,ADI,53.228,-39.0,18:45:39.730,0.0,ON,0.0,0.01,IN,152.97501,72.97497,+20:32:47,1.0,ADI,163.025,-39.0,18:45:39.7,SYNC,0.0,ao188ttctrl.oct,0.001,0.0,4.5,1.414213562373095,2000.0,0.01,SCI,675-50,Unknown,675-50,Nasmyth-IR,-0.12,VMPA00010773,294912.0,4.5,22:04:45.887,22:04:51.371,22:04:40.403,140.4,VAMPIRES,20.546327777778,180.0,IR,6539037.5,6539037.5,95549.37602518396,51374.64453125,51374.64453125,105.4012785835117,20004.076171875,20004.076171875,64.72700008422814,59409.33664221065,59409.33670568287,59409.33657873842,0.0,500,1002,77.31856727600098,17.18190383911133,1126006.25,1126006.25,17535.01867767063,HD173667,Observation,IMAG_POL,NAOJ,"""[Summit] Vievard, Skaf [Hilo] Guyon, Lozi, Deo, Ahn""",4.2,622.7,278.05,11.2,-87.80283907532478,-87.80104691062,-0.0119714791650693,-87.78907543145493,-78.6,-0.97197265096203,0.23509395096821,-0.23509395096821,-0.97197265096203,318781.0458166398,318781.0458166398,318962.4353479343,297385710.48,297385710.48,1532387.180433027,15.0,128.0,128.0,256,256,o21013,3.89376e-05,6.24,-5:14:20.449,ICRS,17.58157104787457,0.0,HWP(NIR),89,513746400.0,513746400.0,1054012.858157941,Subaru,NS_IR,UTC,5.0,231.6396484375,11719.21050554363,4257406.0,11545.6611328125,3825.138671875,290.317246149511,584122.9375,631917120.0,83158.6328125,6744085504.0,0.3758363019633366,08:04:45.887,08:04:51.371,08:04:40.403,T,10000.0,501.0,100000.0,10000.0,2.0,1.0,675-50,B,0.0,2,0.0,1.0,1.0,EmptySlot,5.0,4.0,HD173667_08_20210714_675-50_EmptySlot_0,0,/data/20210714/,1.0,152.0,165.0,58467942400.0,58467942400.0,1005960573.039069,675.0838654091856,48.5,699.3999999999999,650.8999999999999,2,22.04977,182.0,183.0,4257406.0,263012319.098088,0,0.0,0.0,0.0,0.0,0,0,103.0,73,73,76,3,518931821.6015625,412741320.65600586,6347.689697265625,106190500.94555664,93474.27313748855,4415.560632912511,0.0,,
HD173667_08_20210714_675-50_EmptySlot_01_cam1_FLC1_fix_coll.fits,True,-32,3,366,366,1,True,1.078,68.03036,OFF,84.00634,DARKS_256_10ms_em1_20210715_625-50_EmptySlot_00_cam1_coll.fits,150,e-/s,-1.7333333333333e-06,1.7333333333333e-06,median,183.5,183.5,-78.58520416666668,20.54633611111112,RA---TAN,DEC--TAN,deg,deg,ACQUISITION,2021-07-14T08:05:14,2021-07-14,0.00015,20:32:46.81,-166.4253083692543,VCAM1 - Ultra 897,1.0,7.92,0.0718429257239067,0.0,3.0,3.0,12.4,7.6,SCEXAO,348.72,35708928.0,MIRROR,152.63,15629312.0,ao188cmtx.oct,10.0,OPEN,1.0,1.0,TRACK,98.45882,+20:32:46.71,ADI,53.205,-39.0,18:45:39.730,0.0,ON,0.0,0.01,IN,152.92503,72.92803,+20:32:47,1.0,ADI,163.025,-39.0,18:45:39.7,SYNC,0.0,ao188ttctrl.oct,0.001,0.0,4.5,1.414213562373095,2000.0,0.01,SCI,675-50,Unknown,675-50,Nasmyth-IR,-0.12,VMPA00010777,294912.0,4.5,22:05:06.563,22:05:11.992,22:05:01.133,140.4,VAMPIRES,20.546336111111,180.0,IR,7674894.0,7674894.0,88573.84457580454,47927.921875,47927.921875,46.38061916217661,17134.876953125,17134.876953125,44.95767797930243,59409.33688151042,59409.33694435185,59409.33681866898,0.0,500,1002,83.20051002502441,18.4890022277832,1445765.75,1445765.75,16308.66676100567,HD173667,Observation,IMAG_POL,NAOJ,"""[Summit] Vievard, Skaf [Hilo] Guyon, Lozi, Deo, Ahn""",4.0,622.8,278.05,11.1,-87.82530836925432,-87.82297177919467,-0.0109576928109049,-87.81201408638377,-78.6,-0.97206477140552,0.23471276103429,-0.23471276103429,-0.97206477140552,329663.4663655395,329663.4663655395,329689.7290139714,298954141.614,298954141.614,613602.9028184664,15.0,128.0,128.0,256,256,o21013,3.89376e-05,6.24,-5:14:20.449,ICRS,17.58157104787457,45.0,HWP(NIR),89,479279200.0,479279200.0,463806.248484276,Subaru,NS_IR,UTC,5.0,251.6490173339844,18922.53710365319,5329778.0,10443.662109375,3243.0419921875,315.395271066236,785302.4375,583288960.0,90342.0,8201433088.0,0.457051779780292,08:05:06.562,08:05:11.992,08:05:01.133,T,10000.0,501.0,100000.0,10000.0,1.0,1.0,675-50,A,0.0,1,45.0,1.0,1.0,EmptySlot,5.0,4.0,HD173667_08_20210714_675-50_EmptySlot_0,1,/data/20210714/,2.0,152.0,165.0,69393752064.0,69393752064.0,805582870.8812898,675.0838654091856,48.5,699.3999999999999,650.8999999999999,2,21.96964,182.0,183.0,5329778.0,267426842.5364512,"(0.0461457109833748, 0.0)",0.02184077725073178,-0.07675470359187275,0.0,0.0,0,0,103.0,73,73,76,3,483585830.4321289,393046219.76953125,5412.13525390625,90539610.66259766,100698.38851705486,3903.2026783920446,0.00011718441899660202,,
HD173667_08_20210714_675-50_EmptySlot_01_cam1_FLC2_fix_coll.fits,True,-32,3,366,366,1,True,1.078,68.03036,OFF,84.00634,DARKS_256_10ms_em1_20210715_625-50_EmptySlot_00_cam1_coll.fits,150,e-/s,-1.7333333333333e-06,1.7333333333333e-06,median,183.5,183.5,-78.58520416666668,20.54633611111112,RA---TAN,DEC--TAN,deg,deg,ACQUISITION,2021-07-14T08:05:14,2021-07-14,0.00015,20:32:46.81,-166.4253083692543,VCAM1 - Ultra 897,1.0,7.92,0.0718429257239067,0.0,3.0,3.0,12.4,7.6,SCEXAO,348.72,35708928.0,MIRROR,152.63,15629312.0,ao188cmtx.oct,10.0,OPEN,1.0,1.0,TRACK,98.45882,+20:32:46.71,ADI,53.205,-39.0,18:45:39.730,0.0,ON,0.0,0.01,IN,152.92503,72.92803,+20:32:47,1.0,ADI,163.025,-39.0,18:45:39.7,SYNC,0.0,ao188ttctrl.oct,0.001,0.0,4.5,1.414213562373095,2000.0,0.01,SCI,675-50,Unknown,675-50,Nasmyth-IR,-0.12,VMPA00010777,294912.0,4.5,22:05:06.563,22:05:11.992,22:05:01.133,140.4,VAMPIRES,20.546336111111,180.0,IR,7407983.0,7407983.0,83989.68161513223,45129.609375,45129.609375,45.73704538825212,16303.724609375,16303.724609375,45.98236868603748,59409.33688151042,59409.33694435185,59409.33681866898,0.0,500,1002,83.20051002502441,18.4890022277832,1373659.5,1373659.5,15457.51726816778,HD173667,Observation,IMAG_POL,NAOJ,"""[Summit] Vievard, Skaf [Hilo] Guyon, Lozi, Deo, Ahn""",4.0,622.8,278.05,11.1,-87.82530836925432,-87.82297177919467,-0.0109576928109049,-87.81201408638377,-78.6,-0.97206477140552,0.23471276103429,-0.23471276103429,-0.97206477140552,324184.755848963,324184.755848963,324208.6969696693,281037301.092,281037301.092,571417.359301975,15.0,128.0,128.0,256,256,o21013,3.89376e-05,6.24,-5:14:20.449,ICRS,17.58157104787457,45.0,HWP(NIR),89,451296096.0,451296096.0,457370.4423527957,Subaru,NS_IR,UTC,5.0,251.4545745849609,18721.5151721288,5022240.5,9861.818359375,3111.25439453125,315.1515732199864,734240.6875,553011328.0,90272.1953125,7240948224.0,0.4035256079719107,08:05:06.562,08:05:11.992,08:05:01.133,T,10000.0,501.0,100000.0,10000.0,1.0,1.0,675-50,B,0.0,2,45.0,1.0,1.0,EmptySlot,5.0,4.0,HD173667_08_20210714_675-50_EmptySlot_0,1,/data/20210714/,2.0,152.0,165.0,62097334272.0,62097334272.0,721026397.5081462,675.0838654091856,48.5,699.3999999999999,650.8999999999999,2,21.96964,182.0,182.0,5022240.5,250371818.55626792,0,0.0,0.0,0.0,0.0,0,0,102.0,73,73,76,3,455914971.36987305,369407997.248291,5171.07861328125,86506974.12158203,92900.6289667644,3976.3777851326313,0.0,,
HD173667_08_20210714_675-50_EmptySlot_01_cam2_FLC1_fix_coll.fits,True,-32,3,366,366,1,True,1.078,68.03036,OFF,84.00634,DARKS_256_10ms_em1_20210715_625-50_EmptySlot_00_cam2_coll.fits,150,e-/s,-1.7333333333333e-06,1.7333333333333e-06,median,183.5,183.5,-78.58520416666668,20.54633611111112,RA---TAN,DEC--TAN,deg,deg,ACQUISITION,2021-07-14T08:05:16,2021-07-14,0.00015,20:32:46.81,-166.4253083692543,VCAM2 - Ultra 897,1.0,7.92,0.0718429257239067,0.0,3.0,3.0,12.4,7.6,SCEXAO,348.72,35708928.0,MIRROR,152.63,15629312.0,ao188cmtx.oct,10.0,OPEN,1.0,1.0,TRACK,98.45882,+20:32:46.71,ADI,53.205,-39.0,18:45:39.730,0.0,ON,0.0,0.01,IN,152.92503,72.92803,+20:32:47,1.0,ADI,163.025,-39.0,18:45:39.7,SYNC,0.0,ao188ttctrl.oct,0.001,0.0,4.5,1.414213562373095,2000.0,0.01,SCI,675-50,Unknown,675-50,Nasmyth-IR,-0.12,VMPA00010779,294912.0,4.5,22:05:06.563,22:05:11.992,22:05:01.133,140.4,VAMPIRES,20.546336111111,180.0,IR,8549962.0,8549962.0,99515.41153449612,53226.140625,53226.140625,46.52568516404698,18301.275390625,18301.275390625,46.48006850384193,59409.33688151042,59409.33694435185,59409.33681866898,0.0,500,1002,77.31856727600098,17.18190383911133,1621061.125,1621061.125,18108.31995379434,HD173667,Observation,IMAG_POL,NAOJ,"""[Summit] Vievard, Skaf [Hilo] Guyon, Lozi, Deo, Ahn""",4.0,622.8,278.05,11.1,-87.82530836925432,-87.82297177919467,-0.0109576928109049,-87.81201408638377,-78.6,-0.97206477140552,0.23471276103429,-0.23471276103429,-0.97206477140552,330536.5161249076,330536.5161249076,330568.8324385153,335073828.762,335073828.762,683172.023062917,15.0,128.0,128.0,256,256,o21013,3.89376e-05,6.24,-5:14:20.449,ICRS,17.58157104787457,45.0,HWP(NIR),89,532261376.0,532261376.0,465256.8305026396,Subaru,NS_IR,UTC,5.0,231.6343536376953,18576.17996181268,5882719.5,11425.4697265625,3254.05224609375,290.3106101020616,916278.5,622710976.0,83156.734375,10468912128.0,0.5834144922143982,08:05:06.562,08:05:11.992,08:05:01.133,T,10000.0,501.0,100000.0,10000.0,2.0,1.0,675-50,A,0.0,1,45.0,1.0,1.0,EmptySlot,5.0,4.0,HD173667_08_20210714_675-50_EmptySlot_0,1,/data/20210714/,2.0,152.0,165.0,86395985920.0,86395985920.0,992320171.9837736,675.0838654091856,48.5,699.3999999999999,650.8999999999999,2,21.96964,182.0,182.0,5882719.5,298470521.2471851,0,0.0,0.0,0.0,0.0,0,0,103.0,73,73,76,3,531216340.59277344,438396415.296875,5548.4443359375,92819925.29589844,94664.68353193032,4631.045062850754,0.0,,
HD173667_08_20210714_675-50_EmptySlot_01_cam2_FLC2_fix_coll.fits,True,-32,3,366,366,1,True,1.078,68.03036,OFF,84.00634,DARKS_256_10ms_em1_20210715_625-50_EmptySlot_00_cam2_coll.fits,150,e-/s,-1.7333333333333e-06,1.7333333333333e-06,median,183.5,183.5,-78.58520416666668,20.54633611111112,RA---TAN,DEC--TAN,deg,deg,ACQUISITION,2021-07-14T08:05:16,2021-07-14,0.00015,20:32:46.81,-166.4253083692543,VCAM2 - Ultra 897,1.0,7.92,0.0718429257239067,0.0,3.0,3.0,12.4,7.6,SCEXAO,348.72,35708928.0,MIRROR,152.63,15629312.0,ao188cmtx.oct,10.0,OPEN,1.0,1.0,TRACK,98.45882,+20:32:46.71,ADI,53.205,-39.0,18:45:39.730,0.0,ON,0.0,0.01,IN,152.92503,72.92803,+20:32:47,1.0,ADI,163.025,-39.0,18:45:39.7,SYNC,0.0,ao188ttctrl.oct,0.001,0.0,4.5,1.414213562373095,2000.0,0.01,SCI,675-50,Unknown,675-50,Nasmyth-IR,-0.12,VMPA00010779,294912.0,4.5,22:05:06.563,22:05:11.992,22:05:01.133,140.4,VAMPIRES,20.546336111111,180.0,IR,8922774.0,8922774.0,100474.0697781497,54844.296875,54844.296875,48.54150372125324,18740.923828125,18740.923828125,47.52164163299011,59409.33688151042,59409.33694435185,59409.33681866898,0.0,500,1002,77.31856727600098,17.18190383911133,1678996.25,1678996.25,18588.16756388342,HD173667,Observation,IMAG_POL,NAOJ,"""[Summit] Vievard, Skaf [Hilo] Guyon, Lozi, Deo, Ahn""",4.0,622.8,278.05,11.1,-87.82530836925432,-87.82297177919467,-0.0109576928109049,-87.81201408638377,-78.6,-0.97206477140552,0.23471276103429,-0.23471276103429,-0.97206477140552,333701.5073688024,333701.5073688024,333734.195333261,345594956.292,345594956.292,697259.3260998393,15.0,128.0,128.0,256,256,o21013,3.89376e-05,6.24,-5:14:20.449,ICRS,17.58157104787457,45.0,HWP(NIR),89,548442944.0,548442944.0,485415.1174838789,Subaru,NS_IR,UTC,5.0,231.7683410644531,18637.31885016023,6181234.5,11705.3828125,3338.048095703125,290.4785384382397,941271.5625,640647296.0,83204.8359375,11017944064.0,0.614011099028417,08:05:06.562,08:05:11.992,08:05:01.133,T,10000.0,501.0,100000.0,10000.0,2.0,1.0,675-50,B,0.0,2,45.0,1.0,1.0,EmptySlot,5.0,4.0,HD173667_08_20210714_675-50_EmptySlot_0,1,/data/20210714/,2.0,152.0,165.0,92233195520.0,92233195520.0,1053591336.804617,675.0838654091856,48.5,699.3999999999999,650.8999999999999,2,21.96964,182.0,182.0,6181234.5,306630840.2651112,0,0.0,0.0,0.0,0.0,0,0,103.0,73,73,76,3,545758416.7128906,450832230.2661133,5674.34912109375,94926186.44677734,99072.82527522971,4550.513513808421,0.0,,
HD173667_08_20210714_675-50_EmptySlot_02_cam1_FLC1_fix_coll.fits,True,-32,3,366,366,1,True,1.078,68.10736,OFF,84.0143,DARKS_256_10ms_em1_20210715_625-50_EmptySlot_00_cam1_coll.fits,150,e-/s,-1.7333333333333e-06,1.7333333333333e-06,median,183.5,183.5,-78.58520000000001,20.54629444444445,RA---TAN,DEC--TAN,deg,deg,ACQUISITION,2021-07-14T08:05:34,2021-07-14,0.00015,20:32:46.66,-166.4467372805104,VCAM1 - Ultra 897,1.0,7.92,0.0718429257239067,0.0,3.0,3.0,12.4,7.6,SCEXAO,348.72,35708928.0,MIRROR,152.63,15629312.0,ao188cmtx.oct,10.0,OPEN,1.0,1.0,TRACK,98.49541,+20:32:46.71,ADI,53.185,-39.0,18:45:39.730,0.0,ON,0.0,0.01,IN,152.87904,72.879,+20:32:47,1.0,ADI,163.025,-39.0,18:45:39.7,SYNC,0.0,ao188ttctrl.oct,0.001,0.0,4.5,1.414213562373095,2000.0,0.01,SCI,675-50,Unknown,675-50,Nasmyth-IR,-0.12,VMPA00010779,294912.0,4.5,22:05:26.033,22:05:31.498,22:05:20.568,140.4,VAMPIRES,20.546294444444,180.0,IR,6350326.0,6350326.0,115200.6793138847,45098.02734375,45098.02734375,128.1842673101782,18273.82421875,18273.82421875,71.67504632757584,59409.33710686342,59409.33717011574,59409.33704361111,0.0,500,1002,83.20051002502441,18.4890022277832,1096988.875,1096988.875,24433.5846672645,HD173667,Observation,IMAG_POL,NAOJ,"""[Summit] Vievard, Skaf [Hilo] Guyon, Lozi, Deo, Ahn""",4.3,622.7,278.05,11.0,-87.84673728051044,-87.84472078653063,-0.0120208311043938,-87.83269995542624,-78.6,-0.97215248717683,0.2343491874872,-0.2343491874872,-0.97215248717683,316661.817125848,316661.817125848,316934.1100382374,257711663.484,257711663.484,1878607.023203406,15.0,128.0,128.0,256,256,o21013,3.89376e-05,6.24,-5:14:20.448,ICRS,17.58157104787457,22.5,HWP(NIR),89,450980288.0,450980288.0,1281842.693890226,Subaru,NS_IR,UTC,5.0,251.5179748535156,12880.965525151,4010577.5,10018.7744140625,3386.52587890625,315.2310336728756,513090.53125,559548544.0,90294.953125,5140538368.0,0.2864733742156548,08:05:26.033,08:05:31.498,08:05:20.568,T,10000.0,501.0,100000.0,10000.0,1.0,1.0,675-50,A,0.0,1,22.5,1.0,1.0,EmptySlot,5.0,4.0,HD173667_08_20210714_675-50_EmptySlot_0,2,/data/20210714/,3.0,152.0,165.0,50744475648.0,50744475648.0,1266440851.573023,675.0838654091856,48.5,699.3999999999999,650.8999999999999,2,21.89264,182.0,182.0,4010577.5,223817634.23386928,"(0.029001624864976885, 0.0)",0.014382075341610429,-0.07875759938104088,0.0,0.0,0,0,101.0,73,73,76,3,455514666.63378906,360061700.4772949,5705.838134765625,95452966.15649414,98244.12397402962,3664.9693224652865,0.00013147442894802326,,
HD173667_08_20210714_675-50_EmptySlot_02_cam1_FLC2_fix_coll.fits,True,-32,3,366,366,1,True,1.078,68.10736,OFF,84.0143,DARKS_256_10ms_em1_20210715_625-50_EmptySlot_00_cam1_coll.fits,150,e-/s,-1.7333333333333e-06,1.7333333333333e-06,median,183.5,183.5,-78.58520000000001,20.54629444444445,RA---TAN,DEC--TAN,deg,deg,ACQUISITION,2021-07-14T08:05:34,2021-07-14,0.00015,20:32:46.66,-166.4467372805104,VCAM1 - Ultra 897,1.0,7.92,0.0718429257239067,0.0,3.0,3.0,12.4,7.6,SCEXAO,348.72,35708928.0,MIRROR,152.63,15629312.0,ao188cmtx.oct,10.0,OPEN,1.0,1.0,TRACK,98.49541,+20:32:46.71,ADI,53.185,-39.0,18:45:39.730,0.0,ON,0.0,0.01,IN,152.87904,72.879,+20:32:47,1.0,ADI,163.025,-39.0,18:45:39.7,SYNC,0.0,ao188ttctrl.oct,0.001,0.0,4.5,1.414213562373095,2000.0,0.01,SCI,675-50,Unknown,675-50,Nasmyth-IR,-0.12,VMPA00010779,294912.0,4.5,22:05:26.033,22:05:31.498,22:05:20.568,140.4,VAMPIRES,20.546294444444,180.0,IR,5979344.0,5979344.0,106137.001373887,43141.84765625,43141.84765625,124.8829225727726,17626.724609375,17626.724609375,66.60139935198828,59409.33710686342,59409.33717011574,59409.33704361111,0.0,500,1002,83.20051002502441,18.4890022277832,1033890.75,1033890.75,22759.04926061434,HD173667,Observation,IMAG_POL,NAOJ,"""[Summit] Vievard, Skaf [Hilo] Guyon, Lozi, Deo, Ahn""",4.3,622.7,278.05,11.0,-87.84673728051044,-87.84472078653063,-0.0120208311043938,-87.83269995542624,-78.6,-0.97215248717683,0.2343491874872,-0.2343491874872,-0.97215248717683,312995.0937924776,312995.0937924776,313254.3440645723,246116030.94,246116030.94,1801708.718357946,15.0,128.0,128.0,256,256,o21013,3.89376e-05,6.24,-5:14:20.448,ICRS,17.58157104787457,22.5,HWP(NIR),89,431418432.0,431418432.0,1248829.207384981,Subaru,NS_IR,UTC,5.0,251.3747406005859,12717.91813837364,3823958.25,9605.7001953125,3258.75341796875,315.051516158731,485985.625,538668480.0,90243.53125,4668232192.0,0.26015256222758,08:05:26.033,08:05:31.498,08:05:20.568,T,10000.0,501.0,100000.0,10000.0,1.0,1.0,675-50,B,0.0,2,22.5,1.0,1.0,EmptySlot,5.0,4.0,HD173667_08_20210714_675-50_EmptySlot_0,2,/data/20210714/,3.0,152.0,165.0,45741535232.0,45741535232.0,1131265695.253327,675.0838654091856,48.5,699.3999999999999,650.8999999999999,2,21.89264,182.0,183.0,3823958.25,214704803.2983513,0,0.0,0.0,0.0,0.0,0,0,101.0,73,73,76,3,437063835.2902832,344604388.08740234,5526.896240234375,92459447.20288086,99476.379248382,3464.1830622620637,0.0,,
HD173667_08_20210714_675-50_EmptySlot_02_cam2_FLC1_fix_coll.fits,True,-32,3,366,366,1,True,1.078,68.10736,OFF,84.0143,DARKS_256_10ms_em1_20210715_625-50_EmptySlot_00_cam2_coll.fits,150,e-/s,-1.7333333333333e-06,1.7333333333333e-06,median,183.5,183.5,-78.58520000000001,20.54629444444445,RA---TAN,DEC--TAN,deg,deg,ACQUISITION,2021-07-14T08:05:36,2021-07-14,0.00015,20:32:46.66,-166.4467372805104,VCAM2 - Ultra 897,1.0,7.92,0.0718429257239067,0.0,3.0,3.0,12.4,7.6,SCEXAO,348.72,35708928.0,MIRROR,152.63,15629312.0,ao188cmtx.oct,10.0,OPEN,1.0,1.0,TRACK,98.49541,+20:32:46.71,ADI,53.185,-39.0,18:45:39.730,0.0,ON,0.0,0.01,IN,152.87904,72.879,+20:32:47,1.0,ADI,163.025,-39.0,18:45:39.7,SYNC,0.0,ao188ttctrl.oct,0.001,0.0,4.5,1.414213562373095,2000.0,0.01,SCI,675-50,Unknown,675-50,Nasmyth-IR,-0.12,VMPA00010783,294912.0,4.5,22:05:26.033,22:05:31.498,22:05:20.568,140.4,VAMPIRES,20.546294444444,180.0,IR,7214772.0,7214772.0,130174.4190824929,51152.69921875,51152.69921875,145.1396894815972,19988.55078125,19988.55078125,79.993852465314,59409.33710686342,59409.33717011574,59409.33704361111,0.0,500,1002,77.31856727600098,17.18190383911133,1251687.75,1251687.75,27587.06381948793,HD173667,Observation,IMAG_POL,NAOJ,"""[Summit] Vievard, Skaf [Hilo] Guyon, Lozi, Deo, Ahn""",4.3,622.7,278.05,11.0,-87.84673728051044,-87.84472078653063,-0.0120208311043938,-87.83269995542624,-78.6,-0.97215248717683,0.2343491874872,-0.2343491874872,-0.97215248717683,317821.4374091935,317821.4374091935,318169.4507165111,294853366.98,294853366.98,2137014.295764334,15.0,128.0,128.0,256,256,o21013,3.89376e-05,6.24,-5:14:20.448,ICRS,17.58157104787457,22.5,HWP(NIR),89,511527040.0,511527040.0,1451396.930977384,Subaru,NS_IR,UTC,5.0,231.5760803222656,12499.42521176208,4661959.5,11252.072265625,3561.93115234375,290.2375753320053,607335.75,610649984.0,83135.8125,6833785856.0,0.380835148517179,08:05:26.033,08:05:31.498,08:05:20.568,T,10000.0,501.0,100000.0,10000.0,2.0,1.0,675-50,A,0.0,1,22.5,1.0,1.0,EmptySlot,5.0,4.0,HD173667_08_20210714_675-50_EmptySlot_0,2,/data/20210714/,3.0,152.0,165.0,65659547648.0,65659547648.0,1624125633.989292,675.0838654091856,48.5,699.3999999999999,650.8999999999999,2,21.89264,182.0,182.0,4661959.5,255404545.3807999,0,0.0,0.0,0.0,0.0,0,0,102.0,73,73,76,3,510247301.7817383,409303082.2175293,6034.085693359375,100944219.56420898,100615.8272059873,4067.9791001427366,0.0,,
HD173667_08_20210714_675-50_EmptySlot_02_cam2_FLC2_fix_coll.fits,True,-32,3,366,366,1,True,1.078,68.10736,OFF,84.0143,DARKS_256_10ms_em1_20210715_625-50_EmptySlot_00_cam2_coll.fits,150,e-/s,-1.7333333333333e-06,1.7333333333333e-06,median,183.5,183.5,-78.58520000000001,20.54629444444445,RA---TAN,DEC--TAN,deg,deg,ACQUISITION,2021-07-14T08:05:36,2021-07-14,0.00015,20:32:46.66,-166.4467372805104,VCAM2 - Ultra 897,1.0,7.92,0.0718429257239067,0.0,3.0,3.0,12.4,7.6,SCEXAO,348.72,35708928.0,MIRROR,152.63,15629312.0,ao188cmtx.oct,10.0,OPEN,1.0,1.0,TRACK,98.49541,+20:32:46.71,ADI,53.185,-39.0,18:45:39.730,0.0,ON,0.0,0.01,IN,152.87904,72.879,+20:32:47,1.0,ADI,163.025,-39.0,18:45:39.7,SYNC,0.0,ao188ttctrl.oct,0.001,0.0,4.5,1.414213562373095,2000.0,0.01,SCI,675-50,Unknown,675-50,Nasmyth-IR,-0.12,VMPA00010783,294912.0,4.5,22:05:26.033,22:05:31.498,22:05:20.568,140.4,VAMPIRES,20.546294444444,180.0,IR,7195598.0,7195598.0,126983.6618819996,51834.90234375,51834.90234375,146.5631301767271,20228.400390625,20228.400390625,78.92519649135045,59409.33710686342,59409.33717011574,59409.33704361111,0.0,500,1002,77.31856727600098,17.18190383911133,1254075.625,1254075.625,27251.81573779133,HD173667,Observation,IMAG_POL,NAOJ,"""[Summit] Vievard, Skaf [Hilo] Guyon, Lozi, Deo, Ahn""",4.3,622.7,278.05,11.0,-87.84673728051044,-87.84472078653063,-0.0120208311043938,-87.83269995542624,-78.6,-0.97215248717683,0.2343491874872,-0.2343491874872,-0.97215248717683,319056.8815947608,319056.8815947608,319412.0645943722,298822087.728,298822087.728,2172238.060263074,15.0,128.0,128.0,256,256,o21013,3.89376e-05,6.24,-5:14:20.448,ICRS,17.58157104787457,22.5,HWP(NIR),89,518349056.0,518349056.0,1465631.203065833,Subaru,NS_IR,UTC,5.0,231.6300659179688,12557.03614615696,4669071.5,11409.0947265625,3596.64111328125,290.3052362423114,618505.25,619171584.0,83155.1875,7056585216.0,0.3932513741852156,08:05:26.033,08:05:31.498,08:05:20.568,T,10000.0,501.0,100000.0,10000.0,2.0,1.0,675-50,B,0.0,2,22.5,1.0,1.0,EmptySlot,5.0,4.0,HD173667_08_20210714_675-50_EmptySlot_0,2,/data/20210714/,3.0,152.0,165.0,66644455424.0,66644455424.0,1629189975.196245,675.0838654091856,48.5,699.3999999999999,650.8999999999999,2,21.89264,182.0,182.0,4669071.5,259736126.3841428,0,0.0,0.0,0.0,0.0,0,0,102.0,73,73,76,3,517834736.6972656,415847711.4873047,6096.4208984375,101987025.20996094,103859.02553563923,4003.9631543106143,0.0,,
HD173667_08_20210714_675-50_EmptySlot_03_cam1_FLC1_fix_coll.fits,True,-32,3,366,366,1,True,1.077,68.18827,OFF,84.02244,DARKS_256_10ms_em1_20210715_625-50_EmptySlot_00_cam1_coll.fits,150,e-/s,-1.7333333333333e-06,1.7333333333333e-06,median,183.5,183.5,-78.58519583333339,20.54631388888889,RA---TAN,DEC--TAN,deg,deg,ACQUISITION,2021-07-14T08:05:55,2021-07-14,0.00015,20:32:46.73,-166.4695031568837,VCAM1 - Ultra 897,1.0,7.92,0.0718429257239067,0.0,3.0,3.0,12.4,7.6,SCEXAO,348.72,35708928.0,MIRROR,152.63,15629312.0,ao188cmtx.oct,10.0,OPEN,1.0,1.0,TRACK,98.53476,+20:32:46.71,ADI,53.161,-39.0,18:45:39.730,0.0,ON,0.0,0.01,IN,152.82802,72.82902,+20:32:47,1.0,ADI,163.025,-39.0,18:45:39.7,SYNC,0.0,ao188ttctrl.oct,0.001,0.0,4.5,1.414213562373095,2000.0,0.01,SCI,675-50,Unknown,675-50,Nasmyth-IR,-0.12,VMPA00010785,294912.0,4.5,22:05:46.718,22:05:52.192,22:05:41.244,140.4,VAMPIRES,20.546313888889,180.0,IR,5425122.0,5425122.0,129081.8427276669,42848.88671875,42848.88671875,230.3075772380218,18539.55078125,18539.55078125,84.98524642279368,59409.33734627315,59409.33740962963,59409.33728291667,0.0,500,1002,83.20051002502441,18.4890022277832,917462.9375,917462.9375,27877.09022142457,HD173667,Observation,IMAG_POL,NAOJ,"""[Summit] Vievard, Skaf [Hilo] Guyon, Lozi, Deo, Ahn""",4.3,622.7,278.05,10.9,-87.86950315688372,-87.86780781060851,-0.0120474177221154,-87.8557603928864,-78.6,-0.97224552662224,0.23396289441499,-0.23396289441499,-0.97224552662224,308548.1344951179,308548.1344951179,309331.8194371226,233907035.814,233907035.814,3053463.575475333,15.0,128.0,128.0,256,256,o21013,3.89376e-05,6.24,-5:14:20.447,ICRS,17.58157104787457,67.5,HWP(NIR),89,428488864.0,428488864.0,2303075.600482492,Subaru,NS_IR,UTC,5.0,251.4272766113281,9566.507665273966,3245297.25,9715.4658203125,3584.829833984375,315.1173602837123,369661.875,544843328.0,90262.390625,3591437312.0,0.2001446329935537,08:05:46.718,08:05:52.192,08:05:41.244,T,10000.0,501.0,100000.0,10000.0,1.0,1.0,675-50,A,0.0,1,67.5,1.0,1.0,EmptySlot,5.0,4.0,HD173667_08_20210714_675-50_EmptySlot_0,3,/data/20210714/,4.0,152.0,165.0,42178465792.0,42178465792.0,1450159551.064142,675.0838654091856,48.5,699.3999999999999,650.8999999999999,2,21.81173,182.0,183.0,3245297.25,198109748.27025184,"(0.012665131626024811, 0.0)",0.005399575271723579,-0.07428926437378783,0.0,0.0,0,0,100.0,73,73,76,3,432963351.4091797,331454409.65234375,6067.8427734375,101508941.75683594,92502.29722085591,3583.2019269853636,0.00013612409890793525,,
HD173667_08_20210714_675-50_EmptySlot_03_cam1_FLC2_fix_coll.fits,True,-32,3,366,366,1,True,1.077,68.18827,OFF,84.02244,DARKS_256_10ms_em1_20210715_625-50_EmptySlot_00_cam1_coll.fits,150,e-/s,-1.7333333333333e-06,1.7333333333333e-06,median,183.5,183.5,-78.58519583333339,20.54631388888889,RA---TAN,DEC--TAN,deg,deg,ACQUISITION,2021-07-14T08:05:55,2021-07-14,0.00015,20:32:46.73,-166.4695031568837,VCAM1 - Ultra 897,1.0,7.92,0.0718429257239067,0.0,3.0,3.0,12.4,7.6,SCEXAO,348.72,35708928.0,MIRROR,152.63,15629312.0,ao188cmtx.oct,10.0,OPEN,1.0,1.0,TRACK,98.53476,+20:32:46.71,ADI,53.161,-39.0,18:45:39.730,0.0,ON,0.0,0.01,IN,152.82802,72.82902,+20:32:47,1.0,ADI,163.025,-39.0,18:45:39.7,SYNC,0.0,ao188ttctrl.oct,0.001,0.0,4.5,1.414213562373095,2000.0,0.01,SCI,675-50,Unknown,675-50,Nasmyth-IR,-0.12,VMPA00010785,294912.0,4.5,22:05:46.718,22:05:52.192,22:05:41.244,140.4,VAMPIRES,20.546313888889,180.0,IR,5327351.0,5327351.0,129764.7826093549,41674.0078125,41674.0078125,222.136910603793,18107.32421875,18107.32421875,85.30837353116334,59409.33734627315,59409.33740962963,59409.33728291667,0.0,500,1002,83.20051002502441,18.4890022277832,905855.5,905855.5,27922.28674541978,HD173667,Observation,IMAG_POL,NAOJ,"""[Summit] Vievard, Skaf [Hilo] Guyon, Lozi, Deo, Ahn""",4.3,622.7,278.05,10.9,-87.86950315688372,-87.86780781060851,-0.0120474177221154,-87.8557603928864,-78.6,-0.97224552662224,0.23396289441499,-0.23396289441499,-0.97224552662224,306493.0748192331,306493.0748192331,307245.9335916759,227479093.11,227479093.11,2963718.659753512,15.0,128.0,128.0,256,256,o21013,3.89376e-05,6.24,-5:14:20.447,ICRS,17.58157104787457,67.5,HWP(NIR),89,416740064.0,416740064.0,2221368.961042897,Subaru,NS_IR,UTC,5.0,251.3337707519531,9456.423850552528,3079568.0,9448.833984375,3496.834228515625,315.0001680682358,355512.03125,529852800.0,90228.828125,3359174144.0,0.1872010055600589,08:05:46.718,08:05:52.192,08:05:41.244,T,10000.0,501.0,100000.0,10000.0,1.0,1.0,675-50,B,0.0,2,67.5,1.0,1.0,EmptySlot,5.0,4.0,HD173667_08_20210714_675-50_EmptySlot_0,3,/data/20210714/,4.0,152.0,165.0,40520241152.0,40520241152.0,1408030009.678136,675.0838654091856,48.5,699.3999999999999,650.8999999999999,2,21.81173,182.0,183.0,3079568.0,191741410.251918,0,0.0,0.0,0.0,0.0,0,0,101.0,73,73,76,3,420708320.71484375,321687123.38916016,5919.13427734375,99021197.3256836,92749.07010844193,3468.359553503281,0.0,,
HD173667_08_20210714_675-50_EmptySlot_03_cam2_FLC1_fix_coll.fits,True,-32,3,366,366,1,True,1.077,68.18827,OFF,84.02244,DARKS_256_10ms_em1_20210715_625-50_EmptySlot_00_cam2_coll.fits,150,e-/s,-1.7333333333333e-06,1.7333333333333e-06,median,183.5,183.5,-78.58519583333339,20.54631388888889,RA---TAN,DEC--TAN,deg,deg,ACQUISITION,2021-07-14T08:05:57,2021-07-14,0.00015,20:32:46.73,-166.4695031568837,VCAM2 - Ultra 897,1.0,7.92,0.0718429257239067,0.0,3.0,3.0,12.4,7.6,SCEXAO,348.72,35708928.0,MIRROR,152.63,15629312.0,ao188cmtx.oct,10.0,OPEN,1.0,1.0,TRACK,98.53476,+20:32:46.71,ADI,53.161,-39.0,18:45:39.730,0.0,ON,0.0,0.01,IN,152.82802,72.82902,+20:32:47,1.0,ADI,163.025,-39.0,18:45:39.7,SYNC,0.0,ao188ttctrl.oct,0.001,0.0,4.5,1.414213562373095,2000.0,0.01,SCI,675-50,Unknown,675-50,Nasmyth-IR,-0.12,VMPA00010787,294912.0,4.5,22:05:46.718,22:05:52.192,22:05:41.244,140.4,VAMPIRES,20.546313888889,180.0,IR,6218345.5,6218345.5,146065.8411490671,49073.8359375,49073.8359375,259.5239016777854,20468.0234375,20468.0234375,100.4770267160107,59409.33734627315,59409.33740962963,59409.33728291667,0.0,500,1002,77.31856727600098,17.18190383911133,1063156.25,1063156.25,32155.63579618713,HD173667,Observation,IMAG_POL,NAOJ,"""[Summit] Vievard, Skaf [Hilo] Guyon, Lozi, Deo, Ahn""",4.3,622.7,278.05,10.9,-87.86950315688372,-87.86780781060851,-0.0120474177221154,-87.8557603928864,-78.6,-0.97224552662224,0.23396289441499,-0.23396289441499,-0.97224552662224,309352.4569191558,309352.4569191558,310380.1419222791,270373517.55,270373517.55,3509717.429911313,15.0,128.0,128.0,256,256,o21013,3.89376e-05,6.24,-5:14:20.447,ICRS,17.58157104787457,67.5,HWP(NIR),89,490738368.0,490738368.0,2595238.990224547,Subaru,NS_IR,UTC,5.0,231.5129089355469,9342.065218622272,3690220.5,11033.0908203125,3888.560791015625,290.1584017399568,445209.96875,601325504.0,83113.1328125,4912041984.0,0.2737396631849125,08:05:46.718,08:05:52.192,08:05:41.244,T,10000.0,501.0,100000.0,10000.0,2.0,1.0,675-50,A,0.0,1,67.5,1.0,1.0,EmptySlot,5.0,4.0,HD173667_08_20210714_675-50_EmptySlot_0,3,/data/20210714/,4.0,152.0,165.0,55897092096.0,55897092096.0,1908733659.864954,675.0838654091856,48.5,699.3999999999999,650.8999999999999,2,21.81173,182.0,183.0,3690220.5,228666288.53646803,0,0.0,0.0,0.0,0.0,0,0,102.0,73,73,76,3,489761532.8774414,380060000.38305664,6557.566650390625,109701532.49438477,98644.69853478043,3852.8172930555816,0.0,,
HD173667_08_20210714_675-50_EmptySlot_03_cam2_FLC2_fix_coll.fits,True,-32,3,366,366,1,True,1.077,68.18827,OFF,84.02244,DARKS_256_10ms_em1_20210715_625-50_EmptySlot_00_cam2_coll.fits,150,e-/s,-1.7333333333333e-06,1.7333333333333e-06,median,183.5,183.5,-78.58519583333339,20.54631388888889,RA---TAN,DEC--TAN,deg,deg,ACQUISITION,2021-07-14T08:05:57,2021-07-14,0.00015,20:32:46.73,-166.4695031568837,VCAM2 - Ultra 897,1.0,7.92,0.0718429257239067,0.0,3.0,3.0,12.4,7.6,SCEXAO,348.72,35708928.0,MIRROR,152.63,15629312.0,ao188cmtx.oct,10.0,OPEN,1.0,1.0,TRACK,98.53476,+20:32:46.71,ADI,53.161,-39.0,18:45:39.730,0.0,ON,0.0,0.01,IN,152.82802,72.82902,+20:32:47,1.0,ADI,163.025,-39.0,18:45:39.7,SYNC,0.0,ao188ttctrl.oct,0.001,0.0,4.5,1.414213562373095,2000.0,0.01,SCI,675-50,Unknown,675-50,Nasmyth-IR,-0.12,VMPA00010787,294912.0,4.5,22:05:46.718,22:05:52.192,22:05:41.244,140.4,VAMPIRES,20.546313888889,180.0,IR,6217807.0,6217807.0,150915.2017718709,48828.18359375,48828.18359375,259.0775397097378,20389.94921875,20389.94921875,100.3530494118872,59409.33734627315,59409.33740962963,59409.33728291667,0.0,500,1002,77.31856727600098,17.18190383911133,1065681.375,1065681.375,32673.68243504434,HD173667,Observation,IMAG_POL,NAOJ,"""[Summit] Vievard, Skaf [Hilo] Guyon, Lozi, Deo, Ahn""",4.3,622.7,278.05,10.9,-87.86950315688372,-87.86780781060851,-0.0120474177221154,-87.8557603928864,-78.6,-0.97224552662224,0.23396289441499,-0.23396289441499,-0.97224552662224,308897.5572896852,308897.5572896852,309916.1451422492,268933128.75,268933128.75,3487523.155408612,15.0,128.0,128.0,256,256,o21013,3.89376e-05,6.24,-5:14:20.447,ICRS,17.58157104787457,67.5,HWP(NIR),89,488281856.0,488281856.0,2590775.619656019,Subaru,NS_IR,UTC,5.0,231.4834899902344,9428.027030825617,3760760.75,10897.46875,3795.8701171875,290.1215305598918,443840.0,596396672.0,83102.578125,4836732416.0,0.2695427903067752,08:05:46.718,08:05:52.192,08:05:41.244,T,10000.0,501.0,100000.0,10000.0,2.0,1.0,675-50,B,0.0,2,67.5,1.0,1.0,EmptySlot,5.0,4.0,HD173667_08_20210714_675-50_EmptySlot_0,3,/data/20210714/,4.0,152.0,165.0,55816118272.0,55816118272.0,1927685326.999593,675.0838654091856,48.5,699.3999999999999,650.8999999999999,2,21.81173,182.0,183.0,3760760.75,227028499.55942565,0,0.0,0.0,0.012166627114051663,-0.004491250034943425,0,0,102.0,73,73,76,3,486725165.72509766,377912128.5546875,6504.45556640625,108813037.17041016,100044.21239000763,3777.4511840970144,0.0,,
HD173667_08_20210714_675-50_EmptySlot_04_cam1_FLC1_fix_coll.fits,True,-32,3,366,366,1,True,1.076,68.27429,OFF,84.03114,DARKS_256_10ms_em1_20210715_625-50_EmptySlot_00_cam1_coll.fits,150,e-/s,-1.7333333333333e-06,1.7333333333333e-06,median,183.5,183.5,-78.58521250000005,20.54629722222223,RA---TAN,DEC--TAN,deg,deg,ACQUISITION,2021-07-14T08:06:17,2021-07-14,0.00015,20:32:46.67,-166.4936660259127,VCAM1 - Ultra 897,1.0,7.92,0.0718429257239067,0.0,3.0,3.0,12.4,7.6,SCEXAO,348.72,35708928.0,MIRROR,152.63,15629312.0,ao188cmtx.oct,10.0,OPEN,1.0,1.0,TRACK,98.58074,+20:32:46.71,ADI,53.137,-39.0,18:45:39.730,0.0,ON,0.0,0.01,IN,152.777,72.77695,+20:32:47,1.0,ADI,163.025,-39.0,18:45:39.7,SYNC,0.0,ao188ttctrl.oct,0.001,0.0,4.5,1.414213562373095,2000.0,0.01,SCI,675-50,Unknown,675-50,Nasmyth-IR,-0.12,VMPA00010789,294912.0,4.5,22:06:08.738,22:06:14.202,22:06:03.274,140.4,VAMPIRES,20.546297222222,180.0,IR,5542861.5,5542861.5,126032.1478755341,42613.11328125,42613.11328125,214.1607207411229,18089.55078125,18089.55078125,71.48738257563606,59409.33760113426,59409.337664375,59409.33753789352,0.0,500,1002,83.20051002502441,18.4890022277832,976195.0,976195.0,26269.48591951092,HD173667,Observation,IMAG_POL,NAOJ,"""[Summit] Vievard, Skaf [Hilo] Guyon, Lozi, Deo, Ahn""",4.2,622.8,278.05,10.9,-87.89366602591267,-87.89200192435244,-0.0120754831950193,-87.87992644115742,-78.6,-0.97234410737396,0.23355285666233,-0.23355285666233,-0.97234410737396,310122.3299813459,310122.3299813459,310723.5531757357,238212588.636,238212588.636,2635146.481267107,15.0,128.0,128.0,256,256,o21013,3.89376e-05,6.24,-5:14:20.451,ICRS,17.58157104787457,0.0,HWP(NIR),89,426131136.0,426131136.0,2141607.34297285,Subaru,NS_IR,UTC,5.0,251.4150238037109,10749.74560839334,3397356.25,9454.279296875,3526.20068359375,315.1020036667039,404236.375,549823040.0,90257.9921875,3821763584.0,0.2129803205396471,08:06:08.738,08:06:14.202,08:06:03.274,T,10000.0,501.0,100000.0,10000.0,1.0,1.0,675-50,A,0.0,1,0.0,2.0,1.0,EmptySlot,5.0,4.0,HD173667_08_20210714_675-50_EmptySlot_0,4,/data/20210714/,1.0,152.0,165.0,43978981376.0,43978981376.0,1306636575.542245,675.0838654091856,48.5,699.3999999999999,650.8999999999999,2,21.72571,183.0,183.0,3397356.25,204667757.3669845,"(-0.003249921593572097, 0.0)",-0.003077303698214123,-0.07262790907314025,0.0,0.0,0,0,103.0,73,73,76,3,432878190.94433594,331639008.3967285,6051.717529296875,101239182.54760742,97042.05435247299,3417.4772021227013,0.00014013662374941295,,
HD173667_08_20210714_675-50_EmptySlot_04_cam1_FLC2_fix_coll.fits,True,-32,3,366,366,1,True,1.076,68.27429,OFF,84.03114,DARKS_256_10ms_em1_20210715_625-50_EmptySlot_00_cam1_coll.fits,150,e-/s,-1.7333333333333e-06,1.7333333333333e-06,median,183.5,183.5,-78.58521250000005,20.54629722222223,RA---TAN,DEC--TAN,deg,deg,ACQUISITION,2021-07-14T08:06:17,2021-07-14,0.00015,20:32:46.67,-166.4936660259127,VCAM1 - Ultra 897,1.0,7.92,0.0718429257239067,0.0,3.0,3.0,12.4,7.6,SCEXAO,348.72,35708928.0,MIRROR,152.63,15629312.0,ao188cmtx.oct,10.0,OPEN,1.0,1.0,TRACK,98.58074,+20:32:46.71,ADI,53.137,-39.0,18:45:39.730,0.0,ON,0.0,0.01,IN,152.777,72.77695,+20:32:47,1.0,ADI,163.025,-39.0,18:45:39.7,SYNC,0.0,ao188ttctrl.oct,0.001,0.0,4.5,1.414213562373095,2000.0,0.01,SCI,675-50,Unknown,675-50,Nasmyth-IR,-0.12,VMPA00010789,294912.0,4.5,22:06:08.738,22:06:14.202,22:06:03.274,140.4,VAMPIRES,20.546297222222,180.0,IR,5444509.5,5444509.5,124054.6923399721,42107.48828125,42107.48828125,211.6774187632203,17858.923828125,17858.923828125,71.91806586391955,59409.33760113426,59409.337664375,59409.33753789352,0.0,500,1002,83.20051002502441,18.4890022277832,957704.3125,957704.3125,25397.30480980216,HD173667,Observation,IMAG_POL,NAOJ,"""[Summit] Vievard, Skaf [Hilo] Guyon, Lozi, Deo, Ahn""",4.2,622.8,278.05,10.9,-87.89366602591267,-87.89200192435244,-0.0120754831950193,-87.87992644115742,-78.6,-0.97234410737396,0.23355285666233,-0.23355285666233,-0.97234410737396,309312.5186475923,309312.5186475923,309907.5515075331,235688242.212,235688242.212,2611874.337148505,15.0,128.0,128.0,256,256,o21013,3.89376e-05,6.24,-5:14:20.451,ICRS,17.58157104787457,0.0,HWP(NIR),89,421074880.0,421074880.0,2116774.108671052,Subaru,NS_IR,UTC,5.0,251.3625946044922,10558.19776310009,3199158.75,9379.6953125,3444.2265625,315.0362934101149,393983.34375,539304320.0,90239.171875,3695443712.0,0.2059407310313581,08:06:08.738,08:06:14.202,08:06:03.274,T,10000.0,501.0,100000.0,10000.0,1.0,1.0,675-50,B,0.0,2,0.0,2.0,1.0,EmptySlot,5.0,4.0,HD173667_08_20210714_675-50_EmptySlot_0,4,/data/20210714/,1.0,152.0,165.0,42635247616.0,42635247616.0,1249999648.367248,675.0838654091856,48.5,699.3999999999999,650.8999999999999,2,21.72571,183.0,183.0,3199158.75,202065653.3723506,0,0.0,0.0,0.0,0.0,0,0,104.0,73,73,76,3,426981596.03564453,328453544.79785156,5889.65576171875,98528051.23779297,97889.39551498332,3355.3536935221673,0.0,,
HD173667_08_20210714_675-50_EmptySlot_04_cam2_FLC1_fix_coll.fits,True,-32,3,366,366,1,True,1.076,68.27429,OFF,84.03114,DARKS_256_10ms_em1_20210715_625-50_EmptySlot_00_cam2_coll.fits,150,e-/s,-1.7333333333333e-06,1.7333333333333e-06,median,183.5,183.5,-78.58521250000005,20.54629722222223,RA---TAN,DEC--TAN,deg,deg,ACQUISITION,2021-07-14T08:06:19,2021-07-14,0.00015,20:32:46.67,-166.4936660259127,VCAM2 - Ultra 897,1.0,7.92,0.0718429257239067,0.0,3.0,3.0,12.4,7.6,SCEXAO,348.72,35708928.0,MIRROR,152.63,15629312.0,ao188cmtx.oct,10.0,OPEN,1.0,1.0,TRACK,98.58074,+20:32:46.71,ADI,53.137,-39.0,18:45:39.730,0.0,ON,0.0,0.01,IN,152.777,72.77695,+20:32:47,1.0,ADI,163.025,-39.0,18:45:39.7,SYNC,0.0,ao188ttctrl.oct,0.001,0.0,4.5,1.414213562373095,2000.0,0.01,SCI,675-50,Unknown,675-50,Nasmyth-IR,-0.12,VMPA00010791,294912.0,4.5,22:06:08.738,22:06:14.202,22:06:03.274,140.4,VAMPIRES,20.546297222222,180.0,IR,6399227.0,6399227.0,144280.8663450082,49311.48046875,49311.48046875,251.6250788936728,20066.623046875,20066.623046875,78.13422019921191,59409.33760113426,59409.337664375,59409.33753789352,0.0,500,1002,77.31856727600098,17.18190383911133,1141141.75,1141141.75,30414.10499784611,HD173667,Observation,IMAG_POL,NAOJ,"""[Summit] Vievard, Skaf [Hilo] Guyon, Lozi, Deo, Ahn""",4.2,622.8,278.05,10.9,-87.89366602591267,-87.89200192435244,-0.0120754831950193,-87.87992644115742,-78.6,-0.97234410737396,0.23355285666233,-0.23355285666233,-0.97234410737396,312322.1600822072,312322.1600822072,313126.7987171484,278940223.458,278940223.458,3070095.714859802,15.0,128.0,128.0,256,256,o21013,3.89376e-05,6.24,-5:14:20.451,ICRS,17.58157104787457,0.0,HWP(NIR),89,493114816.0,493114816.0,2516250.693903839,Subaru,NS_IR,UTC,5.0,231.5166320800781,10628.2071166439,3758359.75,10753.0439453125,3699.60205078125,290.1630680096332,493638.75,605944768.0,83114.4765625,5308119040.0,0.2958123572412489,08:06:08.738,08:06:14.202,08:06:03.274,T,10000.0,501.0,100000.0,10000.0,2.0,1.0,675-50,A,0.0,1,0.0,2.0,1.0,EmptySlot,5.0,4.0,HD173667_08_20210714_675-50_EmptySlot_0,4,/data/20210714/,1.0,152.0,165.0,59534635008.0,59534635008.0,1756350972.295237,675.0838654091856,48.5,699.3999999999999,650.8999999999999,2,21.72571,182.0,183.0,3758359.75,238375417.80255377,0,0.0,0.0,0.0,0.0,0,0,103.0,73,73,76,3,493433461.32910156,385525088.9433594,6450.3779296875,107908372.38574219,100218.56731312344,3846.842948161718,0.0,,
HD173667_08_20210714_675-50_EmptySlot_04_cam2_FLC2_fix_coll.fits,True,-32,3,366,366,1,True,1.076,68.27429,OFF,84.03114,DARKS_256_10ms_em1_20210715_625-50_EmptySlot_00_cam2_coll.fits,150,e-/s,-1.7333333333333e-06,1.7333333333333e-06,median,183.5,183.5,-78.58521250000005,20.54629722222223,RA---TAN,DEC--TAN,deg,deg,ACQUISITION,2021-07-14T08:06:19,2021-07-14,0.00015,20:32:46.67,-166.4936660259127,VCAM2 - Ultra 897,1.0,7.92,0.0718429257239067,0.0,3.0,3.0,12.4,7.6,SCEXAO,348.72,35708928.0,MIRROR,152.63,15629312.0,ao188cmtx.oct,10.0,OPEN,1.0,1.0,TRACK,98.58074,+20:32:46.71,ADI,53.137,-39.0,18:45:39.730,0.0,ON,0.0,0.01,IN,152.777,72.77695,+20:32:47,1.0,ADI,163.025,-39.0,18:45:39.7,SYNC,0.0,ao188ttctrl.oct,0.001,0.0,4.5,1.414213562373095,2000.0,0.01,SCI,675-50,Unknown,675-50,Nasmyth-IR,-0.12,VMPA00010791,294912.0,4.5,22:06:08.738,22:06:14.202,22:06:03.274,140.4,VAMPIRES,20.546297222222,180.0,IR,6265183.0,6265183.0,142052.389818292,48374.3125,48374.3125,248.6574192613861,19747.349609375,19747.349609375,76.27344697068966,59409.33760113426,59409.337664375,59409.33753789352,0.0,500,1002,77.31856727600098,17.18190383911133,1109379.875,1109379.875,29042.95929438313,HD173667,Observation,IMAG_POL,NAOJ,"""[Summit] Vievard, Skaf [Hilo] Guyon, Lozi, Deo, Ahn""",4.2,622.8,278.05,10.9,-87.89366602591267,-87.89200192435244,-0.0120754831950193,-87.87992644115742,-78.6,-0.97234410737396,0.23355285666233,-0.23355285666233,-0.97234410737396,310572.5870660981,310572.5870660981,311358.9425217243,273423559.068,273423559.068,3009405.442431864,15.0,128.0,128.0,256,256,o21013,3.89376e-05,6.24,-5:14:20.451,ICRS,17.58157104787457,0.0,HWP(NIR),89,483743168.0,483743168.0,2486573.957477338,Subaru,NS_IR,UTC,5.0,231.4462890625,10297.75747430173,3590802.75,10671.64453125,3709.2998046875,290.074906111241,474814.3125,596534272.0,83089.21875,5067049472.0,0.2823779642610173,08:06:08.738,08:06:14.202,08:06:03.274,T,10000.0,501.0,100000.0,10000.0,2.0,1.0,675-50,B,0.0,2,0.0,2.0,1.0,EmptySlot,5.0,4.0,HD173667_08_20210714_675-50_EmptySlot_0,4,/data/20210714/,1.0,152.0,165.0,56774033408.0,56774033408.0,1648925830.29728,675.0838654091856,48.5,699.3999999999999,650.8999999999999,2,21.72571,183.0,183.0,3590802.75,233811544.3961544,0,0.0,0.0,0.0,0.0,0,0,105.0,73,73,76,3,484370387.5390625,377958848.14624023,6360.902587890625,106411539.39282227,103688.79120792537,3645.127344462197,0.0,,
HD173667_08_20210714_675-50_EmptySlot_05_cam1_FLC1_fix_coll.fits,True,-32,3,366,366,1,True,1.076,68.3548,OFF,84.03908,DARKS_256_10ms_em1_20210715_625-50_EmptySlot_00_cam1_coll.fits,150,e-/s,-1.7333333333333e-06,1.7333333333333e-06,median,183.5,183.5,-78.58520000000001,20.54633333333334,RA---TAN,DEC--TAN,deg,deg,ACQUISITION,2021-07-14T08:06:37,2021-07-14,0.00015,20:32:46.8,-166.5165073136975,VCAM1 - Ultra 897,1.0,7.92,0.0718429257239067,0.0,3.0,3.0,12.4,7.6,SCEXAO,348.72,35708928.0,MIRROR,152.63,15629312.0,ao188cmtx.oct,10.0,OPEN,1.0,1.0,TRACK,98.61736,+20:32:46.71,ADI,53.115,-39.0,18:45:39.730,0.0,ON,0.0,0.01,IN,152.72797,72.72802,+20:32:47,1.0,ADI,163.025,-39.0,18:45:39.7,SYNC,0.0,ao188ttctrl.oct,0.001,0.0,4.5,1.414213562373095,2000.0,0.01,SCI,675-50,Unknown,675-50,Nasmyth-IR,-0.12,VMPA00010793,294912.0,4.5,22:06:29.542,22:06:34.979,22:06:24.104,140.4,VAMPIRES,20.546333333333,180.0,IR,9516024.0,9516024.0,120398.0503763667,50764.53125,50764.53125,131.3761342467517,16242.75,16242.75,69.64664988799615,59409.33784191551,59409.33790484953,59409.33777898148,0.0,500,1002,83.20051002502441,18.4890022277832,1934076.75,1934076.75,28711.41749535923,HD173667,Observation,IMAG_POL,NAOJ,"""[Summit] Vievard, Skaf [Hilo] Guyon, Lozi, Deo, Ahn""",4.6,622.8,278.05,10.8,-87.91650731369751,-87.91418635965671,-0.011054016762543,-87.90313234289417,-78.6,-0.97243713727819,0.23316520761511,-0.23316520761511,-0.97243713727819,340466.5131267341,340466.5131267341,340700.0319006243,335884112.964,335884112.964,1891389.337244484,15.0,128.0,128.0,256,256,o21013,3.89376e-05,6.24,-5:14:20.448,ICRS,17.58157104787457,45.0,HWP(NIR),89,507645344.0,507645344.0,1313761.401513687,Subaru,NS_IR,UTC,5.0,251.7633056640625,26743.38783098757,7234954.0,10631.4443359375,2857.849853515625,315.5385102460531,1129318.0,596136960.0,90383.03125,12006281216.0,0.6690894310098758,08:06:29.542,08:06:34.979,08:06:24.104,T,10000.0,501.0,100000.0,10000.0,1.0,1.0,675-50,A,0.0,1,45.0,2.0,1.0,EmptySlot,5.0,4.0,HD173667_08_20210714_675-50_EmptySlot_0,5,/data/20210714/,2.0,152.0,165.0,99610255360.0,99610255360.0,1629577581.30157,675.0838654091856,48.5,699.3999999999999,650.8999999999999,2,21.6452,182.0,183.0,7234954.0,303157622.5104965,"(0.045688422048732934, 0.0)",0.02171511314282313,-0.07492775092536283,0.0,0.0,0,0,102.0,73,73,76,3,507776028.2133789,426793303.98168945,4840.858642578125,80982724.23168945,103877.47071433057,4108.622409140065,0.00011680989080500796,,
HD173667_08_20210714_675-50_EmptySlot_05_cam1_FLC2_fix_coll.fits,True,-32,3,366,366,1,True,1.076,68.3548,OFF,84.03908,DARKS_256_10ms_em1_20210715_625-50_EmptySlot_00_cam1_coll.fits,150,e-/s,-1.7333333333333e-06,1.7333333333333e-06,median,183.5,183.5,-78.58520000000001,20.54633333333334,RA---TAN,DEC--TAN,deg,deg,ACQUISITION,2021-07-14T08:06:37,2021-07-14,0.00015,20:32:46.8,-166.5165073136975,VCAM1 - Ultra 897,1.0,7.92,0.0718429257239067,0.0,3.0,3.0,12.4,7.6,SCEXAO,348.72,35708928.0,MIRROR,152.63,15629312.0,ao188cmtx.oct,10.0,OPEN,1.0,1.0,TRACK,98.61736,+20:32:46.71,ADI,53.115,-39.0,18:45:39.730,0.0,ON,0.0,0.01,IN,152.72797,72.72802,+20:32:47,1.0,ADI,163.025,-39.0,18:45:39.7,SYNC,0.0,ao188ttctrl.oct,0.001,0.0,4.5,1.414213562373095,2000.0,0.01,SCI,675-50,Unknown,675-50,Nasmyth-IR,-0.12,VMPA00010793,294912.0,4.5,22:06:29.542,22:06:34.979,22:06:24.104,140.4,VAMPIRES,20.546333333333,180.0,IR,8928827.0,8928827.0,121231.7795021173,47705.79296875,47705.79296875,122.172192391885,15433.4248046875,15433.4248046875,67.98362892123403,59409.33784191551,59409.33790484953,59409.33777898148,0.0,500,1002,83.20051002502441,18.4890022277832,1818728.25,1818728.25,28566.21842124028,HD173667,Observation,IMAG_POL,NAOJ,"""[Summit] Vievard, Skaf [Hilo] Guyon, Lozi, Deo, Ahn""",4.6,622.8,278.05,10.8,-87.91650731369751,-87.91418635965671,-0.011054016762543,-87.90313234289417,-78.6,-0.97243713727819,0.23316520761511,-0.23316520761511,-0.97243713727819,334347.5025912907,334347.5025912907,334565.4968980026,315166018.554,315166018.554,1779202.050443685,15.0,128.0,128.0,256,256,o21013,3.89376e-05,6.24,-5:14:20.448,ICRS,17.58157104787457,45.0,HWP(NIR),89,477057920.0,477057920.0,1221721.981392785,Subaru,NS_IR,UTC,5.0,251.54931640625,25965.29703239934,6658258.5,10105.208984375,2788.078125,315.270314484003,1043074.8125,561950656.0,90306.203125,10540488704.0,0.5874033318599043,08:06:29.542,08:06:34.979,08:06:24.104,T,10000.0,501.0,100000.0,10000.0,1.0,1.0,675-50,B,0.0,2,45.0,2.0,1.0,EmptySlot,5.0,4.0,HD173667_08_20210714_675-50_EmptySlot_0,5,/data/20210714/,2.0,152.0,165.0,88027365376.0,88027365376.0,1513526371.67325,675.0838654091856,48.5,699.3999999999999,650.8999999999999,2,21.6452,182.0,183.0,6658258.5,283565404.0630125,0,0.0,0.0,0.0,0.0,0,0,101.0,73,73,76,3,477212956.28100586,399652366.28027344,4636.295654296875,77560590.00073242,100810.45244872026,3964.3941334710958,0.0,,
HD173667_08_20210714_675-50_EmptySlot_05_cam2_FLC1_fix_coll.fits,True,-32,3,366,366,1,True,1.076,68.3548,OFF,84.03908,DARKS_256_10ms_em1_20210715_625-50_EmptySlot_00_cam2_coll.fits,150,e-/s,-1.7333333333333e-06,1.7333333333333e-06,median,183.5,183.5,-78.58520000000001,20.54633333333334,RA---TAN,DEC--TAN,deg,deg,ACQUISITION,2021-07-14T08:06:39,2021-07-14,0.00015,20:32:46.8,-166.5165073136975,VCAM2 - Ultra 897,1.0,7.92,0.0718429257239067,0.0,3.0,3.0,12.4,7.6,SCEXAO,348.72,35708928.0,MIRROR,152.63,15629312.0,ao188cmtx.oct,10.0,OPEN,1.0,1.0,TRACK,98.61736,+20:32:46.71,ADI,53.115,-39.0,18:45:39.730,0.0,ON,0.0,0.01,IN,152.72797,72.72802,+20:32:47,1.0,ADI,163.025,-39.0,18:45:39.7,SYNC,0.0,ao188ttctrl.oct,0.001,0.0,4.5,1.414213562373095,2000.0,0.01,SCI,675-50,Unknown,675-50,Nasmyth-IR,-0.12,VMPA00010795,294912.0,4.5,22:06:29.542,22:06:34.979,22:06:24.104,140.4,VAMPIRES,20.546333333333,180.0,IR,10547328.0,10547328.0,132583.0891471759,56354.12109375,56354.12109375,137.8077339500422,17370.0,17370.0,81.84578187029243,59409.33784191551,59409.33790484953,59409.33777898148,0.0,500,1002,77.31856727600098,17.18190383911133,2155591.0,2155591.0,31865.72678781931,HD173667,Observation,IMAG_POL,NAOJ,"""[Summit] Vievard, Skaf [Hilo] Guyon, Lozi, Deo, Ahn""",4.6,622.8,278.05,10.8,-87.91650731369751,-87.91418635965671,-0.011054016762543,-87.90313234289417,-78.6,-0.97243713727819,0.23316520761511,-0.23316520761511,-0.97243713727819,342179.8260587419,342179.8260587419,342463.4459846215,375101122.752,375101122.752,2096052.678247466,15.0,128.0,128.0,256,256,o21013,3.89376e-05,6.24,-5:14:20.448,ICRS,17.58157104787457,45.0,HWP(NIR),89,563541184.0,563541184.0,1378077.424750514,Subaru,NS_IR,UTC,5.0,231.7890930175781,25570.57163533452,7941405.5,11821.984375,2962.973388671875,290.5045471544681,1304180.875,641626368.0,83212.2890625,15418006528.0,0.859219022904325,08:06:29.542,08:06:34.979,08:06:24.104,T,10000.0,501.0,100000.0,10000.0,2.0,1.0,675-50,A,0.0,1,45.0,2.0,1.0,EmptySlot,5.0,4.0,HD173667_08_20210714_675-50_EmptySlot_0,5,/data/20210714/,2.0,152.0,165.0,123153154048.0,123153154048.0,1997305135.326737,675.0838654091856,48.5,699.3999999999999,650.8999999999999,2,21.6452,182.0,183.0,7941405.5,337982847.97025615,0,0.0,0.0,0.0,0.0,0,0,102.0,73,73,76,3,558565384.5615234,474332676.33081055,5035.131103515625,84232708.23071289,105100.80359778226,4513.121309196341,0.0,,
HD173667_08_20210714_675-50_EmptySlot_05_cam2_FLC2_fix_coll.fits,True,-32,3,366,366,1,True,1.076,68.3548,OFF,84.03908,DARKS_256_10ms_em1_20210715_625-50_EmptySlot_00_cam2_coll.fits,150,e-/s,-1.7333333333333e-06,1.7333333333333e-06,median,183.5,183.5,-78.58520000000001,20.54633333333334,RA---TAN,DEC--TAN,deg,deg,ACQUISITION,2021-07-14T08:06:39,2021-07-14,0.00015,20:32:46.8,-166.5165073136975,VCAM2 - Ultra 897,1.0,7.92,0.0718429257239067,0.0,3.0,3.0,12.4,7.6,SCEXAO,348.72,35708928.0,MIRROR,152.63,15629312.0,ao188cmtx.oct,10.0,OPEN,1.0,1.0,TRACK,98.61736,+20:32:46.71,ADI,53.115,-39.0,18:45:39.730,0.0,ON,0.0,0.01,IN,152.72797,72.72802,+20:32:47,1.0,ADI,163.025,-39.0,18:45:39.7,SYNC,0.0,ao188ttctrl.oct,0.001,0.0,4.5,1.414213562373095,2000.0,0.01,SCI,675-50,Unknown,675-50,Nasmyth-IR,-0.12,VMPA00010795,294912.0,4.5,22:06:29.542,22:06:34.979,22:06:24.104,140.4,VAMPIRES,20.546333333333,180.0,IR,10751627.0,10751627.0,144125.057128336,57960.67578125,57960.67578125,143.1674513215208,17727.5234375,17727.5234375,83.3948212371956,59409.33784191551,59409.33790484953,59409.33777898148,0.0,500,1002,77.31856727600098,17.18190383911133,2208370.75,2208370.75,34228.57981964334,HD173667,Observation,IMAG_POL,NAOJ,"""[Summit] Vievard, Skaf [Hilo] Guyon, Lozi, Deo, Ahn""",4.6,622.8,278.05,10.8,-87.91650731369751,-87.91418635965671,-0.011054016762543,-87.90313234289417,-78.6,-0.97243713727819,0.23316520761511,-0.23316520761511,-0.97243713727819,345467.6736628214,345467.6736628214,345760.3213001427,386447780.844,386447780.844,2159441.028629594,15.0,128.0,128.0,256,256,o21013,3.89376e-05,6.24,-5:14:20.448,ICRS,17.58157104787457,45.0,HWP(NIR),89,579606784.0,579606784.0,1431674.453644959,Subaru,NS_IR,UTC,5.0,231.9031219482422,25476.95978881186,8130478.0,12028.4541015625,2984.043212890625,290.6474612253324,1321450.25,655562752.0,83253.21875,15895003136.0,0.8858012246117983,08:06:29.542,08:06:34.979,08:06:24.104,T,10000.0,501.0,100000.0,10000.0,2.0,1.0,675-50,B,0.0,2,45.0,2.0,1.0,EmptySlot,5.0,4.0,HD173667_08_20210714_675-50_EmptySlot_0,5,/data/20210714/,2.0,152.0,165.0,129776197632.0,129776197632.0,2194854008.994662,675.0838654091856,48.5,699.3999999999999,650.8999999999999,2,21.6452,182.0,183.0,8130478.0,346584169.8487438,0,0.0,0.0,0.0,0.0,0,0,102.0,73,73,76,3,572182203.8952637,485991651.2937012,5152.1640625,86190552.6015625,107665.31936477072,4513.910831835818,0.0,,
HD173667_08_20210714_675-50_EmptySlot_06_cam1_FLC1_fix_coll.fits,True,-32,3,366,366,1,True,1.075,68.43142,OFF,84.04672,DARKS_256_10ms_em1_20210715_625-50_EmptySlot_00_cam1_coll.fits,150,e-/s,-1.7333333333333e-06,1.7333333333333e-06,median,183.5,183.5,-78.58520000000001,20.54631388888889,RA---TAN,DEC--TAN,deg,deg,ACQUISITION,2021-07-14T08:06:57,2021-07-14,0.00015,20:32:46.73,-166.5380714255043,VCAM1 - Ultra 897,1.0,7.92,0.0718429257239067,0.0,3.0,3.0,12.4,7.6,SCEXAO,348.72,35708928.0,MIRROR,152.63,15629312.0,ao188cmtx.oct,10.0,OPEN,1.0,1.0,TRACK,98.65592,+20:32:46.71,ADI,53.093,-39.0,18:45:39.730,0.0,ON,0.0,0.01,IN,152.68198,72.68203,+20:32:47,1.0,ADI,163.025,-39.0,18:45:39.7,SYNC,0.0,ao188ttctrl.oct,0.001,0.0,4.5,1.414213562373095,2000.0,0.01,SCI,675-50,Unknown,675-50,Nasmyth-IR,-0.12,VMPA00010797,294912.0,4.5,22:06:48.996,22:06:54.468,22:06:43.523,140.4,VAMPIRES,20.546313888889,180.0,IR,7006435.5,7006435.5,96064.6667102589,45995.75390625,45995.75390625,101.0385112463374,17668.576171875,17668.576171875,57.85685591617078,59409.33806707754,59409.33813041667,59409.33800373843,0.0,500,1002,83.20051002502441,18.4890022277832,1269991.625,1269991.625,19068.19266186822,HD173667,Observation,IMAG_POL,NAOJ,"""[Summit] Vievard, Skaf [Hilo] Guyon, Lozi, Deo, Ahn""",4.2,622.7,278.05,10.8,-87.93807142550429,-87.9361850849217,-0.0121276630140698,-87.92405742190763,-78.6,-0.97252482356843,0.23279920004845,-0.23279920004845,-0.97252482356843,322211.5842852334,322211.5842852334,322360.5181071985,275071999.158,275071999.158,1401324.635799748,15.0,128.0,128.0,256,256,o21013,3.89376e-05,6.24,-5:14:20.448,ICRS,17.58157104787457,22.5,HWP(NIR),89,459957536.0,459957536.0,1010385.2041771,Subaru,NS_IR,UTC,5.0,251.5667266845703,15412.45216418745,4544416.0,10171.046875,3387.63330078125,315.2921350319564,623137.9375,567880064.0,90312.453125,6337965056.0,0.3532039069206753,08:06:48.996,08:06:54.468,08:06:43.523,T,10000.0,501.0,100000.0,10000.0,1.0,1.0,675-50,A,0.0,1,22.5,2.0,1.0,EmptySlot,5.0,4.0,HD173667_08_20210714_675-50_EmptySlot_0,6,/data/20210714/,3.0,152.0,165.0,59047632896.0,59047632896.0,964771837.3983122,675.0838654091856,48.5,699.3999999999999,650.8999999999999,2,21.56858,182.0,183.0,4544416.0,241221721.6271946,"(0.030639966597267226, 0.0)",0.014350057630251704,-0.0765813515582512,0.0,0.0,0,0,100.0,73,73,76,3,463959534.70703125,369490708.3378906,5647.009765625,94468826.36914062,102266.13912363659,3613.030779339267,0.00013167304731752602,,
HD173667_08_20210714_675-50_EmptySlot_06_cam1_FLC2_fix_coll.fits,True,-32,3,366,366,1,True,1.075,68.43142,OFF,84.04672,DARKS_256_10ms_em1_20210715_625-50_EmptySlot_00_cam1_coll.fits,150,e-/s,-1.7333333333333e-06,1.7333333333333e-06,median,183.5,183.5,-78.58520000000001,20.54631388888889,RA---TAN,DEC--TAN,deg,deg,ACQUISITION,2021-07-14T08:06:57,2021-07-14,0.00015,20:32:46.73,-166.5380714255043,VCAM1 - Ultra 897,1.0,7.92,0.0718429257239067,0.0,3.0,3.0,12.4,7.6,SCEXAO,348.72,35708928.0,MIRROR,152.63,15629312.0,ao188cmtx.oct,10.0,OPEN,1.0,1.0,TRACK,98.65592,+20:32:46.71,ADI,53.093,-39.0,18:45:39.730,0.0,ON,0.0,0.01,IN,152.68198,72.68203,+20:32:47,1.0,ADI,163.025,-39.0,18:45:39.7,SYNC,0.0,ao188ttctrl.oct,0.001,0.0,4.5,1.414213562373095,2000.0,0.01,SCI,675-50,Unknown,675-50,Nasmyth-IR,-0.12,VMPA00010797,294912.0,4.5,22:06:48.996,22:06:54.468,22:06:43.523,140.4,VAMPIRES,20.546313888889,180.0,IR,6707898.5,6707898.5,93950.47561787274,43909.828125,43909.828125,97.71462021804548,16955.32421875,16955.32421875,56.79613754679533,59409.33806707754,59409.33813041667,59409.33800373843,0.0,500,1002,83.20051002502441,18.4890022277832,1212500.25,1212500.25,18864.38484851651,HD173667,Observation,IMAG_POL,NAOJ,"""[Summit] Vievard, Skaf [Hilo] Guyon, Lozi, Deo, Ahn""",4.2,622.7,278.05,10.8,-87.93807142550429,-87.9361850849217,-0.0121276630140698,-87.92405742190763,-78.6,-0.97252482356843,0.23279920004845,-0.23279920004845,-0.97252482356843,318311.7850566203,318311.7850566203,318453.3693509564,262548392.976,262548392.976,1341216.348922791,15.0,128.0,128.0,256,256,o21013,3.89376e-05,6.24,-5:14:20.448,ICRS,17.58157104787457,22.5,HWP(NIR),89,439098272.0,439098272.0,977146.1431342846,Subaru,NS_IR,UTC,5.0,251.4018402099609,15116.49463561177,4156078.5,9631.7216796875,3189.7705078125,315.0854804822764,579144.0,540127680.0,90253.2578125,5578153984.0,0.310860940877035,08:06:48.996,08:06:54.468,08:06:43.523,T,10000.0,501.0,100000.0,10000.0,1.0,1.0,675-50,B,0.0,2,22.5,2.0,1.0,EmptySlot,5.0,4.0,HD173667_08_20210714_675-50_EmptySlot_0,6,/data/20210714/,3.0,152.0,165.0,53843722240.0,53843722240.0,912110254.125846,675.0838654091856,48.5,699.3999999999999,650.8999999999999,2,21.56858,182.0,183.0,4156078.5,228947551.2082188,0,0.0,0.0,0.0,0.0,0,0,100.0,73,73,76,3,441824072.5695801,351095488.73779297,5423.431396484375,90728583.83178711,99302.71219024986,3535.608252724699,0.0,,
HD173667_08_20210714_675-50_EmptySlot_06_cam2_FLC1_fix_coll.fits,True,-32,3,366,366,1,True,1.075,68.43142,OFF,84.04672,DARKS_256_10ms_em1_20210715_625-50_EmptySlot_00_cam2_coll.fits,150,e-/s,-1.7333333333333e-06,1.7333333333333e-06,median,183.5,183.5,-78.58520000000001,20.54631388888889,RA---TAN,DEC--TAN,deg,deg,ACQUISITION,2021-07-14T08:06:59,2021-07-14,0.00015,20:32:46.73,-166.5380714255043,VCAM2 - Ultra 897,1.0,7.92,0.0718429257239067,0.0,3.0,3.0,12.4,7.6,SCEXAO,348.72,35708928.0,MIRROR,152.63,15629312.0,ao188cmtx.oct,10.0,OPEN,1.0,1.0,TRACK,98.65592,+20:32:46.71,ADI,53.093,-39.0,18:45:39.730,0.0,ON,0.0,0.01,IN,152.68198,72.68203,+20:32:47,1.0,ADI,163.025,-39.0,18:45:39.7,SYNC,0.0,ao188ttctrl.oct,0.001,0.0,4.5,1.414213562373095,2000.0,0.01,SCI,675-50,Unknown,675-50,Nasmyth-IR,-0.12,VMPA00010799,294912.0,4.5,22:06:48.996,22:06:54.468,22:06:43.523,140.4,VAMPIRES,20.546313888889,180.0,IR,7874235.5,7874235.5,107119.7420696583,51953.0078125,51953.0078125,109.9367625190067,19252.123046875,19252.123046875,66.62123790430819,59409.33806707754,59409.33813041667,59409.33800373843,0.0,500,1002,77.31856727600098,17.18190383911133,1439177.25,1439177.25,21447.96154794203,HD173667,Observation,IMAG_POL,NAOJ,"""[Summit] Vievard, Skaf [Hilo] Guyon, Lozi, Deo, Ahn""",4.2,622.7,278.05,10.8,-87.93807142550429,-87.9361850849217,-0.0121276630140698,-87.92405742190763,-78.6,-0.97252482356843,0.23279920004845,-0.23279920004845,-0.97252482356843,323736.2354520974,323736.2354520974,323924.773226609,313332131.61,313332131.61,1584806.661877667,15.0,128.0,128.0,256,256,o21013,3.89376e-05,6.24,-5:14:20.448,ICRS,17.58157104787457,22.5,HWP(NIR),89,519530048.0,519530048.0,1099367.651044603,Subaru,NS_IR,UTC,5.0,231.6167602539062,14995.00057098921,5016722.0,11340.3291015625,3525.54345703125,290.2885600654355,734179.375,618104640.0,83150.4140625,8325835776.0,0.4639845279170836,08:06:48.996,08:06:54.468,08:06:43.523,T,10000.0,501.0,100000.0,10000.0,2.0,1.0,675-50,A,0.0,1,22.5,2.0,1.0,EmptySlot,5.0,4.0,HD173667_08_20210714_675-50_EmptySlot_0,6,/data/20210714/,3.0,152.0,165.0,75538325504.0,75538325504.0,1219148418.845534,675.0838654091856,48.5,699.3999999999999,650.8999999999999,2,21.56858,182.0,182.0,5016722.0,273883399.9148998,0,0.0,0.0,0.0,0.0,0,0,102.0,73,73,76,3,518155609.8076172,418052659.63305664,5983.797607421875,100102950.17456055,102964.55992330542,4060.1606994139433,0.0,,
HD173667_08_20210714_675-50_EmptySlot_06_cam2_FLC2_fix_coll.fits,True,-32,3,366,366,1,True,1.075,68.43142,OFF,84.04672,DARKS_256_10ms_em1_20210715_625-50_EmptySlot_00_cam2_coll.fits,150,e-/s,-1.7333333333333e-06,1.7333333333333e-06,median,183.5,183.5,-78.58520000000001,20.54631388888889,RA---TAN,DEC--TAN,deg,deg,ACQUISITION,2021-07-14T08:06:59,2021-07-14,0.00015,20:32:46.73,-166.5380714255043,VCAM2 - Ultra 897,1.0,7.92,0.0718429257239067,0.0,3.0,3.0,12.4,7.6,SCEXAO,348.72,35708928.0,MIRROR,152.63,15629312.0,ao188cmtx.oct,10.0,OPEN,1.0,1.0,TRACK,98.65592,+20:32:46.71,ADI,53.093,-39.0,18:45:39.730,0.0,ON,0.0,0.01,IN,152.68198,72.68203,+20:32:47,1.0,ADI,163.025,-39.0,18:45:39.7,SYNC,0.0,ao188ttctrl.oct,0.001,0.0,4.5,1.414213562373095,2000.0,0.01,SCI,675-50,Unknown,675-50,Nasmyth-IR,-0.12,VMPA00010799,294912.0,4.5,22:06:48.996,22:06:54.468,22:06:43.523,140.4,VAMPIRES,20.546313888889,180.0,IR,7964622.0,7964622.0,110566.8532834321,52666.234375,52666.234375,112.2026374573394,19513.576171875,19513.576171875,67.40974120134466,59409.33806707754,59409.33813041667,59409.33800373843,0.0,500,1002,77.31856727600098,17.18190383911133,1453411.25,1453411.25,22322.77143506684,HD173667,Observation,IMAG_POL,NAOJ,"""[Summit] Vievard, Skaf [Hilo] Guyon, Lozi, Deo, Ahn""",4.2,622.7,278.05,10.8,-87.93807142550429,-87.9361850849217,-0.0121276630140698,-87.92405742190763,-78.6,-0.97252482356843,0.23279920004845,-0.23279920004845,-0.97252482356843,324963.3126332054,324963.3126332054,325155.03624439,317325612.348,317325612.348,1606977.200620538,15.0,128.0,128.0,256,256,o21013,3.89376e-05,6.24,-5:14:20.448,ICRS,17.58157104787457,22.5,HWP(NIR),89,526662336.0,526662336.0,1122026.264516923,Subaru,NS_IR,UTC,5.0,231.6864624023438,14550.68071004644,4967444.0,11555.1953125,3656.805908203125,290.3759187534735,725704.6875,627192896.0,83175.4375,8385659392.0,0.4673183952878604,08:06:48.996,08:06:54.468,08:06:43.523,T,10000.0,501.0,100000.0,10000.0,2.0,1.0,675-50,B,0.0,2,22.5,2.0,1.0,EmptySlot,5.0,4.0,HD173667_08_20210714_675-50_EmptySlot_0,6,/data/20210714/,3.0,152.0,165.0,77355196416.0,77355196416.0,1287423329.240119,675.0838654091856,48.5,699.3999999999999,650.8999999999999,2,21.56858,182.0,183.0,4967444.0,276482074.52181435,0,0.0,0.0,0.0,0.0,0,0,102.0,73,73,76,3,523929170.26708984,422053464.7895508,6089.7666015625,101875705.47753906,106485.79011362205,3963.472162240736,0.0,,
HD173667_08_20210714_675-50_EmptySlot_07_cam1_FLC1_fix_coll.fits,True,-32,3,366,366,1,True,1.075,68.51156,OFF,84.05461,DARKS_256_10ms_em1_20210715_625-50_EmptySlot_00_cam1_coll.fits,150,e-/s,-1.7333333333333e-06,1.7333333333333e-06,median,183.5,183.5,-78.58520416666668,20.54631111111112,RA---TAN,DEC--TAN,deg,deg,ACQUISITION,2021-07-14T08:07:18,2021-07-14,0.00015,20:32:46.72,-166.560855396564,VCAM1 - Ultra 897,1.0,7.92,0.0718429257239067,0.0,3.0,3.0,12.4,7.6,SCEXAO,348.72,35708928.0,MIRROR,152.63,15629312.0,ao188cmtx.oct,10.0,OPEN,1.0,1.0,TRACK,98.69668,+20:32:46.71,ADI,53.071,-39.0,18:45:39.730,0.0,ON,0.0,0.01,IN,152.63504,72.635,+20:32:47,1.0,ADI,163.025,-39.0,18:45:39.7,SYNC,0.0,ao188ttctrl.oct,0.001,0.0,4.5,1.414213562373095,2000.0,0.01,SCI,675-50,Unknown,675-50,Nasmyth-IR,-0.12,VMPA00010801,294912.0,4.5,22:07:09.536,22:07:14.976,22:07:04.095,140.4,VAMPIRES,20.546311111111,180.0,IR,3783594.5,3783594.5,121452.0210175612,38440.5703125,38440.5703125,308.1730980577109,19089.900390625,19089.900390625,68.41711275363973,59409.33830480903,59409.33836777777,59409.33824184028,0.0,500,1002,83.20051002502441,18.4890022277832,599802.5625,599802.5625,23004.83925024361,HD173667,Observation,IMAG_POL,NAOJ,"""[Summit] Vievard, Skaf [Hilo] Guyon, Lozi, Deo, Ahn""",4.6,622.7,278.05,10.7,-87.96085539656404,-87.95827530782324,-0.0110063217421299,-87.94726898608111,-78.6,-0.97261732051189,0.23241245199058,-0.23241245199058,-0.97261732051189,292168.218884488,292168.218884488,293339.2301774159,185708274.39,185708274.39,3427437.52023042,15.0,128.0,128.0,256,256,o21013,3.89376e-05,6.24,-5:14:20.449,ICRS,17.58157104787457,67.5,HWP(NIR),89,384405728.0,384405728.0,3081730.99804639,Subaru,NS_IR,UTC,5.0,251.2458343505859,4596.454329509259,1793277.25,9139.111328125,3999.15869140625,314.8899561332177,167196.828125,518809056.0,90197.2578125,1528030464.0,0.0851545133193319,08:07:09.536,08:07:14.976,08:07:04.095,T,10000.0,501.0,100000.0,10000.0,1.0,1.0,675-50,A,0.0,1,67.5,2.0,1.0,EmptySlot,5.0,4.0,HD173667_08_20210714_675-50_EmptySlot_0,7,/data/20210714/,4.0,152.0,165.0,26241024000.0,26241024000.0,1098343447.476981,675.0838654091856,48.5,699.3999999999999,650.8999999999999,2,21.48844,182.0,183.0,1793277.25,147156563.45841336,"(0.013949540423997167, 0.0)",0.006371954890578995,-0.07333047454875939,0.0,0.0,0,0,101.0,73,73,76,3,390893561.98828125,280656158.2915039,6589.59912109375,110237403.69677734,95590.40566786261,2936.0285305898665,0.0001681874323465218,,
HD173667_08_20210714_675-50_EmptySlot_07_cam1_FLC2_fix_coll.fits,True,-32,3,366,366,1,True,1.075,68.51156,OFF,84.05461,DARKS_256_10ms_em1_20210715_625-50_EmptySlot_00_cam1_coll.fits,150,e-/s,-1.7333333333333e-06,1.7333333333333e-06,median,183.5,183.5,-78.58520416666668,20.54631111111112,RA---TAN,DEC--TAN,deg,deg,ACQUISITION,2021-07-14T08:07:18,2021-07-14,0.00015,20:32:46.72,-166.560855396564,VCAM1 - Ultra 897,1.0,7.92,0.0718429257239067,0.0,3.0,3.0,12.4,7.6,SCEXAO,348.72,35708928.0,MIRROR,152.63,15629312.0,ao188cmtx.oct,10.0,OPEN,1.0,1.0,TRACK,98.69668,+20:32:46.71,ADI,53.071,-39.0,18:45:39.730,0.0,ON,0.0,0.01,IN,152.63504,72.635,+20:32:47,1.0,ADI,163.025,-39.0,18:45:39.7,SYNC,0.0,ao188ttctrl.oct,0.001,0.0,4.5,1.414213562373095,2000.0,0.01,SCI,675-50,Unknown,675-50,Nasmyth-IR,-0.12,VMPA00010801,294912.0,4.5,22:07:09.536,22:07:14.976,22:07:04.095,140.4,VAMPIRES,20.546311111111,180.0,IR,3665444.75,3665444.75,117453.2159320388,37415.16015625,37415.16015625,302.4861701334116,18667.123046875,18667.123046875,65.92394063193014,59409.33830480903,59409.33836777777,59409.33824184028,0.0,500,1002,83.20051002502441,18.4890022277832,580218.6875,580218.6875,22287.56174967614,HD173667,Observation,IMAG_POL,NAOJ,"""[Summit] Vievard, Skaf [Hilo] Guyon, Lozi, Deo, Ahn""",4.6,622.7,278.05,10.7,-87.96085539656404,-87.95827530782324,-0.0110063217421299,-87.94726898608111,-78.6,-0.97261732051189,0.23241245199058,-0.23241245199058,-0.97261732051189,290480.5836386864,290480.5836386864,291609.504429782,180655457.544,180655457.544,3335185.649601591,15.0,128.0,128.0,256,256,o21013,3.89376e-05,6.24,-5:14:20.449,ICRS,17.58157104787457,67.5,HWP(NIR),89,374151616.0,374151616.0,3024861.528388233,Subaru,NS_IR,UTC,5.0,251.1611633300781,4522.79786261078,1640621.625,8988.6552734375,3957.53955078125,314.7838367461943,161863.6875,506061280.0,90166.859375,1454936832.0,0.0810811307485362,08:07:09.536,08:07:14.976,08:07:04.095,T,10000.0,501.0,100000.0,10000.0,1.0,1.0,675-50,B,0.0,2,67.5,2.0,1.0,EmptySlot,5.0,4.0,HD173667_08_20210714_675-50_EmptySlot_0,7,/data/20210714/,4.0,152.0,165.0,24717113344.0,24717113344.0,1036664435.30571,675.0838654091856,48.5,699.3999999999999,650.8999999999999,2,21.48844,182.0,183.0,1640621.625,143435108.42274356,0,0.0,0.0,0.0,0.0,0,0,101.0,73,73,76,3,381398376.57128906,273241376.7746582,6465.239990234375,108156999.79663086,95334.80638086787,2866.124001794724,0.0,,
HD173667_08_20210714_675-50_EmptySlot_07_cam2_FLC1_fix_coll.fits,True,-32,3,366,366,1,True,1.075,68.51156,OFF,84.05461,DARKS_256_10ms_em1_20210715_625-50_EmptySlot_00_cam2_coll.fits,150,e-/s,-1.7333333333333e-06,1.7333333333333e-06,median,183.5,183.5,-78.58520416666668,20.54631111111112,RA---TAN,DEC--TAN,deg,deg,ACQUISITION,2021-07-14T08:07:19,2021-07-14,0.00015,20:32:46.72,-166.560855396564,VCAM2 - Ultra 897,1.0,7.92,0.0718429257239067,0.0,3.0,3.0,12.4,7.6,SCEXAO,348.72,35708928.0,MIRROR,152.63,15629312.0,ao188cmtx.oct,10.0,OPEN,1.0,1.0,TRACK,98.69668,+20:32:46.71,ADI,53.071,-39.0,18:45:39.730,0.0,ON,0.0,0.01,IN,152.63504,72.635,+20:32:47,1.0,ADI,163.025,-39.0,18:45:39.7,SYNC,0.0,ao188ttctrl.oct,0.001,0.0,4.5,1.414213562373095,2000.0,0.01,SCI,675-50,Unknown,675-50,Nasmyth-IR,-0.12,VMPA00010803,294912.0,4.5,22:07:09.536,22:07:14.976,22:07:04.095,140.4,VAMPIRES,20.546311111111,180.0,IR,4332552.5,4332552.5,138370.7038933386,43762.84765625,43762.84765625,359.4274446510316,20970.44921875,20970.44921875,73.83077198958524,59409.33830480903,59409.33836777777,59409.33824184028,0.0,500,1002,77.31856727600098,17.18190383911133,693291.25,693291.25,26460.61103480275,HD173667,Observation,IMAG_POL,NAOJ,"""[Summit] Vievard, Skaf [Hilo] Guyon, Lozi, Deo, Ahn""",4.6,622.7,278.05,10.7,-87.96085539656404,-87.95827530782324,-0.0110063217421299,-87.94726898608111,-78.6,-0.97261732051189,0.23241245199058,-0.23241245199058,-0.97261732051189,290038.362205433,290038.362205433,291637.2819811464,213961153.428,213961153.428,3958327.527727927,15.0,128.0,128.0,256,256,o21013,3.89376e-05,6.24,-5:14:20.449,ICRS,17.58157104787457,67.5,HWP(NIR),89,437628448.0,437628448.0,3594274.271118734,Subaru,NS_IR,UTC,5.0,231.2469177246094,4661.92712219758,2117957.5,10273.6630859375,4273.48193359375,289.8250311948872,207116.578125,562308416.0,83017.640625,2127846016.0,0.1185812038306059,08:07:09.536,08:07:14.976,08:07:04.095,T,10000.0,501.0,100000.0,10000.0,2.0,1.0,675-50,A,0.0,1,67.5,2.0,1.0,EmptySlot,5.0,4.0,HD173667_08_20210714_675-50_EmptySlot_0,7,/data/20210714/,4.0,152.0,165.0,34623754240.0,34623754240.0,1444509953.946739,675.0838654091856,48.5,699.3999999999999,650.8999999999999,2,21.48844,182.0,183.0,2117957.5,169517415.23018366,0,0.0,0.0,0.0,0.0,0,0,102.0,73,73,76,3,438323665.98046875,320679227.9746094,7032.365234375,117644438.00585938,106033.31814077779,3024.3251234376307,0.0,,
HD173667_08_20210714_675-50_EmptySlot_07_cam2_FLC2_fix_coll.fits,True,-32,3,366,366,1,True,1.075,68.51156,OFF,84.05461,DARKS_256_10ms_em1_20210715_625-50_EmptySlot_00_cam2_coll.fits,150,e-/s,-1.7333333333333e-06,1.7333333333333e-06,median,183.5,183.5,-78.58520416666668,20.54631111111112,RA---TAN,DEC--TAN,deg,deg,ACQUISITION,2021-07-14T08:07:19,2021-07-14,0.00015,20:32:46.72,-166.560855396564,VCAM2 - Ultra 897,1.0,7.92,0.0718429257239067,0.0,3.0,3.0,12.4,7.6,SCEXAO,348.72,35708928.0,MIRROR,152.63,15629312.0,ao188cmtx.oct,10.0,OPEN,1.0,1.0,TRACK,98.69668,+20:32:46.71,ADI,53.071,-39.0,18:45:39.730,0.0,ON,0.0,0.01,IN,152.63504,72.635,+20:32:47,1.0,ADI,163.025,-39.0,18:45:39.7,SYNC,0.0,ao188ttctrl.oct,0.001,0.0,4.5,1.414213562373095,2000.0,0.01,SCI,675-50,Unknown,675-50,Nasmyth-IR,-0.12,VMPA00010803,294912.0,4.5,22:07:09.536,22:07:14.976,22:07:04.095,140.4,VAMPIRES,20.546311111111,180.0,IR,4273354.0,4273354.0,136782.6036943587,43640.51953125,43640.51953125,356.2069826849997,20931.30078125,20931.30078125,76.92704374463048,59409.33830480903,59409.33836777777,59409.33824184028,0.0,500,1002,77.31856727600098,17.18190383911133,685984.125,685984.125,26291.33789382104,HD173667,Observation,IMAG_POL,NAOJ,"""[Summit] Vievard, Skaf [Hilo] Guyon, Lozi, Deo, Ahn""",4.6,622.7,278.05,10.7,-87.96085539656404,-87.95827530782324,-0.0110063217421299,-87.94726898608111,-78.6,-0.97261732051189,0.23241245199058,-0.23241245199058,-0.97261732051189,289849.6578059277,289849.6578059277,291441.7396403863,213393951.324,213393951.324,3945468.46411038,15.0,128.0,128.0,256,256,o21013,3.89376e-05,6.24,-5:14:20.449,ICRS,17.58157104787457,67.5,HWP(NIR),89,436405184.0,436405184.0,3562069.883450468,Subaru,NS_IR,UTC,5.0,231.2362518310547,4653.215484667278,2123144.0,10309.78125,4288.11474609375,289.811663479708,207465.890625,561893376.0,83013.8125,2138928000.0,0.1191987837652771,08:07:09.536,08:07:14.976,08:07:04.095,T,10000.0,501.0,100000.0,10000.0,2.0,1.0,675-50,B,0.0,2,67.5,2.0,1.0,EmptySlot,5.0,4.0,HD173667_08_20210714_675-50_EmptySlot_0,7,/data/20210714/,4.0,152.0,165.0,34115112960.0,34115112960.0,1426672104.828843,675.0838654091856,48.5,699.3999999999999,650.8999999999999,2,21.48844,182.0,183.0,2123144.0,169933948.7789106,0,0.0,0.0,0.012396208420518626,-0.003989051369836355,0,0,102.0,73,73,76,3,438339100.40478516,320881854.8444824,7021.175537109375,117457245.56030273,104649.51968217277,3066.2525333993026,0.0,,
HD173667_08_20210714_675-50_EmptySlot_08_cam1_FLC1_fix_coll.fits,True,-32,3,366,366,1,True,1.074,68.59756,OFF,84.06294,DARKS_256_10ms_em1_20210715_625-50_EmptySlot_00_cam1_coll.fits,150,e-/s,-1.7333333333333e-06,1.7333333333333e-06,median,183.5,183.5,-78.58519583333339,20.54633611111112,RA---TAN,DEC--TAN,deg,deg,ACQUISITION,2021-07-14T08:07:39,2021-07-14,0.00015,20:32:46.81,-166.5853934931339,VCAM1 - Ultra 897,1.0,7.92,0.0718429257239067,0.0,3.0,3.0,12.4,7.6,SCEXAO,348.72,35708928.0,MIRROR,152.63,15629312.0,ao188cmtx.oct,10.0,OPEN,1.0,1.0,TRACK,98.73993,+20:32:46.71,ADI,53.045,-39.0,18:45:39.730,0.0,ON,0.0,0.01,IN,152.58297,72.58302,+20:32:47,1.0,ADI,163.025,-39.0,18:45:39.7,SYNC,0.0,ao188ttctrl.oct,0.001,0.0,4.5,1.414213562373095,2000.0,0.01,SCI,675-50,Unknown,675-50,Nasmyth-IR,-0.12,VMPA00010805,294912.0,4.5,22:07:31.410,22:07:36.839,22:07:25.981,140.4,VAMPIRES,20.546336111111,180.0,IR,7416218.5,7416218.5,163615.4529653759,46713.9921875,46713.9921875,279.0379402651383,16912.80078125,16912.80078125,111.0882938542164,59409.33855798611,59409.33862082176,59409.33849515046,0.0,500,1002,83.20051002502441,18.4890022277832,1464154.375,1464154.375,38210.56967397496,HD173667,Observation,IMAG_POL,NAOJ,"""[Summit] Vievard, Skaf [Hilo] Guyon, Lozi, Deo, Ahn""",4.1,622.7,278.05,10.8,-87.98539349313393,-87.98278594657287,-0.0121838513986176,-87.97060209517426,-78.6,-0.9727167667272,0.2319958873079,-0.2319958873079,-0.9727167667272,325442.199725576,325442.199725576,326589.4735698508,288802554.93,288802554.93,3843525.867178687,15.0,128.0,128.0,256,256,o21013,3.89376e-05,6.24,-5:14:20.447,ICRS,17.58157104787457,0.0,HWP(NIR),89,467139904.0,467139904.0,2790379.390422886,Subaru,NS_IR,UTC,5.0,251.5687866210938,17288.28828589211,5059326.0,10010.126953125,3115.287109375,315.2947167795232,687915.0625,561147712.0,90313.1953125,6886117376.0,0.3837514942457815,08:07:31.410,08:07:36.839,08:07:25.981,T,10000.0,501.0,100000.0,10000.0,1.0,1.0,675-50,A,0.0,1,0.0,3.0,1.0,EmptySlot,5.0,4.0,HD173667_08_20210714_675-50_EmptySlot_0,8,/data/20210714/,1.0,152.0,165.0,73103540224.0,73103540224.0,2063815485.412913,675.0838654091856,48.5,699.3999999999999,650.8999999999999,2,21.40244,182.0,183.0,5059326.0,252046664.6627453,"(-0.004756256861181904, 0.0)",-0.003641861568995116,-0.07255551892083649,0.0,0.0,0,0,100.0,73,73,76,3,464682382.25024414,376968530.85498047,5243.221435546875,87713851.39526367,100753.65597492765,3741.4873654687863,0.00012619700838299638,,
HD173667_08_20210714_675-50_EmptySlot_08_cam1_FLC2_fix_coll.fits,True,-32,3,366,366,1,True,1.074,68.59756,OFF,84.06294,DARKS_256_10ms_em1_20210715_625-50_EmptySlot_00_cam1_coll.fits,150,e-/s,-1.7333333333333e-06,1.7333333333333e-06,median,183.5,183.5,-78.58519583333339,20.54633611111112,RA---TAN,DEC--TAN,deg,deg,ACQUISITION,2021-07-14T08:07:39,2021-07-14,0.00015,20:32:46.81,-166.5853934931339,VCAM1 - Ultra 897,1.0,7.92,0.0718429257239067,0.0,3.0,3.0,12.4,7.6,SCEXAO,348.72,35708928.0,MIRROR,152.63,15629312.0,ao188cmtx.oct,10.0,OPEN,1.0,1.0,TRACK,98.73993,+20:32:46.71,ADI,53.045,-39.0,18:45:39.730,0.0,ON,0.0,0.01,IN,152.58297,72.58302,+20:32:47,1.0,ADI,163.025,-39.0,18:45:39.7,SYNC,0.0,ao188ttctrl.oct,0.001,0.0,4.5,1.414213562373095,2000.0,0.01,SCI,675-50,Unknown,675-50,Nasmyth-IR,-0.12,VMPA00010805,294912.0,4.5,22:07:31.410,22:07:36.839,22:07:25.981,140.4,VAMPIRES,20.546336111111,180.0,IR,7410996.5,7410996.5,167264.3134124196,46286.890625,46286.890625,273.2951106414015,16794.67578125,16794.67578125,113.8019064664813,59409.33855798611,59409.33862082176,59409.33849515046,0.0,500,1002,83.20051002502441,18.4890022277832,1460264.125,1460264.125,38714.123797253,HD173667,Observation,IMAG_POL,NAOJ,"""[Summit] Vievard, Skaf [Hilo] Guyon, Lozi, Deo, Ahn""",4.1,622.7,278.05,10.8,-87.98539349313393,-87.98278594657287,-0.0121838513986176,-87.97060209517426,-78.6,-0.9727167667272,0.2319958873079,-0.2319958873079,-0.9727167667272,324613.6054053063,324613.6054053063,325747.4339172886,286052206.158,286052206.158,3807401.533869794,15.0,128.0,128.0,256,256,o21013,3.89376e-05,6.24,-5:14:20.447,ICRS,17.58157104787457,0.0,HWP(NIR),89,462868896.0,462868896.0,2732951.082655793,Subaru,NS_IR,UTC,5.0,251.5455169677734,16899.49401877087,4989148.0,9936.3447265625,3134.68359375,315.2655525940465,667549.9375,557021568.0,90304.84375,6633006080.0,0.3696460364461487,08:07:31.410,08:07:36.839,08:07:25.981,T,10000.0,501.0,100000.0,10000.0,1.0,1.0,675-50,B,0.0,2,0.0,3.0,1.0,EmptySlot,5.0,4.0,HD173667_08_20210714_675-50_EmptySlot_0,8,/data/20210714/,1.0,152.0,165.0,72245633024.0,72245633024.0,2067216380.947629,675.0838654091856,48.5,699.3999999999999,650.8999999999999,2,21.40244,182.0,183.0,4989148.0,248152405.10630912,0,0.0,0.0,0.0,0.0,0,0,100.0,73,73,76,3,459569173.3256836,371659601.61572266,5254.9208984375,87909571.70996094,98178.61145489229,3785.54550841738,0.0,,
HD173667_08_20210714_675-50_EmptySlot_08_cam2_FLC1_fix_coll.fits,True,-32,3,366,366,1,True,1.074,68.59756,OFF,84.06294,DARKS_256_10ms_em1_20210715_625-50_EmptySlot_00_cam2_coll.fits,150,e-/s,-1.7333333333333e-06,1.7333333333333e-06,median,183.5,183.5,-78.58519583333339,20.54633611111112,RA---TAN,DEC--TAN,deg,deg,ACQUISITION,2021-07-14T08:07:41,2021-07-14,0.00015,20:32:46.81,-166.5853934931339,VCAM2 - Ultra 897,1.0,7.92,0.0718429257239067,0.0,3.0,3.0,12.4,7.6,SCEXAO,348.72,35708928.0,MIRROR,152.63,15629312.0,ao188cmtx.oct,10.0,OPEN,1.0,1.0,TRACK,98.73993,+20:32:46.71,ADI,53.045,-39.0,18:45:39.730,0.0,ON,0.0,0.01,IN,152.58297,72.58302,+20:32:47,1.0,ADI,163.025,-39.0,18:45:39.7,SYNC,0.0,ao188ttctrl.oct,0.001,0.0,4.5,1.414213562373095,2000.0,0.01,SCI,675-50,Unknown,675-50,Nasmyth-IR,-0.12,VMPA00010807,294912.0,4.5,22:07:31.410,22:07:36.839,22:07:25.981,140.4,VAMPIRES,20.546336111111,180.0,IR,8574896.0,8574896.0,188240.2745513311,54183.55078125,54183.55078125,326.782206048818,18775.80078125,18775.80078125,126.9225375662922,59409.33855798611,59409.33862082176,59409.33849515046,0.0,500,1002,77.31856727600098,17.18190383911133,1703029.625,1703029.625,44106.40172499375,HD173667,Observation,IMAG_POL,NAOJ,"""[Summit] Vievard, Skaf [Hilo] Guyon, Lozi, Deo, Ahn""",4.1,622.7,278.05,10.8,-87.98539349313393,-87.98278594657287,-0.0121838513986176,-87.97060209517426,-78.6,-0.9727167667272,0.2319958873079,-0.2319958873079,-0.9727167667272,329879.4631345754,329879.4631345754,331395.7382073482,337812530.022,337812530.022,4482149.324716724,15.0,128.0,128.0,256,256,o21013,3.89376e-05,6.24,-5:14:20.447,ICRS,17.58157104787457,0.0,HWP(NIR),89,541835520.0,541835520.0,3267822.299467945,Subaru,NS_IR,UTC,5.0,231.7297515869141,16918.29270478338,5938771.0,11489.6142578125,3321.858642578125,290.4301737004884,838842.0,626149504.0,83190.9765625,9637970944.0,0.5371075671971564,08:07:31.410,08:07:36.839,08:07:25.981,T,10000.0,501.0,100000.0,10000.0,2.0,1.0,675-50,A,0.0,1,0.0,3.0,1.0,EmptySlot,5.0,4.0,HD173667_08_20210714_675-50_EmptySlot_0,8,/data/20210714/,1.0,152.0,165.0,98691637248.0,98691637248.0,2772331419.607114,675.0838654091856,48.5,699.3999999999999,650.8999999999999,2,21.40244,182.0,183.0,5938771.0,294260264.5008203,0,0.0,0.0,0.0,0.0,0,0,102.0,73,73,76,3,532431713.8041992,438474641.2680664,5616.4189453125,93957072.53613281,104862.59956718475,4181.420669312501,0.0,,
HD173667_08_20210714_675-50_EmptySlot_08_cam2_FLC2_fix_coll.fits,True,-32,3,366,366,1,True,1.074,68.59756,OFF,84.06294,DARKS_256_10ms_em1_20210715_625-50_EmptySlot_00_cam2_coll.fits,150,e-/s,-1.7333333333333e-06,1.7333333333333e-06,median,183.5,183.5,-78.58519583333339,20.54633611111112,RA---TAN,DEC--TAN,deg,deg,ACQUISITION,2021-07-14T08:07:41,2021-07-14,0.00015,20:32:46.81,-166.5853934931339,VCAM2 - Ultra 897,1.0,7.92,0.0718429257239067,0.0,3.0,3.0,12.4,7.6,SCEXAO,348.72,35708928.0,MIRROR,152.63,15629312.0,ao188cmtx.oct,10.0,OPEN,1.0,1.0,TRACK,98.73993,+20:32:46.71,ADI,53.045,-39.0,18:45:39.730,0.0,ON,0.0,0.01,IN,152.58297,72.58302,+20:32:47,1.0,ADI,163.025,-39.0,18:45:39.7,SYNC,0.0,ao188ttctrl.oct,0.001,0.0,4.5,1.414213562373095,2000.0,0.01,SCI,675-50,Unknown,675-50,Nasmyth-IR,-0.12,VMPA00010807,294912.0,4.5,22:07:31.410,22:07:36.839,22:07:25.981,140.4,VAMPIRES,20.546336111111,180.0,IR,8472960.0,8472960.0,188307.9826896898,53054.640625,53054.640625,320.7795208691022,18435.150390625,18435.150390625,123.5884488451731,59409.33855798611,59409.33862082176,59409.33849515046,0.0,500,1002,77.31856727600098,17.18190383911133,1684924.375,1684924.375,44343.29356161504,HD173667,Observation,IMAG_POL,NAOJ,"""[Summit] Vievard, Skaf [Hilo] Guyon, Lozi, Deo, Ahn""",4.1,622.7,278.05,10.8,-87.98539349313393,-87.98278594657287,-0.0121838513986176,-87.97060209517426,-78.6,-0.9727167667272,0.2319958873079,-0.2319958873079,-0.9727167667272,327770.7412850786,327770.7412850786,329252.0436264245,330732996.372,330732996.372,4388628.271314774,15.0,128.0,128.0,256,256,o21013,3.89376e-05,6.24,-5:14:20.447,ICRS,17.58157104787457,0.0,HWP(NIR),89,530546464.0,530546464.0,3207794.786283806,Subaru,NS_IR,UTC,5.0,231.6354675292969,16703.30545398686,5749702.0,11230.6474609375,3235.4404296875,290.3120061581533,809845.5,612081536.0,83157.1328125,9095089152.0,0.5068536973451958,08:07:31.410,08:07:36.839,08:07:25.981,T,10000.0,501.0,100000.0,10000.0,2.0,1.0,675-50,B,0.0,2,0.0,3.0,1.0,EmptySlot,5.0,4.0,HD173667_08_20210714_675-50_EmptySlot_0,8,/data/20210714/,1.0,152.0,165.0,95631081472.0,95631081472.0,2719974554.083328,675.0838654091856,48.5,699.3999999999999,650.8999999999999,2,21.40244,182.0,183.0,5749702.0,286955539.0415088,0,0.0,0.0,0.0,0.0,0,0,102.0,73,73,76,3,520597343.3256836,427286330.3930664,5577.7998046875,93311012.93261719,103525.81665678014,4127.340833346447,0.0,,
HD173667_08_20210714_675-50_EmptySlot_09_cam1_FLC1_fix_coll.fits,True,-32,3,366,366,1,True,1.073,68.6785,OFF,84.07088,DARKS_256_10ms_em1_20210715_625-50_EmptySlot_00_cam1_coll.fits,150,e-/s,-1.7333333333333e-06,1.7333333333333e-06,median,183.5,183.5,-78.58520833333337,20.54629444444445,RA---TAN,DEC--TAN,deg,deg,ACQUISITION,2021-07-14T08:08:00,2021-07-14,0.00015,20:32:46.66,-166.6081793488156,VCAM1 - Ultra 897,1.0,7.92,0.0718429257239067,0.0,3.0,3.0,12.4,7.6,SCEXAO,348.72,35708928.0,MIRROR,152.63,15629312.0,ao188cmtx.oct,10.0,OPEN,1.0,1.0,TRACK,98.77631,+20:32:46.71,ADI,53.022,-39.0,18:45:39.730,0.0,ON,0.0,0.01,IN,152.53299,72.53304,+20:32:47,1.0,ADI,163.025,-39.0,18:45:39.7,SYNC,0.0,ao188ttctrl.oct,0.001,0.0,4.5,1.414213562373095,2000.0,0.01,SCI,675-50,Unknown,675-50,Nasmyth-IR,-0.12,VMPA00010807,294912.0,4.5,22:07:52.126,22:07:57.588,22:07:46.663,140.4,VAMPIRES,20.546294444444,180.0,IR,7623763.0,7623763.0,115052.5174496955,48657.30859375,48657.30859375,146.7782862097574,17336.923828125,17336.923828125,79.56589329304803,59409.33879774885,59409.33886097222,59409.33873452546,0.0,500,1002,83.20051002502441,18.4890022277832,1446234.875,1446234.875,25707.16792978419,HD173667,Observation,IMAG_POL,NAOJ,"""[Summit] Vievard, Skaf [Hilo] Guyon, Lozi, Deo, Ahn""",4.0,622.7,278.05,11.0,-88.00817934881559,-88.00603537440934,-0.0122121913701818,-87.99382318303915,-78.6,-0.9728089518322,0.23160903098786,-0.23160903098786,-0.9728089518322,330449.5074089136,330449.5074089136,330798.0455546075,302641058.142,302641058.142,2213296.685696977,15.0,128.0,128.0,256,256,o21013,3.89376e-05,6.24,-5:14:20.45,ICRS,17.58157104787457,45.0,HWP(NIR),89,486573056.0,486573056.0,1467782.926559221,Subaru,NS_IR,UTC,5.0,251.681640625,18197.0938181082,5196626.5,10399.359375,3106.136474609375,315.4361582980716,751894.8125,580648256.0,90353.7109375,7819224064.0,0.4357519273285435,08:07:52.126,08:07:57.588,08:07:46.663,T,10000.0,501.0,100000.0,10000.0,1.0,1.0,675-50,A,0.0,1,45.0,3.0,1.0,EmptySlot,5.0,4.0,HD173667_08_20210714_675-50_EmptySlot_0,9,/data/20210714/,2.0,152.0,165.0,71855751168.0,71855751168.0,1410727590.637524,675.0838654091856,48.5,699.3999999999999,650.8999999999999,2,21.3215,182.0,183.0,5196626.5,266743424.22558063,"(0.04460786570945695, 0.0)",0.022503164557630417,-0.07733212269034366,0.0,0.0,0,0,100.0,73,73,76,3,485750225.99072266,397298909.9577637,5287.304443359375,88451316.03295898,102843.99865830291,3863.1219627873593,0.00012214980650756524,,
HD173667_08_20210714_675-50_EmptySlot_09_cam1_FLC2_fix_coll.fits,True,-32,3,366,366,1,True,1.073,68.6785,OFF,84.07088,DARKS_256_10ms_em1_20210715_625-50_EmptySlot_00_cam1_coll.fits,150,e-/s,-1.7333333333333e-06,1.7333333333333e-06,median,183.5,183.5,-78.58520833333337,20.54629444444445,RA---TAN,DEC--TAN,deg,deg,ACQUISITION,2021-07-14T08:08:00,2021-07-14,0.00015,20:32:46.66,-166.6081793488156,VCAM1 - Ultra 897,1.0,7.92,0.0718429257239067,0.0,3.0,3.0,12.4,7.6,SCEXAO,348.72,35708928.0,MIRROR,152.63,15629312.0,ao188cmtx.oct,10.0,OPEN,1.0,1.0,TRACK,98.77631,+20:32:46.71,ADI,53.022,-39.0,18:45:39.730,0.0,ON,0.0,0.01,IN,152.53299,72.53304,+20:32:47,1.0,ADI,163.025,-39.0,18:45:39.7,SYNC,0.0,ao188ttctrl.oct,0.001,0.0,4.5,1.414213562373095,2000.0,0.01,SCI,675-50,Unknown,675-50,Nasmyth-IR,-0.12,VMPA00010807,294912.0,4.5,22:07:52.126,22:07:57.588,22:07:46.663,140.4,VAMPIRES,20.546294444444,180.0,IR,7157042.5,7157042.5,110120.5564758029,45778.03515625,45778.03515625,136.0334991726414,16534.125,16534.125,77.64904913142789,59409.33879774885,59409.33886097222,59409.33873452546,0.0,500,1002,83.20051002502441,18.4890022277832,1357312.0,1357312.0,24790.1788128913,HD173667,Observation,IMAG_POL,NAOJ,"""[Summit] Vievard, Skaf [Hilo] Guyon, Lozi, Deo, Ahn""",4.0,622.7,278.05,11.0,-88.00817934881559,-88.00603537440934,-0.0122121913701818,-87.99382318303915,-78.6,-0.9728089518322,0.23160903098786,-0.23160903098786,-0.9728089518322,324808.3083535319,324808.3083535319,325130.7696137412,284058949.248,284058949.248,2076199.312165326,15.0,128.0,128.0,256,256,o21013,3.89376e-05,6.24,-5:14:20.45,ICRS,17.58157104787457,45.0,HWP(NIR),89,457780352.0,457780352.0,1360335.030333525,Subaru,NS_IR,UTC,5.0,251.4796295166016,17934.81601946603,4902915.5,9871.787109375,3009.31005859375,315.1829749200211,704027.9375,551201088.0,90281.1875,6950013952.0,0.3873123406819241,08:07:52.126,08:07:57.588,08:07:46.663,T,10000.0,501.0,100000.0,10000.0,1.0,1.0,675-50,B,0.0,2,45.0,3.0,1.0,EmptySlot,5.0,4.0,HD173667_08_20210714_675-50_EmptySlot_0,9,/data/20210714/,2.0,152.0,165.0,63440248832.0,63440248832.0,1277166238.565423,675.0838654091856,48.5,699.3999999999999,650.8999999999999,2,21.3215,182.0,183.0,4902915.5,251218344.3072356,0,0.0,0.0,0.0,0.0,0,0,100.0,73,73,76,3,459129787.9375,374788508.66015625,5041.62109375,84341279.27734375,96767.34335358761,3873.0887474163683,0.0,,
HD173667_08_20210714_675-50_EmptySlot_09_cam2_FLC1_fix_coll.fits,True,-32,3,366,366,1,True,1.073,68.6785,OFF,84.07088,DARKS_256_10ms_em1_20210715_625-50_EmptySlot_00_cam2_coll.fits,150,e-/s,-1.7333333333333e-06,1.7333333333333e-06,median,183.5,183.5,-78.58520833333337,20.54629444444445,RA---TAN,DEC--TAN,deg,deg,ACQUISITION,2021-07-14T08:08:02,2021-07-14,0.00015,20:32:46.66,-166.6081793488156,VCAM2 - Ultra 897,1.0,7.92,0.0718429257239067,0.0,3.0,3.0,12.4,7.6,SCEXAO,348.72,35708928.0,MIRROR,152.63,15629312.0,ao188cmtx.oct,10.0,OPEN,1.0,1.0,TRACK,98.77631,+20:32:46.71,ADI,53.022,-39.0,18:45:39.730,0.0,ON,0.0,0.01,IN,152.53299,72.53304,+20:32:47,1.0,ADI,163.025,-39.0,18:45:39.7,SYNC,0.0,ao188ttctrl.oct,0.001,0.0,4.5,1.414213562373095,2000.0,0.01,SCI,675-50,Unknown,675-50,Nasmyth-IR,-0.12,VMPA00010811,294912.0,4.5,22:07:52.126,22:07:57.588,22:07:46.663,140.4,VAMPIRES,20.546294444444,180.0,IR,8486388.0,8486388.0,127634.1228763144,54026.3046875,54026.3046875,165.9449699795508,18592.19921875,18592.19921875,86.822294183957,59409.33879774885,59409.33886097222,59409.33873452546,0.0,500,1002,77.31856727600098,17.18190383911133,1616977.375,1616977.375,28407.20324210536,HD173667,Observation,IMAG_POL,NAOJ,"""[Summit] Vievard, Skaf [Hilo] Guyon, Lozi, Deo, Ahn""",4.0,622.7,278.05,11.0,-88.00817934881559,-88.00603537440934,-0.0122121913701818,-87.99382318303915,-78.6,-0.9728089518322,0.23160903098786,-0.23160903098786,-0.9728089518322,331174.4302244689,331174.4302244689,331609.42293218,338523022.064,338523022.064,2474212.397490373,15.0,128.0,128.0,256,256,o21013,3.89376e-05,6.24,-5:14:20.45,ICRS,17.58157104787457,45.0,HWP(NIR),89,540263040.0,540263040.0,1659449.550433155,Subaru,NS_IR,UTC,5.0,231.6880798339844,17822.55470147356,5790564.0,11462.0888671875,3180.90869140625,290.3779459034149,881718.6875,624706752.0,83176.015625,10106338304.0,0.5632088757345889,08:07:52.126,08:07:57.588,08:07:46.663,T,10000.0,501.0,100000.0,10000.0,2.0,1.0,675-50,A,0.0,1,45.0,3.0,1.0,EmptySlot,5.0,4.0,HD173667_08_20210714_675-50_EmptySlot_0,9,/data/20210714/,2.0,152.0,165.0,89224273920.0,89224273920.0,1738136416.203995,675.0838654091856,48.5,699.3999999999999,650.8999999999999,2,21.3215,182.0,183.0,5790564.0,298803635.65755475,0,0.0,0.0,0.0,0.0,0,0,102.0,73,73,76,3,534846719.7480469,443179719.0671387,5479.526611328125,91667000.6809082,104372.39179686218,4246.139342381749,0.0,,
HD173667_08_20210714_675-50_EmptySlot_09_cam2_FLC2_fix_coll.fits,True,-32,3,366,366,1,True,1.073,68.6785,OFF,84.07088,DARKS_256_10ms_em1_20210715_625-50_EmptySlot_00_cam2_coll.fits,150,e-/s,-1.7333333333333e-06,1.7333333333333e-06,median,183.5,183.5,-78.58520833333337,20.54629444444445,RA---TAN,DEC--TAN,deg,deg,ACQUISITION,2021-07-14T08:08:02,2021-07-14,0.00015,20:32:46.66,-166.6081793488156,VCAM2 - Ultra 897,1.0,7.92,0.0718429257239067,0.0,3.0,3.0,12.4,7.6,SCEXAO,348.72,35708928.0,MIRROR,152.63,15629312.0,ao188cmtx.oct,10.0,OPEN,1.0,1.0,TRACK,98.77631,+20:32:46.71,ADI,53.022,-39.0,18:45:39.730,0.0,ON,0.0,0.01,IN,152.53299,72.53304,+20:32:47,1.0,ADI,163.025,-39.0,18:45:39.7,SYNC,0.0,ao188ttctrl.oct,0.001,0.0,4.5,1.414213562373095,2000.0,0.01,SCI,675-50,Unknown,675-50,Nasmyth-IR,-0.12,VMPA00010811,294912.0,4.5,22:07:52.126,22:07:57.588,22:07:46.663,140.4,VAMPIRES,20.546294444444,180.0,IR,8665439.0,8665439.0,131679.0133228531,55708.2578125,55708.2578125,170.4026610227621,19133.32421875,19133.32421875,89.73138259229201,59409.33879774885,59409.33886097222,59409.33873452546,0.0,500,1002,77.31856727600098,17.18190383911133,1658138.875,1658138.875,29837.93177191379,HD173667,Observation,IMAG_POL,NAOJ,"""[Summit] Vievard, Skaf [Hilo] Guyon, Lozi, Deo, Ahn""",4.0,622.7,278.05,11.0,-88.00817934881559,-88.00603537440934,-0.0122121913701818,-87.99382318303915,-78.6,-0.9728089518322,0.23160903098786,-0.23160903098786,-0.9728089518322,334318.6865412566,334318.6865412566,334771.6977460846,349056205.346,349056205.346,2559724.474963178,15.0,128.0,128.0,256,256,o21013,3.89376e-05,6.24,-5:14:20.45,ICRS,17.58157104787457,45.0,HWP(NIR),89,557082624.0,557082624.0,1704026.549434523,Subaru,NS_IR,UTC,5.0,231.8224182128906,17710.91828056681,5920939.0,11871.9111328125,3302.4501953125,290.5463140928821,906997.875,644336128.0,83224.25,10767798272.0,0.6000709036733597,08:07:52.126,08:07:57.588,08:07:46.663,T,10000.0,501.0,100000.0,10000.0,2.0,1.0,675-50,B,0.0,2,45.0,3.0,1.0,EmptySlot,5.0,4.0,HD173667_08_20210714_675-50_EmptySlot_0,9,/data/20210714/,2.0,152.0,165.0,94360395776.0,94360395776.0,1879251233.094677,675.0838654091856,48.5,699.3999999999999,650.8999999999999,2,21.3215,182.0,182.0,5920939.0,307850145.14313555,0,0.0,0.0,0.0,0.0,0,0,101.0,73,73,76,3,551960426.7822266,458330562.21362305,5596.859619140625,93629864.56860352,104857.27412064724,4370.994440369245,0.0,,
HD173667_08_20210714_675-50_EmptySlot_010_cam1_FLC1_fix_coll.fits,True,-32,3,366,366,1,True,1.073,68.75706,OFF,84.07832,DARKS_256_10ms_em1_20210715_625-50_EmptySlot_00_cam1_coll.fits,150,e-/s,-1.7333333333333e-06,1.7333333333333e-06,median,183.5,183.5,-78.5851916666667,20.54633611111112,RA---TAN,DEC--TAN,deg,deg,ACQUISITION,2021-07-14T08:08:20,2021-07-14,0.00015,20:32:46.81,-166.6306948813047,VCAM1 - Ultra 897,1.0,7.92,0.0718429257239067,0.0,3.0,3.0,12.4,7.6,SCEXAO,348.72,35708928.0,MIRROR,152.63,15629312.0,ao188cmtx.oct,10.0,OPEN,1.0,1.0,TRACK,98.81884,+20:32:46.71,ADI,53.0,-39.0,18:45:39.730,0.0,ON,0.0,0.01,IN,152.489,72.48896,+20:32:47,1.0,ADI,163.025,-39.0,18:45:39.7,SYNC,0.0,ao188ttctrl.oct,0.001,0.0,4.5,1.414213562373095,2000.0,0.01,SCI,675-50,Unknown,675-50,Nasmyth-IR,-0.12,VMPA00010813,294912.0,4.5,22:08:12.191,22:08:17.673,22:08:06.708,140.4,VAMPIRES,20.546336111111,180.0,IR,5758550.0,5758550.0,131396.0501006404,43696.1171875,43696.1171875,186.9470091739035,18510.076171875,18510.076171875,73.80398939803833,59409.33902998264,59409.3390934375,59409.33896652778,0.0,500,1002,83.20051002502441,18.4890022277832,996703.375,996703.375,28478.68754026105,HD173667,Observation,IMAG_POL,NAOJ,"""[Summit] Vievard, Skaf [Hilo] Guyon, Lozi, Deo, Ahn""",4.2,622.8,278.05,10.9,-88.0306948813047,-88.02848715865078,-0.0123363736535395,-88.01615078499724,-78.6,-0.97289989215796,0.2312267282107,-0.2312267282107,-0.97289989215796,311838.7677604251,311838.7677604251,312336.7702502648,243270357.21,243270357.21,2491211.059218011,15.0,128.0,128.0,256,256,o21013,3.89376e-05,6.24,-5:14:20.446,ICRS,17.58157104787457,22.5,HWP(NIR),89,436961152.0,436961152.0,1869469.999151845,Subaru,NS_IR,UTC,5.0,251.4791870117188,10302.47937214706,3354901.5,9920.5751953125,3627.199951171875,315.1824203223956,406421.40625,553865728.0,90281.03125,4031934208.0,0.2246927684406467,08:08:12.191,08:08:17.673,08:08:06.708,T,10000.0,501.0,100000.0,10000.0,1.0,1.0,675-50,A,0.0,1,22.5,3.0,1.0,EmptySlot,5.0,4.0,HD173667_08_20210714_675-50_EmptySlot_0,10,/data/20210714/,3.0,152.0,165.0,45917614080.0,45917614080.0,1502199242.688415,675.0838654091856,48.5,699.3999999999999,650.8999999999999,2,21.24294,182.0,183.0,3354901.5,207411935.0862796,"(0.028346272629990968, 0.0)",0.013575290226892795,-0.0753825303965007,0.0,0.0,0,0,100.0,73,73,76,3,441813762.4711914,341041186.6945801,6023.825439453125,100772575.77661133,97784.12539465837,3487.6948105649267,0.0001381335104223187,,
HD173667_08_20210714_675-50_EmptySlot_010_cam1_FLC2_fix_coll.fits,True,-32,3,366,366,1,True,1.073,68.75706,OFF,84.07832,DARKS_256_10ms_em1_20210715_625-50_EmptySlot_00_cam1_coll.fits,150,e-/s,-1.7333333333333e-06,1.7333333333333e-06,median,183.5,183.5,-78.5851916666667,20.54633611111112,RA---TAN,DEC--TAN,deg,deg,ACQUISITION,2021-07-14T08:08:20,2021-07-14,0.00015,20:32:46.81,-166.6306948813047,VCAM1 - Ultra 897,1.0,7.92,0.0718429257239067,0.0,3.0,3.0,12.4,7.6,SCEXAO,348.72,35708928.0,MIRROR,152.63,15629312.0,ao188cmtx.oct,10.0,OPEN,1.0,1.0,TRACK,98.81884,+20:32:46.71,ADI,53.0,-39.0,18:45:39.730,0.0,ON,0.0,0.01,IN,152.489,72.48896,+20:32:47,1.0,ADI,163.025,-39.0,18:45:39.7,SYNC,0.0,ao188ttctrl.oct,0.001,0.0,4.5,1.414213562373095,2000.0,0.01,SCI,675-50,Unknown,675-50,Nasmyth-IR,-0.12,VMPA00010813,294912.0,4.5,22:08:12.191,22:08:17.673,22:08:06.708,140.4,VAMPIRES,20.546336111111,180.0,IR,5424384.5,5424384.5,121733.284828111,41780.26171875,41780.26171875,180.2983754898672,17807.849609375,17807.849609375,71.92040238026323,59409.33902998264,59409.3390934375,59409.33896652778,0.0,500,1002,83.20051002502441,18.4890022277832,935783.3125,935783.3125,26141.97134800903,HD173667,Observation,IMAG_POL,NAOJ,"""[Summit] Vievard, Skaf [Hilo] Guyon, Lozi, Deo, Ahn""",4.2,622.8,278.05,10.9,-88.0306948813047,-88.02848715865078,-0.0123363736535395,-88.01615078499724,-78.6,-0.97289989215796,0.2312267282107,-0.2312267282107,-0.97289989215796,308344.5384194573,308344.5384194573,308815.2323316887,232329766.824,232329766.824,2381802.624732973,15.0,128.0,128.0,256,256,o21013,3.89376e-05,6.24,-5:14:20.446,ICRS,17.58157104787457,22.5,HWP(NIR),89,417802592.0,417802592.0,1802983.648336057,Subaru,NS_IR,UTC,5.0,251.3296203613281,10181.13297632569,3171119.25,9507.4345703125,3478.88671875,314.9949663249901,385137.46875,530838112.0,90227.3359375,3661669376.0,0.2040585452945405,08:08:12.191,08:08:17.673,08:08:06.708,T,10000.0,501.0,100000.0,10000.0,1.0,1.0,675-50,B,0.0,2,22.5,3.0,1.0,EmptySlot,5.0,4.0,HD173667_08_20210714_675-50_EmptySlot_0,10,/data/20210714/,3.0,152.0,165.0,41193652224.0,41193652224.0,1322584753.307339,675.0838654091856,48.5,699.3999999999999,650.8999999999999,2,21.24294,182.0,183.0,3171119.25,198402163.99704725,0,0.0,0.0,0.0,0.0,0,0,100.0,73,73,76,3,423243337.92529297,326167225.8405762,5802.864013671875,97076112.0847168,95618.65929520292,3411.125278734583,0.0,,
HD173667_08_20210714_675-50_EmptySlot_010_cam2_FLC1_fix_coll.fits,True,-32,3,366,366,1,True,1.073,68.75706,OFF,84.07832,DARKS_256_10ms_em1_20210715_625-50_EmptySlot_00_cam2_coll.fits,150,e-/s,-1.7333333333333e-06,1.7333333333333e-06,median,183.5,183.5,-78.5851916666667,20.54633611111112,RA---TAN,DEC--TAN,deg,deg,ACQUISITION,2021-07-14T08:08:22,2021-07-14,0.00015,20:32:46.81,-166.6306948813047,VCAM2 - Ultra 897,1.0,7.92,0.0718429257239067,0.0,3.0,3.0,12.4,7.6,SCEXAO,348.72,35708928.0,MIRROR,152.63,15629312.0,ao188cmtx.oct,10.0,OPEN,1.0,1.0,TRACK,98.81884,+20:32:46.71,ADI,53.0,-39.0,18:45:39.730,0.0,ON,0.0,0.01,IN,152.489,72.48896,+20:32:47,1.0,ADI,163.025,-39.0,18:45:39.7,SYNC,0.0,ao188ttctrl.oct,0.001,0.0,4.5,1.414213562373095,2000.0,0.01,SCI,675-50,Unknown,675-50,Nasmyth-IR,-0.12,VMPA00010815,294912.0,4.5,22:08:12.191,22:08:17.673,22:08:06.708,140.4,VAMPIRES,20.546336111111,180.0,IR,6491578.0,6491578.0,146589.3270232796,49355.671875,49355.671875,206.8132066311112,20175.9765625,20175.9765625,84.9384778818678,59409.33902998264,59409.3390934375,59409.33896652778,0.0,500,1002,77.31856727600098,17.18190383911133,1132337.75,1132337.75,31993.68857291671,HD173667,Observation,IMAG_POL,NAOJ,"""[Summit] Vievard, Skaf [Hilo] Guyon, Lozi, Deo, Ahn""",4.2,622.8,278.05,10.9,-88.0306948813047,-88.02848715865078,-0.0123363736535395,-88.01615078499724,-78.6,-0.97289989215796,0.2312267282107,-0.2312267282107,-0.97289989215796,311968.7424702782,311968.7424702782,312600.5405977243,277294808.124,277294808.124,2809689.491062943,15.0,128.0,128.0,256,256,o21013,3.89376e-05,6.24,-5:14:20.446,ICRS,17.58157104787457,22.5,HWP(NIR),89,493556736.0,493556736.0,2068132.116972027,Subaru,NS_IR,UTC,5.0,231.5066986083984,10024.53797785856,3668506.25,11097.498046875,3821.988525390625,290.1506182491444,480535.9375,599686592.0,83110.90625,5332746752.0,0.297184817332155,08:08:12.191,08:08:17.673,08:08:06.708,T,10000.0,501.0,100000.0,10000.0,2.0,1.0,675-50,A,0.0,1,22.5,3.0,1.0,EmptySlot,5.0,4.0,HD173667_08_20210714_675-50_EmptySlot_0,10,/data/20210714/,3.0,152.0,165.0,58855653376.0,58855653376.0,1904047033.114135,675.0838654091856,48.5,699.3999999999999,650.8999999999999,2,21.24294,182.0,183.0,3668506.25,235727988.93216223,0,0.0,0.0,0.0,0.0,0,0,101.0,73,73,76,3,492187311.0673828,385641588.4309082,6368.923583984375,106545722.63647461,100001.10945234387,3856.373099687339,0.0,,
HD173667_08_20210714_675-50_EmptySlot_010_cam2_FLC2_fix_coll.fits,True,-32,3,366,366,1,True,1.073,68.75706,OFF,84.07832,DARKS_256_10ms_em1_20210715_625-50_EmptySlot_00_cam2_coll.fits,150,e-/s,-1.7333333333333e-06,1.7333333333333e-06,median,183.5,183.5,-78.5851916666667,20.54633611111112,RA---TAN,DEC--TAN,deg,deg,ACQUISITION,2021-07-14T08:08:22,2021-07-14,0.00015,20:32:46.81,-166.6306948813047,VCAM2 - Ultra 897,1.0,7.92,0.0718429257239067,0.0,3.0,3.0,12.4,7.6,SCEXAO,348.72,35708928.0,MIRROR,152.63,15629312.0,ao188cmtx.oct,10.0,OPEN,1.0,1.0,TRACK,98.81884,+20:32:46.71,ADI,53.0,-39.0,18:45:39.730,0.0,ON,0.0,0.01,IN,152.489,72.48896,+20:32:47,1.0,ADI,163.025,-39.0,18:45:39.7,SYNC,0.0,ao188ttctrl.oct,0.001,0.0,4.5,1.414213562373095,2000.0,0.01,SCI,675-50,Unknown,675-50,Nasmyth-IR,-0.12,VMPA00010815,294912.0,4.5,22:08:12.191,22:08:17.673,22:08:06.708,140.4,VAMPIRES,20.546336111111,180.0,IR,6458648.5,6458648.5,142742.5074781878,49899.640625,49899.640625,210.1302518848822,20362.05078125,20362.05078125,86.04845962387255,59409.33902998264,59409.3390934375,59409.33896652778,0.0,500,1002,77.31856727600098,17.18190383911133,1128885.375,1128885.375,31155.41463900176,HD173667,Observation,IMAG_POL,NAOJ,"""[Summit] Vievard, Skaf [Hilo] Guyon, Lozi, Deo, Ahn""",4.2,622.8,278.05,10.9,-88.0306948813047,-88.02848715865078,-0.0123363736535395,-88.01615078499724,-78.6,-0.97289989215796,0.2312267282107,-0.2312267282107,-0.97289989215796,312994.6191961384,312994.6191961384,313633.699547197,280534749.948,280534749.948,2840948.907701035,15.0,128.0,128.0,256,256,o21013,3.89376e-05,6.24,-5:14:20.446,ICRS,17.58157104787457,22.5,HWP(NIR),89,498996416.0,498996416.0,2101302.664892012,Subaru,NS_IR,UTC,5.0,231.548095703125,10094.10941102915,3688128.25,11114.509765625,3797.91162109375,290.202501813209,484526.03125,605740800.0,83125.765625,5385269248.0,0.3001118058252303,08:08:12.191,08:08:17.673,08:08:06.708,T,10000.0,501.0,100000.0,10000.0,2.0,1.0,675-50,B,0.0,2,22.5,3.0,1.0,EmptySlot,5.0,4.0,HD173667_08_20210714_675-50_EmptySlot_0,10,/data/20210714/,3.0,152.0,165.0,59237085184.0,59237085184.0,1875921777.248561,675.0838654091856,48.5,699.3999999999999,650.8999999999999,2,21.24294,182.0,183.0,3688128.25,238724929.72882304,0,0.0,0.0,0.0,0.0,0,0,102.0,73,73,76,3,497589835.9135742,390359616.99902344,6409.84033203125,107230218.91455078,105218.26945803338,3709.9984537829673,0.0,,
HD173667_08_20210714_675-50_EmptySlot_011_cam1_FLC1_fix_coll.fits,True,-32,3,366,366,1,True,1.072,68.83681,OFF,84.08606,DARKS_256_10ms_em1_20210715_625-50_EmptySlot_00_cam1_coll.fits,150,e-/s,-1.7333333333333e-06,1.7333333333333e-06,median,183.5,183.5,-78.58518750000003,20.54628611111112,RA---TAN,DEC--TAN,deg,deg,ACQUISITION,2021-07-14T08:08:40,2021-07-14,0.00015,20:32:46.63,-166.6533755088614,VCAM1 - Ultra 897,1.0,7.92,0.0718429257239067,0.0,3.0,3.0,12.4,7.6,SCEXAO,348.72,35708928.0,MIRROR,152.63,15629312.0,ao188cmtx.oct,10.0,OPEN,1.0,1.0,TRACK,98.85529,+20:32:46.71,ADI,52.977,-39.0,18:45:39.730,0.0,ON,0.0,0.01,IN,152.43902,72.43898,+20:32:47,1.0,ADI,163.025,-39.0,18:45:39.7,SYNC,0.0,ao188ttctrl.oct,0.001,0.0,4.5,1.414213562373095,2000.0,0.01,SCI,675-50,Unknown,675-50,Nasmyth-IR,-0.12,VMPA00010817,294912.0,4.5,22:08:32.623,22:08:38.095,22:08:27.150,140.4,VAMPIRES,20.546286111111,180.0,IR,3615592.75,3615592.75,100557.7099008481,38491.046875,38491.046875,264.8119404053563,19433.69921875,19433.69921875,55.29785735971342,59409.33926646412,59409.33932980324,59409.339203125,0.0,500,1002,83.20051002502441,18.4890022277832,539223.125,539223.125,17231.40676522819,HD173667,Observation,IMAG_POL,NAOJ,"""[Summit] Vievard, Skaf [Hilo] Guyon, Lozi, Deo, Ahn""",4.1,622.7,278.05,11.0,-88.05337550886142,-88.05181806999143,-0.0123656129077574,-88.03945245708367,-78.6,-0.97299134740622,0.23084158609882,-0.23084158609882,-0.97299134740622,291309.8652660259,291309.8652660259,292129.8196645375,182175820.578,182175820.578,2802593.288563363,15.0,128.0,128.0,256,256,o21013,3.89376e-05,6.24,-5:14:20.445,ICRS,17.58157104787457,67.5,HWP(NIR),89,384910464.0,384910464.0,2648119.493496282,Subaru,NS_IR,UTC,5.0,251.2493743896484,5013.884159209265,1870948.375,9333.83203125,4013.6318359375,314.8943929142213,186264.15625,527585504.0,90198.5234375,1738558336.0,0.0968868700377871,08:08:32.623,08:08:38.095,08:08:27.150,T,10000.0,501.0,100000.0,10000.0,1.0,1.0,675-50,A,0.0,1,67.5,3.0,1.0,EmptySlot,5.0,4.0,HD173667_08_20210714_675-50_EmptySlot_0,11,/data/20210714/,4.0,152.0,165.0,22716903424.0,22716903424.0,794295766.439939,675.0838654091856,48.5,699.3999999999999,650.8999999999999,2,21.16319,182.0,183.0,1870948.375,152331455.70990527,"(0.011618855125220415, 0.0)",0.0057364497903914825,-0.07254110885161112,0.0,0.0,0,0,101.0,73,73,76,3,400280234.1171875,287696714.78149414,6729.841552734375,112583519.33569336,90461.03911117994,3180.338382227782,0.00015494860272343466,,
HD173667_08_20210714_675-50_EmptySlot_011_cam1_FLC2_fix_coll.fits,True,-32,3,366,366,1,True,1.072,68.83681,OFF,84.08606,DARKS_256_10ms_em1_20210715_625-50_EmptySlot_00_cam1_coll.fits,150,e-/s,-1.7333333333333e-06,1.7333333333333e-06,median,183.5,183.5,-78.58518750000003,20.54628611111112,RA---TAN,DEC--TAN,deg,deg,ACQUISITION,2021-07-14T08:08:40,2021-07-14,0.00015,20:32:46.63,-166.6533755088614,VCAM1 - Ultra 897,1.0,7.92,0.0718429257239067,0.0,3.0,3.0,12.4,7.6,SCEXAO,348.72,35708928.0,MIRROR,152.63,15629312.0,ao188cmtx.oct,10.0,OPEN,1.0,1.0,TRACK,98.85529,+20:32:46.71,ADI,52.977,-39.0,18:45:39.730,0.0,ON,0.0,0.01,IN,152.43902,72.43898,+20:32:47,1.0,ADI,163.025,-39.0,18:45:39.7,SYNC,0.0,ao188ttctrl.oct,0.001,0.0,4.5,1.414213562373095,2000.0,0.01,SCI,675-50,Unknown,675-50,Nasmyth-IR,-0.12,VMPA00010817,294912.0,4.5,22:08:32.623,22:08:38.095,22:08:27.150,140.4,VAMPIRES,20.546286111111,180.0,IR,3499209.0,3499209.0,96958.02058862962,37495.53125,37495.53125,258.5302708068853,19057.5,19057.5,50.59505592557981,59409.33926646412,59409.33932980324,59409.339203125,0.0,500,1002,83.20051002502441,18.4890022277832,522176.71875,522176.71875,16748.39931157841,HD173667,Observation,IMAG_POL,NAOJ,"""[Summit] Vievard, Skaf [Hilo] Guyon, Lozi, Deo, Ahn""",4.1,622.7,278.05,11.0,-88.05337550886142,-88.05181806999143,-0.0123656129077574,-88.03945245708367,-78.6,-0.97299134740622,0.23084158609882,-0.23084158609882,-0.97299134740622,289597.1700886698,289597.1700886698,290385.4588418956,177094187.694,177094187.694,2724431.752308358,15.0,128.0,128.0,256,256,o21013,3.89376e-05,6.24,-5:14:20.445,ICRS,17.58157104787457,67.5,HWP(NIR),89,374955296.0,374955296.0,2585302.619674291,Subaru,NS_IR,UTC,5.0,251.1776123046875,4922.974210038257,1816308.75,9138.517578125,3969.73974609375,314.8044524786166,179111.046875,518574304.0,90172.765625,1636809472.0,0.091216580603875,08:08:32.623,08:08:38.095,08:08:27.150,T,10000.0,501.0,100000.0,10000.0,1.0,1.0,675-50,B,0.0,2,67.5,3.0,1.0,EmptySlot,5.0,4.0,HD173667_08_20210714_675-50_EmptySlot_0,11,/data/20210714/,4.0,152.0,165.0,21421107200.0,21421107200.0,747694695.8783399,675.0838654091856,48.5,699.3999999999999,650.8999999999999,2,21.16319,182.0,183.0,1816308.75,148420503.59444785,0,0.0,0.0,0.0,0.0,0,0,101.0,73,73,76,3,391265502.4897461,280940618.7023926,6594.828369140625,110324883.78735352,92197.37099021448,3047.165181447643,0.0,,
HD173667_08_20210714_675-50_EmptySlot_011_cam2_FLC1_fix_coll.fits,True,-32,3,366,366,1,True,1.072,68.83681,OFF,84.08606,DARKS_256_10ms_em1_20210715_625-50_EmptySlot_00_cam2_coll.fits,150,e-/s,-1.7333333333333e-06,1.7333333333333e-06,median,183.5,183.5,-78.58518750000003,20.54628611111112,RA---TAN,DEC--TAN,deg,deg,ACQUISITION,2021-07-14T08:08:42,2021-07-14,0.00015,20:32:46.63,-166.6533755088614,VCAM2 - Ultra 897,1.0,7.92,0.0718429257239067,0.0,3.0,3.0,12.4,7.6,SCEXAO,348.72,35708928.0,MIRROR,152.63,15629312.0,ao188cmtx.oct,10.0,OPEN,1.0,1.0,TRACK,98.85529,+20:32:46.71,ADI,52.977,-39.0,18:45:39.730,0.0,ON,0.0,0.01,IN,152.43902,72.43898,+20:32:47,1.0,ADI,163.025,-39.0,18:45:39.7,SYNC,0.0,ao188ttctrl.oct,0.001,0.0,4.5,1.414213562373095,2000.0,0.01,SCI,675-50,Unknown,675-50,Nasmyth-IR,-0.12,VMPA00010819,294912.0,4.5,22:08:32.623,22:08:38.095,22:08:27.150,140.4,VAMPIRES,20.546286111111,180.0,IR,4154609.75,4154609.75,114727.5496905255,43888.55078125,43888.55078125,302.0584784595121,21450.376953125,21450.376953125,59.97956463694991,59409.33926646412,59409.33932980324,59409.339203125,0.0,500,1002,77.31856727600098,17.18190383911133,623990.8125,623990.8125,19830.01962425991,HD173667,Observation,IMAG_POL,NAOJ,"""[Summit] Vievard, Skaf [Hilo] Guyon, Lozi, Deo, Ahn""",4.1,622.7,278.05,11.0,-88.05337550886142,-88.05181806999143,-0.0123656129077574,-88.03945245708367,-78.6,-0.97299134740622,0.23084158609882,-0.23084158609882,-0.97299134740622,289177.036125567,289177.036125567,290298.7455670693,210065873.274,210065873.274,3228568.89737577,15.0,128.0,128.0,256,256,o21013,3.89376e-05,6.24,-5:14:20.445,ICRS,17.58157104787457,67.5,HWP(NIR),89,438885536.0,438885536.0,3020584.735331748,Subaru,NS_IR,UTC,5.0,231.2721405029297,4936.92943700726,2099131.75,10561.6474609375,4365.138671875,289.8566432595384,225457.796875,575588672.0,83026.703125,2381205760.0,0.1327005072105616,08:08:32.623,08:08:38.095,08:08:27.150,T,10000.0,501.0,100000.0,10000.0,2.0,1.0,675-50,A,0.0,1,67.5,3.0,1.0,EmptySlot,5.0,4.0,HD173667_08_20210714_675-50_EmptySlot_0,11,/data/20210714/,4.0,152.0,165.0,29977372672.0,29977372672.0,1042364864.509232,675.0838654091856,48.5,699.3999999999999,650.8999999999999,2,21.16319,182.0,183.0,2099131.75,174946077.34304237,0,0.0,0.0,0.0,0.0,0,0,102.0,73,73,76,3,449444940.5419922,328655536.30493164,7220.360107421875,120789404.23706055,96760.22986926204,3396.5973080985427,0.0,,
HD173667_08_20210714_675-50_EmptySlot_011_cam2_FLC2_fix_coll.fits,True,-32,3,366,366,1,True,1.072,68.83681,OFF,84.08606,DARKS_256_10ms_em1_20210715_625-50_EmptySlot_00_cam2_coll.fits,150,e-/s,-1.7333333333333e-06,1.7333333333333e-06,median,183.5,183.5,-78.58518750000003,20.54628611111112,RA---TAN,DEC--TAN,deg,deg,ACQUISITION,2021-07-14T08:08:42,2021-07-14,0.00015,20:32:46.63,-166.6533755088614,VCAM2 - Ultra 897,1.0,7.92,0.0718429257239067,0.0,3.0,3.0,12.4,7.6,SCEXAO,348.72,35708928.0,MIRROR,152.63,15629312.0,ao188cmtx.oct,10.0,OPEN,1.0,1.0,TRACK,98.85529,+20:32:46.71,ADI,52.977,-39.0,18:45:39.730,0.0,ON,0.0,0.01,IN,152.43902,72.43898,+20:32:47,1.0,ADI,163.025,-39.0,18:45:39.7,SYNC,0.0,ao188ttctrl.oct,0.001,0.0,4.5,1.414213562373095,2000.0,0.01,SCI,675-50,Unknown,675-50,Nasmyth-IR,-0.12,VMPA00010819,294912.0,4.5,22:08:32.623,22:08:38.095,22:08:27.150,140.4,VAMPIRES,20.546286111111,180.0,IR,4105372.5,4105372.5,113893.898827154,43740.0234375,43740.0234375,302.0598541653967,21423.376953125,21423.376953125,58.60905040432456,59409.33926646412,59409.33932980324,59409.339203125,0.0,500,1002,77.31856727600098,17.18190383911133,617408.5,617408.5,19690.52811365353,HD173667,Observation,IMAG_POL,NAOJ,"""[Summit] Vievard, Skaf [Hilo] Guyon, Lozi, Deo, Ahn""",4.1,622.7,278.05,11.0,-88.05337550886142,-88.05181806999143,-0.0123656129077574,-88.03945245708367,-78.6,-0.97299134740622,0.23084158609882,-0.23084158609882,-0.97299134740622,288887.2210549228,288887.2210549228,290008.6932493549,209230105.608,209230105.608,3223771.327221885,15.0,128.0,128.0,256,256,o21013,3.89376e-05,6.24,-5:14:20.445,ICRS,17.58157104787457,67.5,HWP(NIR),89,437400288.0,437400288.0,3020598.330625051,Subaru,NS_IR,UTC,5.0,231.2554626464844,4938.962275000202,2109610.0,10446.3984375,4291.90576171875,289.8357406662754,223105.515625,574092288.0,83020.7109375,2330649088.0,0.129883070712643,08:08:32.623,08:08:38.095,08:08:27.150,T,10000.0,501.0,100000.0,10000.0,2.0,1.0,675-50,B,0.0,2,67.5,3.0,1.0,EmptySlot,5.0,4.0,HD173667_08_20210714_675-50_EmptySlot_0,11,/data/20210714/,4.0,152.0,165.0,29566648320.0,29566648320.0,1029134692.127318,675.0838654091856,48.5,699.3999999999999,650.8999999999999,2,21.16319,182.0,183.0,2109610.0,174484797.3156349,0,0.0,0.0,0.013072513063312766,-0.003919420218250656,0,0,102.0,73,73,76,3,448515026.6723633,328933626.9560547,7148.14990234375,119581399.7163086,100288.80671669953,3279.8638026000413,0.0,,
HD173667_08_20210714_675-50_EmptySlot_012_cam1_FLC1_fix_coll.fits,True,-32,3,366,366,1,True,1.072,68.92088,OFF,84.09401,DARKS_256_10ms_em1_20210715_625-50_EmptySlot_00_cam1_coll.fits,150,e-/s,-1.7333333333333e-06,1.7333333333333e-06,median,183.5,183.5,-78.58520833333337,20.54628611111112,RA---TAN,DEC--TAN,deg,deg,ACQUISITION,2021-07-14T08:09:02,2021-07-14,0.00015,20:32:46.63,-166.6774598648764,VCAM1 - Ultra 897,1.0,7.92,0.0718429257239067,0.0,3.0,3.0,12.4,7.6,SCEXAO,348.72,35708928.0,MIRROR,152.63,15629312.0,ao188cmtx.oct,10.0,OPEN,1.0,1.0,TRACK,98.90358,+20:32:46.71,ADI,52.952,-39.0,18:45:39.730,0.0,ON,0.0,0.01,IN,152.386,72.389,+20:32:47,1.0,ADI,163.025,-39.0,18:45:39.7,SYNC,0.0,ao188ttctrl.oct,0.001,0.0,4.5,1.414213562373095,2000.0,0.01,SCI,675-50,Unknown,675-50,Nasmyth-IR,-0.12,VMPA00010821,294912.0,4.5,22:08:54.202,22:08:59.674,22:08:48.730,140.4,VAMPIRES,20.546286111111,180.0,IR,7431127.5,7431127.5,122539.6221211373,46841.94921875,46841.94921875,138.6959158730581,17516.69921875,17516.69921875,75.458286642564,59409.33951622685,59409.33957956018,59409.33945289352,0.0,500,1002,83.20051002502441,18.4890022277832,1382699.625,1382699.625,26757.11644370419,HD173667,Observation,IMAG_POL,NAOJ,"""[Summit] Vievard, Skaf [Hilo] Guyon, Lozi, Deo, Ahn""",4.2,622.7,278.05,10.9,-88.07745986487642,-88.07534231968224,-0.0123955387449541,-88.06294678093728,-78.6,-0.97308829600518,0.2304325675284,-0.2304325675284,-0.97308829600518,324901.1767614282,324901.1767614282,325210.4888933895,284315675.274,284315675.274,2028828.58199364,15.0,128.0,128.0,256,256,o21013,3.89376e-05,6.24,-5:14:20.45,ICRS,17.58157104787457,0.0,HWP(NIR),89,468419488.0,468419488.0,1386958.997314424,Subaru,NS_IR,UTC,5.0,251.5885162353516,17351.63957987865,5453959.0,10226.689453125,3198.22705078125,315.3194441839963,705317.6875,570956096.0,90320.2734375,7213065216.0,0.4019717358259958,08:08:54.202,08:08:59.674,08:08:48.730,T,10000.0,501.0,100000.0,10000.0,1.0,1.0,675-50,A,0.0,1,0.0,4.0,1.0,EmptySlot,5.0,4.0,HD173667_08_20210714_675-50_EmptySlot_0,12,/data/20210714/,1.0,152.0,165.0,66269032448.0,66269032448.0,1390981019.583199,675.0838654091856,48.5,699.3999999999999,650.8999999999999,2,21.07912,182.0,183.0,5453959.0,251553795.4851755,"(-0.00681464324907001, 0.0)",-0.003544748554225951,-0.07271637245869932,0.0,0.0,0,0,100.0,73,73,76,3,472314580.64624023,381853211.5493164,5407.458251953125,90461369.09692383,93186.31170903903,4097.739298252286,0.00011604233204171376,,
HD173667_08_20210714_675-50_EmptySlot_012_cam1_FLC2_fix_coll.fits,True,-32,3,366,366,1,True,1.072,68.92088,OFF,84.09401,DARKS_256_10ms_em1_20210715_625-50_EmptySlot_00_cam1_coll.fits,150,e-/s,-1.7333333333333e-06,1.7333333333333e-06,median,183.5,183.5,-78.58520833333337,20.54628611111112,RA---TAN,DEC--TAN,deg,deg,ACQUISITION,2021-07-14T08:09:02,2021-07-14,0.00015,20:32:46.63,-166.6774598648764,VCAM1 - Ultra 897,1.0,7.92,0.0718429257239067,0.0,3.0,3.0,12.4,7.6,SCEXAO,348.72,35708928.0,MIRROR,152.63,15629312.0,ao188cmtx.oct,10.0,OPEN,1.0,1.0,TRACK,98.90358,+20:32:46.71,ADI,52.952,-39.0,18:45:39.730,0.0,ON,0.0,0.01,IN,152.386,72.389,+20:32:47,1.0,ADI,163.025,-39.0,18:45:39.7,SYNC,0.0,ao188ttctrl.oct,0.001,0.0,4.5,1.414213562373095,2000.0,0.01,SCI,675-50,Unknown,675-50,Nasmyth-IR,-0.12,VMPA00010821,294912.0,4.5,22:08:54.202,22:08:59.674,22:08:48.730,140.4,VAMPIRES,20.546286111111,180.0,IR,7392106.5,7392106.5,121272.1293487713,46320.65234375,46320.65234375,140.7654251738159,17273.0234375,17273.0234375,71.4025637568704,59409.33951622685,59409.33957956018,59409.33945289352,0.0,500,1002,83.20051002502441,18.4890022277832,1375168.75,1375168.75,26654.8638501781,HD173667,Observation,IMAG_POL,NAOJ,"""[Summit] Vievard, Skaf [Hilo] Guyon, Lozi, Deo, Ahn""",4.2,622.7,278.05,10.9,-88.07745986487642,-88.07534231968224,-0.0123955387449541,-88.06294678093728,-78.6,-0.97308829600518,0.2304325675284,-0.2304325675284,-0.97308829600518,324031.2991296046,324031.2991296046,324338.3030024989,281489980.824,281489980.824,2012524.54619794,15.0,128.0,128.0,256,256,o21013,3.89376e-05,6.24,-5:14:20.45,ICRS,17.58157104787457,0.0,HWP(NIR),89,463206496.0,463206496.0,1407654.25365978,Subaru,NS_IR,UTC,5.0,251.5393218994141,18165.47715641651,5549968.0,10108.451171875,3116.220703125,315.25778822729,730004.5,564385152.0,90302.6171875,7379214848.0,0.4112309694502451,08:08:54.202,08:08:59.674,08:08:48.730,T,10000.0,501.0,100000.0,10000.0,1.0,1.0,675-50,B,0.0,2,0.0,4.0,1.0,EmptySlot,5.0,4.0,HD173667_08_20210714_675-50_EmptySlot_0,12,/data/20210714/,1.0,152.0,165.0,65232187392.0,65232187392.0,1376932130.052066,675.0838654091856,48.5,699.3999999999999,650.8999999999999,2,21.07912,182.0,183.0,5549968.0,251108312.57322007,0,0.0,0.0,0.0,0.0,0,0,100.0,73,73,76,3,468917036.532959,380234741.04052734,5301.111572265625,88682295.49243164,93750.03840610961,4055.8355762310575,0.0,,
HD173667_08_20210714_675-50_EmptySlot_012_cam2_FLC1_fix_coll.fits,True,-32,3,366,366,1,True,1.072,68.92088,OFF,84.09401,DARKS_256_10ms_em1_20210715_625-50_EmptySlot_00_cam2_coll.fits,150,e-/s,-1.7333333333333e-06,1.7333333333333e-06,median,183.5,183.5,-78.58520833333337,20.54628611111112,RA---TAN,DEC--TAN,deg,deg,ACQUISITION,2021-07-14T08:09:04,2021-07-14,0.00015,20:32:46.63,-166.6774598648764,VCAM2 - Ultra 897,1.0,7.92,0.0718429257239067,0.0,3.0,3.0,12.4,7.6,SCEXAO,348.72,35708928.0,MIRROR,152.63,15629312.0,ao188cmtx.oct,10.0,OPEN,1.0,1.0,TRACK,98.90358,+20:32:46.71,ADI,52.952,-39.0,18:45:39.730,0.0,ON,0.0,0.01,IN,152.386,72.389,+20:32:47,1.0,ADI,163.025,-39.0,18:45:39.7,SYNC,0.0,ao188ttctrl.oct,0.001,0.0,4.5,1.414213562373095,2000.0,0.01,SCI,675-50,Unknown,675-50,Nasmyth-IR,-0.12,VMPA00010823,294912.0,4.5,22:08:54.202,22:08:59.674,22:08:48.730,140.4,VAMPIRES,20.546286111111,180.0,IR,8637299.0,8637299.0,142094.3831749095,54256.640625,54256.640625,162.6633546114585,19401.75,19401.75,81.78881017738914,59409.33951622685,59409.33957956018,59409.33945289352,0.0,500,1002,77.31856727600098,17.18190383911133,1615825.125,1615825.125,30853.17092065305,HD173667,Observation,IMAG_POL,NAOJ,"""[Summit] Vievard, Skaf [Hilo] Guyon, Lozi, Deo, Ahn""",4.2,622.7,278.05,10.9,-88.07745986487642,-88.07534231968224,-0.0123955387449541,-88.06294678093728,-78.6,-0.97308829600518,0.2304325675284,-0.2304325675284,-0.97308829600518,329446.3807141126,329446.3807141126,329849.6090787456,332705349.738,332705349.738,2358070.235596631,15.0,128.0,128.0,256,256,o21013,3.89376e-05,6.24,-5:14:20.45,ICRS,17.58157104787457,0.0,HWP(NIR),89,542566400.0,542566400.0,1626633.374566244,Subaru,NS_IR,UTC,5.0,231.7326354980469,17121.80349802575,6215936.0,11667.6904296875,3335.3388671875,290.4337881470819,862079.3125,633287232.0,83192.015625,10058474496.0,0.5605415079223135,08:08:54.202,08:08:59.674,08:08:48.730,T,10000.0,501.0,100000.0,10000.0,2.0,1.0,675-50,A,0.0,1,0.0,4.0,1.0,EmptySlot,5.0,4.0,HD173667_08_20210714_675-50_EmptySlot_0,12,/data/20210714/,1.0,152.0,165.0,89751871488.0,89751871488.0,1865450733.865443,675.0838654091856,48.5,699.3999999999999,650.8999999999999,2,21.07912,182.0,183.0,6215936.0,294098739.48985803,0,0.0,0.0,0.0,0.0,0,0,102.0,73,73,76,3,540186163.4433594,444528405.90063477,5718.079833984375,95657757.54272461,97819.5691852573,4544.370922946479,0.0,,
HD173667_08_20210714_675-50_EmptySlot_012_cam2_FLC2_fix_coll.fits,True,-32,3,366,366,1,True,1.072,68.92088,OFF,84.09401,DARKS_256_10ms_em1_20210715_625-50_EmptySlot_00_cam2_coll.fits,150,e-/s,-1.7333333333333e-06,1.7333333333333e-06,median,183.5,183.5,-78.58520833333337,20.54628611111112,RA---TAN,DEC--TAN,deg,deg,ACQUISITION,2021-07-14T08:09:04,2021-07-14,0.00015,20:32:46.63,-166.6774598648764,VCAM2 - Ultra 897,1.0,7.92,0.0718429257239067,0.0,3.0,3.0,12.4,7.6,SCEXAO,348.72,35708928.0,MIRROR,152.63,15629312.0,ao188cmtx.oct,10.0,OPEN,1.0,1.0,TRACK,98.90358,+20:32:46.71,ADI,52.952,-39.0,18:45:39.730,0.0,ON,0.0,0.01,IN,152.386,72.389,+20:32:47,1.0,ADI,163.025,-39.0,18:45:39.7,SYNC,0.0,ao188ttctrl.oct,0.001,0.0,4.5,1.414213562373095,2000.0,0.01,SCI,675-50,Unknown,675-50,Nasmyth-IR,-0.12,VMPA00010823,294912.0,4.5,22:08:54.202,22:08:59.674,22:08:48.730,140.4,VAMPIRES,20.546286111111,180.0,IR,8513163.0,8513163.0,139487.2061755239,53151.24609375,53151.24609375,156.4584079118053,19089.0,19089.0,82.32310267989374,59409.33951622685,59409.33957956018,59409.33945289352,0.0,500,1002,77.31856727600098,17.18190383911133,1589262.375,1589262.375,30638.91647721897,HD173667,Observation,IMAG_POL,NAOJ,"""[Summit] Vievard, Skaf [Hilo] Guyon, Lozi, Deo, Ahn""",4.2,622.7,278.05,10.9,-88.07745986487642,-88.07534231968224,-0.0123955387449541,-88.06294678093728,-78.6,-0.97308829600518,0.2304325675284,-0.2304325675284,-0.97308829600518,327169.8604357522,327169.8604357522,327562.7107345001,325179073.836,325179073.836,2303231.550836825,15.0,128.0,128.0,256,256,o21013,3.89376e-05,6.24,-5:14:20.45,ICRS,17.58157104787457,0.0,HWP(NIR),89,531512480.0,531512480.0,1564584.098159569,Subaru,NS_IR,UTC,5.0,231.6558227539062,17566.66777206666,6338847.5,11519.3994140625,3329.480712890625,290.3375176489244,873526.3125,625169344.0,83164.4453125,10062498816.0,0.5607657763640199,08:08:54.202,08:08:59.674,08:08:48.730,T,10000.0,501.0,100000.0,10000.0,2.0,1.0,675-50,B,0.0,2,0.0,4.0,1.0,EmptySlot,5.0,4.0,HD173667_08_20210714_675-50_EmptySlot_0,12,/data/20210714/,1.0,152.0,165.0,86437462016.0,86437462016.0,1811162615.426516,675.0838654091856,48.5,699.3999999999999,650.8999999999999,2,21.07912,182.0,183.0,6338847.5,289581716.5584062,0,0.0,0.0,0.0,0.0,0,0,101.0,73,73,76,3,531869640.6154785,437083432.9326172,5665.981689453125,94786207.68286133,96652.70615191861,4522.205847455632,0.0,,
HD173667_08_20210714_675-50_EmptySlot_013_cam1_FLC1_fix_coll.fits,True,-32,3,366,366,1,True,1.071,69.0018,OFF,84.10143,DARKS_256_10ms_em1_20210715_625-50_EmptySlot_00_cam1_coll.fits,150,e-/s,-1.7333333333333e-06,1.7333333333333e-06,median,183.5,183.5,-78.58520416666668,20.54634444444445,RA---TAN,DEC--TAN,deg,deg,ACQUISITION,2021-07-14T08:09:23,2021-07-14,0.00015,20:32:46.84,-166.7008613895245,VCAM1 - Ultra 897,1.0,7.92,0.0718429257239067,0.0,3.0,3.0,12.4,7.6,SCEXAO,348.72,35708928.0,MIRROR,152.63,15629312.0,ao188cmtx.oct,10.0,OPEN,1.0,1.0,TRACK,98.94145,+20:32:46.71,ADI,52.93,-39.0,18:45:39.730,0.0,ON,0.0,0.01,IN,152.34096,72.34102,+20:32:47,1.0,ADI,163.025,-39.0,18:45:39.7,SYNC,0.0,ao188ttctrl.oct,0.001,0.0,4.5,1.414213562373095,2000.0,0.01,SCI,675-50,Unknown,675-50,Nasmyth-IR,-0.12,VMPA00010825,294912.0,4.5,22:09:14.835,22:09:20.275,22:09:09.395,140.4,VAMPIRES,20.546344444444,180.0,IR,8206831.5,8206831.5,102931.3855016832,49133.6640625,49133.6640625,75.87180090304173,17007.30078125,17007.30078125,50.84035738676383,59409.33975503472,59409.33981799769,59409.33969207176,0.0,500,1002,83.20051002502441,18.4890022277832,1591076.25,1591076.25,20569.82271461572,HD173667,Observation,IMAG_POL,NAOJ,"""[Summit] Vievard, Skaf [Hilo] Guyon, Lozi, Deo, Ahn""",4.1,622.7,278.05,10.9,-88.10086138952451,-88.09907088579128,-0.0123291792318838,-88.0867417065594,-78.6,-0.97318233125403,0.23003510630982,-0.23003510630982,-0.97318233125403,333769.0233277167,333769.0233277167,333850.1132572875,312808147.524,312808147.524,1078956.816912248,15.0,128.0,128.0,256,256,o21013,3.89376e-05,6.24,-5:14:20.449,ICRS,17.58157104787457,45.0,HWP(NIR),89,491336704.0,491336704.0,758717.9893774762,Subaru,NS_IR,UTC,5.0,251.7082824707031,21535.51316988654,6112713.5,10484.50390625,3067.783203125,315.4695488999355,897027.1875,592783360.0,90363.2734375,9404884992.0,0.5241180874244984,08:09:14.835,08:09:20.275,08:09:09.395,T,10000.0,501.0,100000.0,10000.0,1.0,1.0,675-50,A,0.0,1,45.0,4.0,1.0,EmptySlot,5.0,4.0,HD173667_08_20210714_675-50_EmptySlot_0,13,/data/20210714/,2.0,152.0,165.0,78600224768.0,78600224768.0,1068174924.928115,675.0838654091856,48.5,699.3999999999999,650.8999999999999,2,20.9982,182.0,183.0,6112713.5,281525546.9187545,"(0.04635210995699804, 0.0)",0.02222122249883286,-0.07534513371792269,0.0,0.0,0,0,101.0,73,73,76,3,495964080.36157227,408501788.8532715,5228.18408203125,87462291.50830078,102163.03754982674,3998.5282216578366,0.00012038349315827626,,
HD173667_08_20210714_675-50_EmptySlot_013_cam1_FLC2_fix_coll.fits,True,-32,3,366,366,1,True,1.071,69.0018,OFF,84.10143,DARKS_256_10ms_em1_20210715_625-50_EmptySlot_00_cam1_coll.fits,150,e-/s,-1.7333333333333e-06,1.7333333333333e-06,median,183.5,183.5,-78.58520416666668,20.54634444444445,RA---TAN,DEC--TAN,deg,deg,ACQUISITION,2021-07-14T08:09:23,2021-07-14,0.00015,20:32:46.84,-166.7008613895245,VCAM1 - Ultra 897,1.0,7.92,0.0718429257239067,0.0,3.0,3.0,12.4,7.6,SCEXAO,348.72,35708928.0,MIRROR,152.63,15629312.0,ao188cmtx.oct,10.0,OPEN,1.0,1.0,TRACK,98.94145,+20:32:46.71,ADI,52.93,-39.0,18:45:39.730,0.0,ON,0.0,0.01,IN,152.34096,72.34102,+20:32:47,1.0,ADI,163.025,-39.0,18:45:39.7,SYNC,0.0,ao188ttctrl.oct,0.001,0.0,4.5,1.414213562373095,2000.0,0.01,SCI,675-50,Unknown,675-50,Nasmyth-IR,-0.12,VMPA00010825,294912.0,4.5,22:09:14.835,22:09:20.275,22:09:09.395,140.4,VAMPIRES,20.546344444444,180.0,IR,7751994.5,7751994.5,97021.58082089004,46212.6640625,46212.6640625,71.65069305792832,16160.1748046875,16160.1748046875,49.9728001337162,59409.33975503472,59409.33981799769,59409.33969207176,0.0,500,1002,83.20051002502441,18.4890022277832,1500159.25,1500159.25,19220.24109171074,HD173667,Observation,IMAG_POL,NAOJ,"""[Summit] Vievard, Skaf [Hilo] Guyon, Lozi, Deo, Ahn""",4.1,622.7,278.05,10.9,-88.10086138952451,-88.09907088579128,-0.0123291792318838,-88.0867417065594,-78.6,-0.97318233125403,0.23003510630982,-0.23003510630982,-0.97318233125403,328062.4037231205,328062.4037231205,328136.6222048629,293900727.888,293900727.888,1006330.600800381,15.0,128.0,128.0,256,256,o21013,3.89376e-05,6.24,-5:14:20.449,ICRS,17.58157104787457,45.0,HWP(NIR),89,462126624.0,462126624.0,716506.8397390216,Subaru,NS_IR,UTC,5.0,251.4991302490234,21310.55793030979,5992733.0,10038.048828125,2996.89501953125,315.2074154636534,850565.25,560454400.0,90288.1875,8538015232.0,0.4758089245752123,08:09:14.835,08:09:20.275,08:09:09.395,T,10000.0,501.0,100000.0,10000.0,1.0,1.0,675-50,B,0.0,2,45.0,4.0,1.0,EmptySlot,5.0,4.0,HD173667_08_20210714_675-50_EmptySlot_0,13,/data/20210714/,2.0,152.0,165.0,69687943168.0,69687943168.0,937615596.7960492,675.0838654091856,48.5,699.3999999999999,650.8999999999999,2,20.9982,182.0,183.0,5992733.0,265304160.23991,0,0.0,0.0,0.0,0.0,0,0,100.0,73,73,76,3,468159480.37768555,385266836.1125488,4955.02685546875,82892644.26513672,100372.9652515232,3838.3526395490467,0.0,,
HD173667_08_20210714_675-50_EmptySlot_013_cam2_FLC1_fix_coll.fits,True,-32,3,366,366,1,True,1.071,69.0018,OFF,84.10143,DARKS_256_10ms_em1_20210715_625-50_EmptySlot_00_cam2_coll.fits,150,e-/s,-1.7333333333333e-06,1.7333333333333e-06,median,183.5,183.5,-78.58520416666668,20.54634444444445,RA---TAN,DEC--TAN,deg,deg,ACQUISITION,2021-07-14T08:09:25,2021-07-14,0.00015,20:32:46.84,-166.7008613895245,VCAM2 - Ultra 897,1.0,7.92,0.0718429257239067,0.0,3.0,3.0,12.4,7.6,SCEXAO,348.72,35708928.0,MIRROR,152.63,15629312.0,ao188cmtx.oct,10.0,OPEN,1.0,1.0,TRACK,98.94145,+20:32:46.71,ADI,52.93,-39.0,18:45:39.730,0.0,ON,0.0,0.01,IN,152.34096,72.34102,+20:32:47,1.0,ADI,163.025,-39.0,18:45:39.7,SYNC,0.0,ao188ttctrl.oct,0.001,0.0,4.5,1.414213562373095,2000.0,0.01,SCI,675-50,Unknown,675-50,Nasmyth-IR,-0.12,VMPA00010825,294912.0,4.5,22:09:14.835,22:09:20.275,22:09:09.395,140.4,VAMPIRES,20.546344444444,180.0,IR,9123566.0,9123566.0,114191.9107868553,54417.34375,54417.34375,82.60471294996044,18065.69921875,18065.69921875,54.38689440234669,59409.33975503472,59409.33981799769,59409.33969207176,0.0,500,1002,77.31856727600098,17.18190383911133,1781692.625,1781692.625,22795.13660268622,HD173667,Observation,IMAG_POL,NAOJ,"""[Summit] Vievard, Skaf [Hilo] Guyon, Lozi, Deo, Ahn""",4.1,622.7,278.05,10.9,-88.10086138952451,-88.09907088579128,-0.0123291792318838,-88.0867417065594,-78.6,-0.97318233125403,0.23003510630982,-0.23003510630982,-0.97318233125403,334905.3367370233,334905.3367370233,335005.0373543204,349830540.81,349830540.81,1199090.280036049,15.0,128.0,128.0,256,256,o21013,3.89376e-05,6.24,-5:14:20.449,ICRS,17.58157104787457,45.0,HWP(NIR),89,544173440.0,544173440.0,826047.069492624,Subaru,NS_IR,UTC,5.0,231.6891174316406,21043.03062088194,6710225.0,11471.43359375,3060.043212890625,290.3792463392263,1041886.3125,630435584.0,83176.390625,11951929344.0,0.6660604945343301,08:09:14.835,08:09:20.275,08:09:09.395,T,10000.0,501.0,100000.0,10000.0,2.0,1.0,675-50,A,0.0,1,45.0,4.0,1.0,EmptySlot,5.0,4.0,HD173667_08_20210714_675-50_EmptySlot_0,13,/data/20210714/,2.0,152.0,165.0,97487798272.0,97487798272.0,1312915391.45539,675.0838654091856,48.5,699.3999999999999,650.8999999999999,2,20.9982,182.0,183.0,6710225.0,314088442.9135642,0,0.0,0.0,0.0,0.0,0,0,102.0,73,73,76,3,543032191.880127,454105933.1657715,5315.69482421875,88926258.71435547,104538.4194983645,4343.914279026152,0.0,,
HD173667_08_20210714_675-50_EmptySlot_013_cam2_FLC2_fix_coll.fits,True,-32,3,366,366,1,True,1.071,69.0018,OFF,84.10143,DARKS_256_10ms_em1_20210715_625-50_EmptySlot_00_cam2_coll.fits,150,e-/s,-1.7333333333333e-06,1.7333333333333e-06,median,183.5,183.5,-78.58520416666668,20.54634444444445,RA---TAN,DEC--TAN,deg,deg,ACQUISITION,2021-07-14T08:09:25,2021-07-14,0.00015,20:32:46.84,-166.7008613895245,VCAM2 - Ultra 897,1.0,7.92,0.0718429257239067,0.0,3.0,3.0,12.4,7.6,SCEXAO,348.72,35708928.0,MIRROR,152.63,15629312.0,ao188cmtx.oct,10.0,OPEN,1.0,1.0,TRACK,98.94145,+20:32:46.71,ADI,52.93,-39.0,18:45:39.730,0.0,ON,0.0,0.01,IN,152.34096,72.34102,+20:32:47,1.0,ADI,163.025,-39.0,18:45:39.7,SYNC,0.0,ao188ttctrl.oct,0.001,0.0,4.5,1.414213562373095,2000.0,0.01,SCI,675-50,Unknown,675-50,Nasmyth-IR,-0.12,VMPA00010825,294912.0,4.5,22:09:14.835,22:09:20.275,22:09:09.395,140.4,VAMPIRES,20.546344444444,180.0,IR,9359210.0,9359210.0,115991.3753114084,56110.3984375,56110.3984375,84.3785655868378,18575.55078125,18575.55078125,56.1047470750805,59409.33975503472,59409.33981799769,59409.33969207176,0.0,500,1002,77.31856727600098,17.18190383911133,1829252.625,1829252.625,23207.97484565957,HD173667,Observation,IMAG_POL,NAOJ,"""[Summit] Vievard, Skaf [Hilo] Guyon, Lozi, Deo, Ahn""",4.1,622.7,278.05,10.9,-88.10086138952451,-88.09907088579128,-0.0123291792318838,-88.0867417065594,-78.6,-0.97318233125403,0.23003510630982,-0.23003510630982,-0.97318233125403,338135.8053814854,338135.8053814854,338238.1919004256,360716429.61,360716429.61,1232492.142991402,15.0,128.0,128.0,256,256,o21013,3.89376e-05,6.24,-5:14:20.449,ICRS,17.58157104787457,45.0,HWP(NIR),89,561104000.0,561104000.0,843785.7073154107,Subaru,NS_IR,UTC,5.0,231.8249206542969,21089.84233367257,7237373.5,11939.2236328125,3205.60498046875,290.5494504380744,1086148.75,650604096.0,83225.1484375,12967773184.0,0.722671726994445,08:09:14.835,08:09:20.275,08:09:09.395,T,10000.0,501.0,100000.0,10000.0,2.0,1.0,675-50,B,0.0,2,45.0,4.0,1.0,EmptySlot,5.0,4.0,HD173667_08_20210714_675-50_EmptySlot_0,13,/data/20210714/,2.0,152.0,165.0,103167164416.0,103167164416.0,1373739417.097076,675.0838654091856,48.5,699.3999999999999,650.8999999999999,2,20.9982,182.0,183.0,7237373.5,324931705.8418608,0,0.0,0.0,0.0,0.0,0,0,101.0,73,73,76,3,560656900.3828125,469022532.68774414,5477.575927734375,91634367.69506836,106254.02099250513,4414.162667037586,0.0,,
HD173667_08_20210714_675-50_EmptySlot_014_cam1_FLC1_fix_coll.fits,True,-32,3,366,366,1,True,1.07,69.08038,OFF,84.10881,DARKS_256_10ms_em1_20210715_625-50_EmptySlot_00_cam1_coll.fits,150,e-/s,-1.7333333333333e-06,1.7333333333333e-06,median,183.5,183.5,-78.58519583333339,20.54631666666668,RA---TAN,DEC--TAN,deg,deg,ACQUISITION,2021-07-14T08:09:43,2021-07-14,0.00015,20:32:46.74,-166.7234148986024,VCAM1 - Ultra 897,1.0,7.92,0.0718429257239067,0.0,3.0,3.0,12.4,7.6,SCEXAO,348.72,35708928.0,MIRROR,152.63,15629312.0,ao188cmtx.oct,10.0,OPEN,1.0,1.0,TRACK,98.97979,+20:32:46.71,ADI,52.907,-39.0,18:45:39.730,0.0,ON,0.0,0.01,IN,152.29402,72.29398,+20:32:47,1.0,ADI,163.025,-39.0,18:45:39.7,SYNC,0.0,ao188ttctrl.oct,0.001,0.0,4.5,1.414213562373095,2000.0,0.01,SCI,675-50,Unknown,675-50,Nasmyth-IR,-0.12,VMPA00010829,294912.0,4.5,22:09:34.835,22:09:40.306,22:09:29.364,140.4,VAMPIRES,20.546316666667,180.0,IR,2400243.75,2400243.75,94970.3350420705,34766.2578125,34766.2578125,240.8426018826391,19803.82421875,19803.82421875,64.38468406242852,59409.33998651621,59409.34004983796,59409.33992319444,0.0,500,1002,83.20051002502441,18.4890022277832,329518.25,329518.25,19255.86025704983,HD173667,Observation,IMAG_POL,NAOJ,"""[Summit] Vievard, Skaf [Hilo] Guyon, Lozi, Deo, Ahn""",4.2,622.7,278.05,10.9,-88.12341489860239,-88.12146145650485,-0.0123579653010494,-88.1091034912038,-78.6,-0.97327280526288,0.22965201182598,-0.22965201182598,-0.97327280526288,277194.8168408219,277194.8168408219,277926.8056427888,141686994.492,141686994.492,2632409.210060212,15.0,128.0,128.0,256,256,o21013,3.89376e-05,6.24,-5:14:20.447,ICRS,17.58157104787457,22.5,HWP(NIR),89,347662592.0,347662592.0,2408425.886059856,Subaru,NS_IR,UTC,5.0,251.10498046875,2328.340571464214,1032855.6875,9075.5263671875,4510.13720703125,314.7134219718169,84151.71875,508783072.0,90146.6875,763721152.0,0.0425608680863574,08:09:34.835,08:09:40.306,08:09:29.364,T,10000.0,501.0,100000.0,10000.0,1.0,1.0,675-50,A,0.0,1,22.5,4.0,1.0,EmptySlot,5.0,4.0,HD173667_08_20210714_675-50_EmptySlot_0,14,/data/20210714/,3.0,152.0,165.0,13389378560.0,13389378560.0,959430163.656642,675.0838654091856,48.5,699.3999999999999,650.8999999999999,2,20.91962,182.0,184.0,1032855.6875,112801846.59931657,"(0.028345213453458848, 0.0)",0.012230806038285637,-0.07671882939409455,0.0,0.0,0,0,100.0,73,73,76,3,367470649.92089844,244303567.12695312,7362.4892578125,123167082.79394531,99958.47195454274,2444.050637729366,0.00020601355379030995,,
HD173667_08_20210714_675-50_EmptySlot_014_cam1_FLC2_fix_coll.fits,True,-32,3,366,366,1,True,1.07,69.08038,OFF,84.10881,DARKS_256_10ms_em1_20210715_625-50_EmptySlot_00_cam1_coll.fits,150,e-/s,-1.7333333333333e-06,1.7333333333333e-06,median,183.5,183.5,-78.58519583333339,20.54631666666668,RA---TAN,DEC--TAN,deg,deg,ACQUISITION,2021-07-14T08:09:43,2021-07-14,0.00015,20:32:46.74,-166.7234148986024,VCAM1 - Ultra 897,1.0,7.92,0.0718429257239067,0.0,3.0,3.0,12.4,7.6,SCEXAO,348.72,35708928.0,MIRROR,152.63,15629312.0,ao188cmtx.oct,10.0,OPEN,1.0,1.0,TRACK,98.97979,+20:32:46.71,ADI,52.907,-39.0,18:45:39.730,0.0,ON,0.0,0.01,IN,152.29402,72.29398,+20:32:47,1.0,ADI,163.025,-39.0,18:45:39.7,SYNC,0.0,ao188ttctrl.oct,0.001,0.0,4.5,1.414213562373095,2000.0,0.01,SCI,675-50,Unknown,675-50,Nasmyth-IR,-0.12,VMPA00010829,294912.0,4.5,22:09:34.835,22:09:40.306,22:09:29.364,140.4,VAMPIRES,20.546316666667,180.0,IR,2321447.75,2321447.75,93400.06189504122,33230.85546875,33230.85546875,233.0822668242424,19027.349609375,19027.349609375,62.92671970057571,59409.33998651621,59409.34004983796,59409.33992319444,0.0,500,1002,83.20051002502441,18.4890022277832,317375.15625,317375.15625,18900.35759210454,HD173667,Observation,IMAG_POL,NAOJ,"""[Summit] Vievard, Skaf [Hilo] Guyon, Lozi, Deo, Ahn""",4.2,622.7,278.05,10.9,-88.12341489860239,-88.12146145650485,-0.0123579653010494,-88.1091034912038,-78.6,-0.97327280526288,0.22965201182598,-0.22965201182598,-0.97327280526288,275015.7657980298,275015.7657980298,275692.6043911968,135504252.09,135504252.09,2496787.797529401,15.0,128.0,128.0,256,256,o21013,3.89376e-05,6.24,-5:14:20.447,ICRS,17.58157104787457,22.5,HWP(NIR),89,332308544.0,332308544.0,2330822.69968713,Subaru,NS_IR,UTC,5.0,250.9633331298828,2350.513725109631,992811.625,8651.5390625,4257.01318359375,314.5358933595015,81030.0078125,487107616.0,90095.8359375,701034304.0,0.0390674377139097,08:09:34.835,08:09:40.306,08:09:29.364,T,10000.0,501.0,100000.0,10000.0,1.0,1.0,675-50,B,0.0,2,22.5,4.0,1.0,EmptySlot,5.0,4.0,HD173667_08_20210714_675-50_EmptySlot_0,14,/data/20210714/,3.0,152.0,165.0,12355914752.0,12355914752.0,902063635.7644856,675.0838654091856,48.5,699.3999999999999,650.8999999999999,2,20.91962,182.0,185.0,992811.625,108123801.72686836,0,0.0,0.0,0.0,0.0,0,0,101.0,73,73,76,3,352104577.37841797,234413223.8395996,7035.169677734375,117691353.53881836,98428.76327450472,2381.5520589835346,0.0,,
HD173667_08_20210714_675-50_EmptySlot_014_cam2_FLC1_fix_coll.fits,True,-32,3,366,366,1,True,1.07,69.08038,OFF,84.10881,DARKS_256_10ms_em1_20210715_625-50_EmptySlot_00_cam2_coll.fits,150,e-/s,-1.7333333333333e-06,1.7333333333333e-06,median,183.5,183.5,-78.58519583333339,20.54631666666668,RA---TAN,DEC--TAN,deg,deg,ACQUISITION,2021-07-14T08:09:44,2021-07-14,0.00015,20:32:46.74,-166.7234148986024,VCAM2 - Ultra 897,1.0,7.92,0.0718429257239067,0.0,3.0,3.0,12.4,7.6,SCEXAO,348.72,35708928.0,MIRROR,152.63,15629312.0,ao188cmtx.oct,10.0,OPEN,1.0,1.0,TRACK,98.97979,+20:32:46.71,ADI,52.907,-39.0,18:45:39.730,0.0,ON,0.0,0.01,IN,152.29402,72.29398,+20:32:47,1.0,ADI,163.025,-39.0,18:45:39.7,SYNC,0.0,ao188ttctrl.oct,0.001,0.0,4.5,1.414213562373095,2000.0,0.01,SCI,675-50,Unknown,675-50,Nasmyth-IR,-0.12,VMPA00010831,294912.0,4.5,22:09:34.835,22:09:40.306,22:09:29.364,140.4,VAMPIRES,20.546316666667,180.0,IR,2716178.0,2716178.0,106126.5030347327,39179.984375,39179.984375,274.5394038591153,21656.923828125,21656.923828125,70.69815321160495,59409.33998651621,59409.34004983796,59409.33992319444,0.0,500,1002,77.31856727600098,17.18190383911133,375905.40625,375905.40625,21760.90624910556,HD173667,Observation,IMAG_POL,NAOJ,"""[Summit] Vievard, Skaf [Hilo] Guyon, Lozi, Deo, Ahn""",4.2,622.7,278.05,10.9,-88.12341489860239,-88.12146145650485,-0.0123579653010494,-88.1091034912038,-78.6,-0.97327280526288,0.22965201182598,-0.22965201182598,-0.97327280526288,272167.5446864696,272167.5446864696,273154.9211114022,161760962.736,161760962.736,2991012.388664063,15.0,128.0,128.0,256,256,o21013,3.89376e-05,6.24,-5:14:20.447,ICRS,17.58157104787457,22.5,HWP(NIR),89,391799840.0,391799840.0,2745394.174851546,Subaru,NS_IR,UTC,5.0,231.0487213134766,2357.328571430873,1184833.25,10052.4287109375,4813.0478515625,289.5766288308493,102562.25,547897600.0,82946.4921875,1030999744.0,0.0574558449593029,08:09:34.835,08:09:40.306,08:09:29.364,T,10000.0,501.0,100000.0,10000.0,2.0,1.0,675-50,A,0.0,1,22.5,4.0,1.0,EmptySlot,5.0,4.0,HD173667_08_20210714_675-50_EmptySlot_0,14,/data/20210714/,3.0,152.0,165.0,17215408128.0,17215408128.0,1222730020.156669,675.0838654091856,48.5,699.3999999999999,650.8999999999999,2,20.91962,182.0,184.0,1184833.25,128773220.39168347,0,0.0,0.0,0.0,0.0,0,0,102.0,73,73,76,3,408078950.45214844,277740293.2072754,7791.180419921875,130338657.24487305,112831.21226495989,2461.5555184771206,0.0,,
HD173667_08_20210714_675-50_EmptySlot_014_cam2_FLC2_fix_coll.fits,True,-32,3,366,366,1,True,1.07,69.08038,OFF,84.10881,DARKS_256_10ms_em1_20210715_625-50_EmptySlot_00_cam2_coll.fits,150,e-/s,-1.7333333333333e-06,1.7333333333333e-06,median,183.5,183.5,-78.58519583333339,20.54631666666668,RA---TAN,DEC--TAN,deg,deg,ACQUISITION,2021-07-14T08:09:44,2021-07-14,0.00015,20:32:46.74,-166.7234148986024,VCAM2 - Ultra 897,1.0,7.92,0.0718429257239067,0.0,3.0,3.0,12.4,7.6,SCEXAO,348.72,35708928.0,MIRROR,152.63,15629312.0,ao188cmtx.oct,10.0,OPEN,1.0,1.0,TRACK,98.97979,+20:32:46.71,ADI,52.907,-39.0,18:45:39.730,0.0,ON,0.0,0.01,IN,152.29402,72.29398,+20:32:47,1.0,ADI,163.025,-39.0,18:45:39.7,SYNC,0.0,ao188ttctrl.oct,0.001,0.0,4.5,1.414213562373095,2000.0,0.01,SCI,675-50,Unknown,675-50,Nasmyth-IR,-0.12,VMPA00010831,294912.0,4.5,22:09:34.835,22:09:40.306,22:09:29.364,140.4,VAMPIRES,20.546316666667,180.0,IR,2779433.5,2779433.5,111519.3735204875,39619.53125,39619.53125,272.8940377845389,21896.55078125,21896.55078125,73.01809557486233,59409.33998651621,59409.34004983796,59409.33992319444,0.0,500,1002,77.31856727600098,17.18190383911133,383012.875,383012.875,22661.11926599725,HD173667,Observation,IMAG_POL,NAOJ,"""[Summit] Vievard, Skaf [Hilo] Guyon, Lozi, Deo, Ahn""",4.2,622.7,278.05,10.9,-88.12341489860239,-88.12146145650485,-0.0123579653010494,-88.1091034912038,-78.6,-0.97327280526288,0.22965201182598,-0.22965201182598,-0.97327280526288,272798.6651654746,272798.6651654746,273784.0914472945,163481529.636,163481529.636,2998044.551932369,15.0,128.0,128.0,256,256,o21013,3.89376e-05,6.24,-5:14:20.447,ICRS,17.58157104787457,22.5,HWP(NIR),89,396195328.0,396195328.0,2728940.471131349,Subaru,NS_IR,UTC,5.0,231.0951690673828,2376.602100087795,1230155.5,10154.3955078125,4845.46484375,289.6348424574666,104428.65625,555739904.0,82963.1640625,1060409856.0,0.0590948199882897,08:09:34.835,08:09:40.306,08:09:29.364,T,10000.0,501.0,100000.0,10000.0,2.0,1.0,675-50,B,0.0,2,22.5,4.0,1.0,EmptySlot,5.0,4.0,HD173667_08_20210714_675-50_EmptySlot_0,14,/data/20210714/,3.0,152.0,165.0,17735282688.0,17735282688.0,1284461879.379635,675.0838654091856,48.5,699.3999999999999,650.8999999999999,2,20.91962,182.0,184.0,1230155.5,130680996.30990182,0,0.0,0.0,0.0,0.0,0,0,102.0,73,73,76,3,413571141.3769531,280533176.66381836,7952.535400390625,133037964.71313477,115073.01530570915,2437.8710848806636,0.0,,
HD173667_08_20210714_675-50_EmptySlot_015_cam1_FLC1_fix_coll.fits,True,-32,3,366,366,1,True,1.07,69.15897,OFF,84.11612,DARKS_256_10ms_em1_20210715_625-50_EmptySlot_00_cam1_coll.fits,150,e-/s,-1.7333333333333e-06,1.7333333333333e-06,median,183.5,183.5,-78.58520833333337,20.54629166666667,RA---TAN,DEC--TAN,deg,deg,ACQUISITION,2021-07-14T08:10:03,2021-07-14,0.00015,20:32:46.65,-166.7460377123369,VCAM1 - Ultra 897,1.0,7.92,0.0718429257239067,0.0,3.0,3.0,12.4,7.6,SCEXAO,348.72,35708928.0,MIRROR,152.63,15629312.0,ao188cmtx.oct,10.0,OPEN,1.0,1.0,TRACK,99.01966,+20:32:46.71,ADI,52.884,-39.0,18:45:39.730,0.0,ON,0.0,0.01,IN,152.24804,72.24799,+20:32:47,1.0,ADI,163.025,-39.0,18:45:39.7,SYNC,0.0,ao188ttctrl.oct,0.001,0.0,4.5,1.414213562373095,2000.0,0.01,SCI,675-50,Unknown,675-50,Nasmyth-IR,-0.12,VMPA00010831,294912.0,4.5,22:09:55.182,22:10:00.595,22:09:49.768,140.4,VAMPIRES,20.546291666667,180.0,IR,8180504.5,8180504.5,113577.5063886777,48759.26171875,48759.26171875,122.8883564878232,16356.8251953125,16356.8251953125,61.93385311072258,59409.3402220081,59409.34028466435,59409.34015935185,0.0,500,1002,83.20051002502441,18.4890022277832,1627114.5,1627114.5,23790.1197706343,HD173667,Observation,IMAG_POL,NAOJ,"""[Summit] Vievard, Skaf [Hilo] Guyon, Lozi, Deo, Ahn""",4.3,622.8,278.05,10.8,-88.14603771233692,-88.14401519444053,-0.0124847349187149,-88.13153045952181,-78.6,-0.97336340578776,0.22926770438346,-0.22926770438346,-0.97336340578776,334596.8559770558,334596.8559770558,334798.4234907939,315996027.588,315996027.588,1698924.46263053,15.0,128.0,128.0,256,256,o21013,3.89376e-05,6.24,-5:14:20.45,ICRS,17.58157104787457,67.5,HWP(NIR),89,487592640.0,487592640.0,1228883.481025683,Subaru,NS_IR,UTC,5.0,251.6623840332031,22344.37810215633,5975154.0,10499.546875,3021.56884765625,315.4120237393361,932224.5,583879808.0,90346.796875,9787934720.0,0.5454647908662319,08:09:55.182,08:10:00.595,08:09:49.768,T,10000.0,501.0,100000.0,10000.0,1.0,1.0,675-50,A,0.0,1,67.5,4.0,1.0,EmptySlot,5.0,4.0,HD173667_08_20210714_675-50_EmptySlot_0,15,/data/20210714/,4.0,152.0,165.0,80344309760.0,80344309760.0,1280048463.643038,675.0838654091856,48.5,699.3999999999999,650.8999999999999,2,20.84103,182.0,183.0,5975154.0,285575182.72426254,"(0.012982768685761342, 0.0)",0.006440943409923157,-0.07198378373782809,0.0,0.0,0,0,100.0,73,73,76,3,491759306.1052246,407212402.2590332,5053.91259765625,84546903.8461914,95522.86668060697,4262.983476203665,0.0001152611169180775,,
HD173667_08_20210714_675-50_EmptySlot_015_cam1_FLC2_fix_coll.fits,True,-32,3,366,366,1,True,1.07,69.15897,OFF,84.11612,DARKS_256_10ms_em1_20210715_625-50_EmptySlot_00_cam1_coll.fits,150,e-/s,-1.7333333333333e-06,1.7333333333333e-06,median,183.5,183.5,-78.58520833333337,20.54629166666667,RA---TAN,DEC--TAN,deg,deg,ACQUISITION,2021-07-14T08:10:03,2021-07-14,0.00015,20:32:46.65,-166.7460377123369,VCAM1 - Ultra 897,1.0,7.92,0.0718429257239067,0.0,3.0,3.0,12.4,7.6,SCEXAO,348.72,35708928.0,MIRROR,152.63,15629312.0,ao188cmtx.oct,10.0,OPEN,1.0,1.0,TRACK,99.01966,+20:32:46.71,ADI,52.884,-39.0,18:45:39.730,0.0,ON,0.0,0.01,IN,152.24804,72.24799,+20:32:47,1.0,ADI,163.025,-39.0,18:45:39.7,SYNC,0.0,ao188ttctrl.oct,0.001,0.0,4.5,1.414213562373095,2000.0,0.01,SCI,675-50,Unknown,675-50,Nasmyth-IR,-0.12,VMPA00010831,294912.0,4.5,22:09:55.182,22:10:00.595,22:09:49.768,140.4,VAMPIRES,20.546291666667,180.0,IR,8043385.0,8043385.0,108067.4883015817,47364.55859375,47364.55859375,116.666464585528,15960.375,15960.375,61.64535339293221,59409.3402220081,59409.34028466435,59409.34015935185,0.0,500,1002,83.20051002502441,18.4890022277832,1589637.125,1589637.125,22965.50821206187,HD173667,Observation,IMAG_POL,NAOJ,"""[Summit] Vievard, Skaf [Hilo] Guyon, Lozi, Deo, Ahn""",4.3,622.8,278.05,10.8,-88.14603771233692,-88.14401519444053,-0.0124847349187149,-88.13153045952181,-78.6,-0.97336340578776,0.22926770438346,-0.22926770438346,-0.97336340578776,331851.6571905061,331851.6571905061,332047.7378993718,306827293.554,306827293.554,1654606.92549366,15.0,128.0,128.0,256,256,o21013,3.89376e-05,6.24,-5:14:20.45,ICRS,17.58157104787457,67.5,HWP(NIR),89,473645568.0,473645568.0,1166664.621223594,Subaru,NS_IR,UTC,5.0,251.5637512207031,22222.47962567117,5745334.0,10205.712890625,2946.049560546875,315.2884058410266,901545.8125,567488640.0,90311.390625,9200917504.0,0.5127513296387016,08:09:55.182,08:10:00.595,08:09:49.768,T,10000.0,501.0,100000.0,10000.0,1.0,1.0,675-50,B,0.0,2,67.5,4.0,1.0,EmptySlot,5.0,4.0,HD173667_08_20210714_675-50_EmptySlot_0,15,/data/20210714/,4.0,152.0,165.0,76201598976.0,76201598976.0,1196768837.319594,675.0838654091856,48.5,699.3999999999999,650.8999999999999,2,20.84103,181.0,183.0,5745334.0,275862541.84033686,0,0.0,0.0,0.0,0.0,0,0,99.0,73,73,76,3,477186640.92871094,394092109.16381836,4967.094970703125,83094531.76489258,97365.178008253,4047.567284583137,0.0,,
HD173667_08_20210714_675-50_EmptySlot_015_cam2_FLC1_fix_coll.fits,True,-32,3,366,366,1,True,1.07,69.15897,OFF,84.11612,DARKS_256_10ms_em1_20210715_625-50_EmptySlot_00_cam2_coll.fits,150,e-/s,-1.7333333333333e-06,1.7333333333333e-06,median,183.5,183.5,-78.58520833333337,20.54629166666667,RA---TAN,DEC--TAN,deg,deg,ACQUISITION,2021-07-14T08:10:05,2021-07-14,0.00015,20:32:46.65,-166.7460377123369,VCAM2 - Ultra 897,1.0,7.92,0.0718429257239067,0.0,3.0,3.0,12.4,7.6,SCEXAO,348.72,35708928.0,MIRROR,152.63,15629312.0,ao188cmtx.oct,10.0,OPEN,1.0,1.0,TRACK,99.01966,+20:32:46.71,ADI,52.884,-39.0,18:45:39.730,0.0,ON,0.0,0.01,IN,152.24804,72.24799,+20:32:47,1.0,ADI,163.025,-39.0,18:45:39.7,SYNC,0.0,ao188ttctrl.oct,0.001,0.0,4.5,1.414213562373095,2000.0,0.01,SCI,675-50,Unknown,675-50,Nasmyth-IR,-0.12,VMPA00010835,294912.0,4.5,22:09:55.182,22:10:00.595,22:09:49.768,140.4,VAMPIRES,20.546291666667,180.0,IR,9346222.0,9346222.0,127926.0639114568,55569.0390625,55569.0390625,133.8915360286283,17849.25,17849.25,72.94179303062035,59409.3402220081,59409.34028466435,59409.34015935185,0.0,500,1002,77.31856727600098,17.18190383911133,1871703.75,1871703.75,27223.14934631978,HD173667,Observation,IMAG_POL,NAOJ,"""[Summit] Vievard, Skaf [Hilo] Guyon, Lozi, Deo, Ahn""",4.3,622.8,278.05,10.8,-88.14603771233692,-88.14401519444053,-0.0124847349187149,-88.13153045952181,-78.6,-0.97336340578776,0.22926770438346,-0.22926770438346,-0.97336340578776,338716.5912956929,338716.5912956929,338969.9037727573,363194540.856,363194540.856,1933815.764267725,15.0,128.0,128.0,256,256,o21013,3.89376e-05,6.24,-5:14:20.45,ICRS,17.58157104787457,67.5,HWP(NIR),89,555690368.0,555690368.0,1338915.377406178,Subaru,NS_IR,UTC,5.0,231.7706298828125,21534.19725574087,6622095.5,11851.390625,3153.17041015625,290.4814070466472,1101132.5,640496576.0,83205.65625,13049951232.0,0.7272513684661563,08:09:55.182,08:10:00.595,08:09:49.768,T,10000.0,501.0,100000.0,10000.0,2.0,1.0,675-50,A,0.0,1,67.5,4.0,1.0,EmptySlot,5.0,4.0,HD173667_08_20210714_675-50_EmptySlot_0,15,/data/20210714/,4.0,152.0,165.0,105274933248.0,105274933248.0,1661940126.594541,675.0838654091856,48.5,699.3999999999999,650.8999999999999,2,20.84103,182.0,183.0,6622095.5,326592986.4974412,0,0.0,0.0,0.0,0.0,0,0,101.0,73,73,76,3,553016236.1965332,463805996.9892578,5332.670166015625,89210239.20727539,102956.15341991438,4504.888552873477,0.0,,
HD173667_08_20210714_675-50_EmptySlot_015_cam2_FLC2_fix_coll.fits,True,-32,3,366,366,1,True,1.07,69.15897,OFF,84.11612,DARKS_256_10ms_em1_20210715_625-50_EmptySlot_00_cam2_coll.fits,150,e-/s,-1.7333333333333e-06,1.7333333333333e-06,median,183.5,183.5,-78.58520833333337,20.54629166666667,RA---TAN,DEC--TAN,deg,deg,ACQUISITION,2021-07-14T08:10:05,2021-07-14,0.00015,20:32:46.65,-166.7460377123369,VCAM2 - Ultra 897,1.0,7.92,0.0718429257239067,0.0,3.0,3.0,12.4,7.6,SCEXAO,348.72,35708928.0,MIRROR,152.63,15629312.0,ao188cmtx.oct,10.0,OPEN,1.0,1.0,TRACK,99.01966,+20:32:46.71,ADI,52.884,-39.0,18:45:39.730,0.0,ON,0.0,0.01,IN,152.24804,72.24799,+20:32:47,1.0,ADI,163.025,-39.0,18:45:39.7,SYNC,0.0,ao188ttctrl.oct,0.001,0.0,4.5,1.414213562373095,2000.0,0.01,SCI,675-50,Unknown,675-50,Nasmyth-IR,-0.12,VMPA00010835,294912.0,4.5,22:09:55.182,22:10:00.595,22:09:49.768,140.4,VAMPIRES,20.546291666667,180.0,IR,9359473.0,9359473.0,125097.4602805993,55305.28515625,55305.28515625,136.8690330498198,17740.576171875,17740.576171875,69.80684319544672,59409.3402220081,59409.34028466435,59409.34015935185,0.0,500,1002,77.31856727600098,17.18190383911133,1866846.875,1866846.875,26790.8056028702,HD173667,Observation,IMAG_POL,NAOJ,"""[Summit] Vievard, Skaf [Hilo] Guyon, Lozi, Deo, Ahn""",4.3,622.8,278.05,10.8,-88.14603771233692,-88.14401519444053,-0.0124847349187149,-88.13153045952181,-78.6,-0.97336340578776,0.22926770438346,-0.22926770438346,-0.97336340578776,338258.1617224925,338258.1617224925,338515.3167809551,361655376.642,361655376.642,1942777.355938345,15.0,128.0,128.0,256,256,o21013,3.89376e-05,6.24,-5:14:20.45,ICRS,17.58157104787457,67.5,HWP(NIR),89,553052800.0,553052800.0,1368690.232495531,Subaru,NS_IR,UTC,5.0,231.7341918945312,21669.52313595195,6633641.0,11719.2265625,3058.4140625,290.435738800799,1095867.875,633307008.0,83192.578125,12842724352.0,0.7157029703623057,08:09:55.182,08:10:00.595,08:09:49.768,T,10000.0,501.0,100000.0,10000.0,2.0,1.0,675-50,B,0.0,2,67.5,4.0,1.0,EmptySlot,5.0,4.0,HD173667_08_20210714_675-50_EmptySlot_0,15,/data/20210714/,4.0,152.0,165.0,104486821888.0,104486821888.0,1630696253.553563,675.0838654091856,48.5,699.3999999999999,650.8999999999999,2,20.84103,181.0,183.0,6633641.0,323830104.825892,0,0.0,0.0,0.012882985526529405,-0.00289493131418124,0,0,100.0,73,73,76,3,549320562.7004395,461808692.7421875,5231.147705078125,87511869.95825195,102011.18445835073,4527.039806411966,0.0,,
HD173667_08_20210714_675-50_EmptySlot_016_cam1_FLC1_fix_coll.fits,True,-32,3,366,366,1,True,1.069,69.24381,OFF,84.12377,DARKS_256_10ms_em1_20210715_625-50_EmptySlot_00_cam1_coll.fits,150,e-/s,-1.7333333333333e-06,1.7333333333333e-06,median,183.5,183.5,-78.58520416666668,20.54632777777778,RA---TAN,DEC--TAN,deg,deg,ACQUISITION,2021-07-14T08:10:25,2021-07-14,0.00015,20:32:46.78,-166.7706808511159,VCAM1 - Ultra 897,1.0,7.92,0.0718429257239067,0.0,3.0,3.0,12.4,7.6,SCEXAO,348.72,35708928.0,MIRROR,152.63,15629312.0,ao188cmtx.oct,10.0,OPEN,1.0,1.0,TRACK,99.06315,+20:32:46.71,ADI,52.86,-39.0,18:45:39.730,0.0,ON,0.0,0.01,IN,152.19597,72.19802,+20:32:47,1.0,ADI,163.025,-39.0,18:45:39.7,SYNC,0.0,ao188ttctrl.oct,0.001,0.0,4.5,1.414213562373095,2000.0,0.01,SCI,675-50,Unknown,675-50,Nasmyth-IR,-0.12,VMPA00010837,294912.0,4.5,22:10:16.715,22:10:22.154,22:10:11.275,140.4,VAMPIRES,20.546327777778,180.0,IR,5870863.5,5870863.5,98979.28069587088,43980.73828125,43980.73828125,127.760549897723,18272.923828125,18272.923828125,66.23932666512378,59409.34047123264,59409.34053418982,59409.34040827546,0.0,500,1002,83.20051002502441,18.4890022277832,992942.625,992942.625,19968.26033434138,HD173667,Observation,IMAG_POL,NAOJ,"""[Summit] Vievard, Skaf [Hilo] Guyon, Lozi, Deo, Ahn""",4.3,622.7,278.05,10.7,-88.17068085111593,-88.16893386653197,-0.0124201377497001,-88.15651372878227,-78.6,-0.9734619246898,0.22884903578392,-0.22884903578392,-0.9734619246898,313265.4029799261,313265.4029799261,313529.5457032476,247023307.35,247023307.35,1805538.139343644,15.0,128.0,128.0,256,256,o21013,3.89376e-05,6.24,-5:14:20.449,ICRS,17.58157104787457,0.0,HWP(NIR),89,439807424.0,439807424.0,1277605.434515583,Subaru,NS_IR,UTC,5.0,251.4695129394531,12085.59874895099,3867113.75,9917.8662109375,3476.10546875,315.1702956708597,476651.625,558127936.0,90277.5546875,4727367168.0,0.2634480528739173,08:10:16.715,08:10:22.154,08:10:11.275,T,10000.0,501.0,100000.0,10000.0,1.0,1.0,675-50,A,0.0,1,0.0,5.0,1.0,EmptySlot,5.0,4.0,HD173667_08_20210714_675-50_EmptySlot_0,16,/data/20210714/,1.0,152.0,165.0,44700196864.0,44700196864.0,999906151.0196016,675.0838654091856,48.5,699.3999999999999,650.8999999999999,2,20.75619,182.0,183.0,3867113.75,217314283.4513453,"(-0.0071678085902146665, 0.0)",-0.003097224753389513,-0.07247351460706916,0.0,0.0,0,0,100.0,73,73,76,3,449569638.29296875,351949796.9501953,5835.3662109375,97619841.34277344,97222.02130500952,3620.062535483003,0.000133020449903192,,
HD173667_08_20210714_675-50_EmptySlot_016_cam1_FLC2_fix_coll.fits,True,-32,3,366,366,1,True,1.069,69.24381,OFF,84.12377,DARKS_256_10ms_em1_20210715_625-50_EmptySlot_00_cam1_coll.fits,150,e-/s,-1.7333333333333e-06,1.7333333333333e-06,median,183.5,183.5,-78.58520416666668,20.54632777777778,RA---TAN,DEC--TAN,deg,deg,ACQUISITION,2021-07-14T08:10:25,2021-07-14,0.00015,20:32:46.78,-166.7706808511159,VCAM1 - Ultra 897,1.0,7.92,0.0718429257239067,0.0,3.0,3.0,12.4,7.6,SCEXAO,348.72,35708928.0,MIRROR,152.63,15629312.0,ao188cmtx.oct,10.0,OPEN,1.0,1.0,TRACK,99.06315,+20:32:46.71,ADI,52.86,-39.0,18:45:39.730,0.0,ON,0.0,0.01,IN,152.19597,72.19802,+20:32:47,1.0,ADI,163.025,-39.0,18:45:39.7,SYNC,0.0,ao188ttctrl.oct,0.001,0.0,4.5,1.414213562373095,2000.0,0.01,SCI,675-50,Unknown,675-50,Nasmyth-IR,-0.12,VMPA00010837,294912.0,4.5,22:10:16.715,22:10:22.154,22:10:11.275,140.4,VAMPIRES,20.546327777778,180.0,IR,5751947.5,5751947.5,100026.3307066751,43522.5,43522.5,128.0041044307996,18095.849609375,18095.849609375,64.43612017689142,59409.34047123264,59409.34053418982,59409.34040827546,0.0,500,1002,83.20051002502441,18.4890022277832,976932.25,976932.25,19933.19739091169,HD173667,Observation,IMAG_POL,NAOJ,"""[Summit] Vievard, Skaf [Hilo] Guyon, Lozi, Deo, Ahn""",4.3,622.7,278.05,10.7,-88.17068085111593,-88.16893386653197,-0.0124201377497001,-88.15651372878227,-78.6,-0.9734619246898,0.22884903578392,-0.22884903578392,-0.9734619246898,312546.1775550586,312546.1775550586,312809.8064827672,244776127.374,244776127.374,1796902.413784259,15.0,128.0,128.0,256,256,o21013,3.89376e-05,6.24,-5:14:20.449,ICRS,17.58157104787457,0.0,HWP(NIR),89,435224992.0,435224992.0,1280041.049199395,Subaru,NS_IR,UTC,5.0,251.4252624511719,12069.4572779226,3804277.0,9864.7900390625,3420.96875,315.1148359083137,473550.90625,550583552.0,90261.671875,4671480320.0,0.2603335748222602,08:10:16.715,08:10:22.154,08:10:11.275,T,10000.0,501.0,100000.0,10000.0,1.0,1.0,675-50,B,0.0,2,0.0,5.0,1.0,EmptySlot,5.0,4.0,HD173667_08_20210714_675-50_EmptySlot_0,16,/data/20210714/,1.0,152.0,165.0,43564969984.0,43564969984.0,989612699.3751951,675.0838654091856,48.5,699.3999999999999,650.8999999999999,2,20.75619,182.0,183.0,3804277.0,215708130.6917488,0,0.0,0.0,0.0,0.0,0,0,99.0,73,73,76,3,445516639.8339844,349267706.5505371,5753.418212890625,96248933.28344727,94785.74842260206,3684.8124571779267,0.0,,
HD173667_08_20210714_675-50_EmptySlot_016_cam2_FLC1_fix_coll.fits,True,-32,3,366,366,1,True,1.069,69.24381,OFF,84.12377,DARKS_256_10ms_em1_20210715_625-50_EmptySlot_00_cam2_coll.fits,150,e-/s,-1.7333333333333e-06,1.7333333333333e-06,median,183.5,183.5,-78.58520416666668,20.54632777777778,RA---TAN,DEC--TAN,deg,deg,ACQUISITION,2021-07-14T08:10:26,2021-07-14,0.00015,20:32:46.78,-166.7706808511159,VCAM2 - Ultra 897,1.0,7.92,0.0718429257239067,0.0,3.0,3.0,12.4,7.6,SCEXAO,348.72,35708928.0,MIRROR,152.63,15629312.0,ao188cmtx.oct,10.0,OPEN,1.0,1.0,TRACK,99.06315,+20:32:46.71,ADI,52.86,-39.0,18:45:39.730,0.0,ON,0.0,0.01,IN,152.19597,72.19802,+20:32:47,1.0,ADI,163.025,-39.0,18:45:39.7,SYNC,0.0,ao188ttctrl.oct,0.001,0.0,4.5,1.414213562373095,2000.0,0.01,SCI,675-50,Unknown,675-50,Nasmyth-IR,-0.12,VMPA00010839,294912.0,4.5,22:10:16.715,22:10:22.154,22:10:11.275,140.4,VAMPIRES,20.546327777778,180.0,IR,6817586.0,6817586.0,115333.814801265,51064.65625,51064.65625,150.4183493888913,20376.900390625,20376.900390625,71.50321411160958,59409.34047123264,59409.34053418982,59409.34040827546,0.0,500,1002,77.31856727600098,17.18190383911133,1161137.625,1161137.625,23226.49507868322,HD173667,Observation,IMAG_POL,NAOJ,"""[Summit] Vievard, Skaf [Hilo] Guyon, Lozi, Deo, Ahn""",4.3,622.7,278.05,10.7,-88.17068085111593,-88.16893386653197,-0.0124201377497001,-88.15651372878227,-78.6,-0.9734619246898,0.22884903578392,-0.22884903578392,-0.9734619246898,316170.1847154413,316170.1847154413,316522.4015824078,289624135.878,289624135.878,2112392.622054072,15.0,128.0,128.0,256,256,o21013,3.89376e-05,6.24,-5:14:20.449,ICRS,17.58157104787457,0.0,HWP(NIR),89,510646592.0,510646592.0,1504183.608836783,Subaru,NS_IR,UTC,5.0,231.6111755371094,11943.98010961572,4450828.0,11387.6650390625,3736.30859375,290.2815606609211,587251.625,623110272.0,83148.4140625,6687424512.0,0.3726786821961756,08:10:16.715,08:10:22.154,08:10:11.275,T,10000.0,501.0,100000.0,10000.0,2.0,1.0,675-50,A,0.0,1,0.0,5.0,1.0,EmptySlot,5.0,4.0,HD173667_08_20210714_675-50_EmptySlot_0,16,/data/20210714/,1.0,152.0,165.0,60706410496.0,60706410496.0,1351273466.819407,675.0838654091856,48.5,699.3999999999999,650.8999999999999,2,20.75619,182.0,183.0,4450828.0,254921152.6010236,0,0.0,0.0,0.0,0.0,0,0,102.0,73,73,76,3,515743228.44970703,409081885.3881836,6375.8349609375,106661343.06152344,105679.75592481198,3870.957893574558,0.0,,
HD173667_08_20210714_675-50_EmptySlot_016_cam2_FLC2_fix_coll.fits,True,-32,3,366,366,1,True,1.069,69.24381,OFF,84.12377,DARKS_256_10ms_em1_20210715_625-50_EmptySlot_00_cam2_coll.fits,150,e-/s,-1.7333333333333e-06,1.7333333333333e-06,median,183.5,183.5,-78.58520416666668,20.54632777777778,RA---TAN,DEC--TAN,deg,deg,ACQUISITION,2021-07-14T08:10:26,2021-07-14,0.00015,20:32:46.78,-166.7706808511159,VCAM2 - Ultra 897,1.0,7.92,0.0718429257239067,0.0,3.0,3.0,12.4,7.6,SCEXAO,348.72,35708928.0,MIRROR,152.63,15629312.0,ao188cmtx.oct,10.0,OPEN,1.0,1.0,TRACK,99.06315,+20:32:46.71,ADI,52.86,-39.0,18:45:39.730,0.0,ON,0.0,0.01,IN,152.19597,72.19802,+20:32:47,1.0,ADI,163.025,-39.0,18:45:39.7,SYNC,0.0,ao188ttctrl.oct,0.001,0.0,4.5,1.414213562373095,2000.0,0.01,SCI,675-50,Unknown,675-50,Nasmyth-IR,-0.12,VMPA00010839,294912.0,4.5,22:10:16.715,22:10:22.154,22:10:11.275,140.4,VAMPIRES,20.546327777778,180.0,IR,6593914.0,6593914.0,113864.5951563089,49968.12890625,49968.12890625,145.7782681329645,20034.900390625,20034.900390625,70.42682798077068,59409.34047123264,59409.34053418982,59409.34040827546,0.0,500,1002,77.31856727600098,17.18190383911133,1130857.5,1130857.5,22915.2288260453,HD173667,Observation,IMAG_POL,NAOJ,"""[Summit] Vievard, Skaf [Hilo] Guyon, Lozi, Deo, Ahn""",4.3,622.7,278.05,10.7,-88.17068085111593,-88.16893386653197,-0.0124201377497001,-88.15651372878227,-78.6,-0.9734619246898,0.22884903578392,-0.22884903578392,-0.9734619246898,314178.5775147541,314178.5775147541,314524.9970769454,283320805.5,283320805.5,2075095.199039695,15.0,128.0,128.0,256,256,o21013,3.89376e-05,6.24,-5:14:20.449,ICRS,17.58157104787457,0.0,HWP(NIR),89,499681216.0,499681216.0,1457782.604464808,Subaru,NS_IR,UTC,5.0,231.5136871337891,11827.68262404064,4293813.0,11213.099609375,3669.329833984375,290.1593770668155,572860.25,608456448.0,83113.4140625,6423539200.0,0.3579728069895671,08:10:16.715,08:10:22.154,08:10:11.275,T,10000.0,501.0,100000.0,10000.0,2.0,1.0,675-50,B,0.0,2,0.0,5.0,1.0,EmptySlot,5.0,4.0,HD173667_08_20210714_675-50_EmptySlot_0,16,/data/20210714/,1.0,152.0,165.0,57879855104.0,57879855104.0,1305635687.187097,675.0838654091856,48.5,699.3999999999999,650.8999999999999,2,20.75619,182.0,183.0,4293813.0,249414667.72570863,0,0.0,0.0,0.0,0.0,0,0,101.0,73,73,76,3,505057463.5332031,401716741.20288086,6177.340087890625,103340722.33032227,104148.62083628216,3857.1489279187376,0.0,,
HD173667_08_20210714_675-50_EmptySlot_017_cam1_FLC1_fix_coll.fits,True,-32,3,366,366,1,True,1.069,69.32435,OFF,84.13103,DARKS_256_10ms_em1_20210715_625-50_EmptySlot_00_cam1_coll.fits,150,e-/s,-1.7333333333333e-06,1.7333333333333e-06,median,183.5,183.5,-78.58520416666668,20.54633888888889,RA---TAN,DEC--TAN,deg,deg,ACQUISITION,2021-07-14T08:10:45,2021-07-14,0.00015,20:32:46.82,-166.7940772551567,VCAM1 - Ultra 897,1.0,7.92,0.0718429257239067,0.0,3.0,3.0,12.4,7.6,SCEXAO,348.72,35708928.0,MIRROR,152.63,15629312.0,ao188cmtx.oct,10.0,OPEN,1.0,1.0,TRACK,99.0967,+20:32:46.71,ADI,52.836,-39.0,18:45:39.730,0.0,ON,0.0,0.01,IN,152.14703,72.14699,+20:32:47,1.0,ADI,163.025,-39.0,18:45:39.7,SYNC,0.0,ao188ttctrl.oct,0.001,0.0,4.5,1.414213562373095,2000.0,0.01,SCI,675-50,Unknown,675-50,Nasmyth-IR,-0.12,VMPA00010841,294912.0,4.5,22:10:37.351,22:10:42.784,22:10:31.918,140.4,VAMPIRES,20.546338888889,180.0,IR,2891594.75,2891594.75,63074.58624656828,37491.0,37491.0,147.1448790730998,19904.623046875,19904.623046875,48.2931396767309,59409.34071008102,59409.34077296296,59409.34064719907,0.0,500,1002,83.20051002502441,18.4890022277832,383671.625,383671.625,10024.85315766842,HD173667,Observation,IMAG_POL,NAOJ,"""[Summit] Vievard, Skaf [Hilo] Guyon, Lozi, Deo, Ahn""",4.1,622.7,278.05,10.6,-88.19407725515669,-88.19169506936146,-0.0124504297326382,-88.17924463962882,-78.6,-0.9735552927228,0.22845150910296,-0.22845150910296,-0.9735552927228,286687.9608763411,286687.9608763411,286954.4857673047,167198137.074,167198137.074,1585595.543819234,15.0,128.0,128.0,256,256,o21013,3.89376e-05,6.24,-5:14:20.449,ICRS,17.58157104787457,45.0,HWP(NIR),89,374910016.0,374910016.0,1471448.736401534,Subaru,NS_IR,UTC,5.0,251.2244415283203,3926.648315816652,1542231.5,9469.7529296875,4262.0595703125,314.8631442066351,148012.625,530883840.0,90189.578125,1401643008.0,0.0781111574708005,08:10:37.351,08:10:42.784,08:10:31.918,T,10000.0,501.0,100000.0,10000.0,1.0,1.0,675-50,A,0.0,1,45.0,5.0,1.0,EmptySlot,5.0,4.0,HD173667_08_20210714_675-50_EmptySlot_0,17,/data/20210714/,2.0,152.0,165.0,14970218496.0,14970218496.0,438515767.6182911,675.0838654091856,48.5,699.3999999999999,650.8999999999999,2,20.67565,182.0,184.0,1542231.5,143149006.71561316,"(0.04595212479689945, 0.0)",0.022001423938203667,-0.07583530603893168,0.0,0.0,0,0,100.0,73,73,76,3,398174618.39404297,280817938.79248047,7015.1640625,117356679.6015625,102015.74083526462,2752.6922462480206,0.00016942904945084104,,
HD173667_08_20210714_675-50_EmptySlot_017_cam1_FLC2_fix_coll.fits,True,-32,3,366,366,1,True,1.069,69.32435,OFF,84.13103,DARKS_256_10ms_em1_20210715_625-50_EmptySlot_00_cam1_coll.fits,150,e-/s,-1.7333333333333e-06,1.7333333333333e-06,median,183.5,183.5,-78.58520416666668,20.54633888888889,RA---TAN,DEC--TAN,deg,deg,ACQUISITION,2021-07-14T08:10:45,2021-07-14,0.00015,20:32:46.82,-166.7940772551567,VCAM1 - Ultra 897,1.0,7.92,0.0718429257239067,0.0,3.0,3.0,12.4,7.6,SCEXAO,348.72,35708928.0,MIRROR,152.63,15629312.0,ao188cmtx.oct,10.0,OPEN,1.0,1.0,TRACK,99.0967,+20:32:46.71,ADI,52.836,-39.0,18:45:39.730,0.0,ON,0.0,0.01,IN,152.14703,72.14699,+20:32:47,1.0,ADI,163.025,-39.0,18:45:39.7,SYNC,0.0,ao188ttctrl.oct,0.001,0.0,4.5,1.414213562373095,2000.0,0.01,SCI,675-50,Unknown,675-50,Nasmyth-IR,-0.12,VMPA00010841,294912.0,4.5,22:10:37.351,22:10:42.784,22:10:31.918,140.4,VAMPIRES,20.546338888889,180.0,IR,2745340.75,2745340.75,59190.83803882811,35239.55078125,35239.55078125,138.3992874804179,18836.55078125,18836.55078125,47.46057011818471,59409.34071008102,59409.34077296296,59409.34064719907,0.0,500,1002,83.20051002502441,18.4890022277832,362771.09375,362771.09375,9551.044328661072,HD173667,Observation,IMAG_POL,NAOJ,"""[Summit] Vievard, Skaf [Hilo] Guyon, Lozi, Deo, Ahn""",4.1,622.7,278.05,10.6,-88.19407725515669,-88.19169506936146,-0.0124504297326382,-88.17924463962882,-78.6,-0.9735552927228,0.22845150910296,-0.22845150910296,-0.9735552927228,283190.9104616541,283190.9104616541,283435.2376290479,157169413.566,157169413.566,1490572.192477399,15.0,128.0,128.0,256,256,o21013,3.89376e-05,6.24,-5:14:20.449,ICRS,17.58157104787457,45.0,HWP(NIR),89,352395488.0,352395488.0,1383992.808420911,Subaru,NS_IR,UTC,5.0,251.0327758789062,3865.454753286409,1404320.125,8922.9716796875,4022.960693359375,314.6229269385867,137397.765625,500195008.0,90120.765625,1225996416.0,0.0683226745770725,08:10:37.351,08:10:42.784,08:10:31.918,T,10000.0,501.0,100000.0,10000.0,1.0,1.0,675-50,B,0.0,2,45.0,5.0,1.0,EmptySlot,5.0,4.0,HD173667_08_20210714_675-50_EmptySlot_0,17,/data/20210714/,2.0,152.0,165.0,13296052224.0,13296052224.0,391050688.9766871,675.0838654091856,48.5,699.3999999999999,650.8999999999999,2,20.67565,182.0,184.0,1404320.125,134198143.07025176,0,0.0,0.0,0.0,0.0,0,0,100.0,73,73,76,3,374655702.5625,263829263.2607422,6624.8095703125,110826439.30175781,94774.55537008752,2783.7562754107234,0.0,,
HD173667_08_20210714_675-50_EmptySlot_017_cam2_FLC1_fix_coll.fits,True,-32,3,366,366,1,True,1.069,69.32435,OFF,84.13103,DARKS_256_10ms_em1_20210715_625-50_EmptySlot_00_cam2_coll.fits,150,e-/s,-1.7333333333333e-06,1.7333333333333e-06,median,183.5,183.5,-78.58520416666668,20.54633888888889,RA---TAN,DEC--TAN,deg,deg,ACQUISITION,2021-07-14T08:10:47,2021-07-14,0.00015,20:32:46.82,-166.7940772551567,VCAM2 - Ultra 897,1.0,7.92,0.0718429257239067,0.0,3.0,3.0,12.4,7.6,SCEXAO,348.72,35708928.0,MIRROR,152.63,15629312.0,ao188cmtx.oct,10.0,OPEN,1.0,1.0,TRACK,99.0967,+20:32:46.71,ADI,52.836,-39.0,18:45:39.730,0.0,ON,0.0,0.01,IN,152.14703,72.14699,+20:32:47,1.0,ADI,163.025,-39.0,18:45:39.7,SYNC,0.0,ao188ttctrl.oct,0.001,0.0,4.5,1.414213562373095,2000.0,0.01,SCI,675-50,Unknown,675-50,Nasmyth-IR,-0.12,VMPA00010843,294912.0,4.5,22:10:37.351,22:10:42.784,22:10:31.918,140.4,VAMPIRES,20.546338888889,180.0,IR,3235178.25,3235178.25,70321.69933215494,41551.30078125,41551.30078125,166.4933853039738,21411.67578125,21411.67578125,52.00309089846238,59409.34071008102,59409.34077296296,59409.34064719907,0.0,500,1002,77.31856727600098,17.18190383911133,432695.8125,432695.8125,11213.75303202398,HD173667,Observation,IMAG_POL,NAOJ,"""[Summit] Vievard, Skaf [Hilo] Guyon, Lozi, Deo, Ahn""",4.1,622.7,278.05,10.6,-88.19407725515669,-88.19169506936146,-0.0124504297326382,-88.17924463962882,-78.6,-0.9735552927228,0.22845150910296,-0.22845150910296,-0.9735552927228,282099.0261023605,282099.0261023605,282450.0292052797,187583773.284,187583773.284,1774732.848535644,15.0,128.0,128.0,256,256,o21013,3.89376e-05,6.24,-5:14:20.449,ICRS,17.58157104787457,45.0,HWP(NIR),89,415512992.0,415512992.0,1664933.82019749,Subaru,NS_IR,UTC,5.0,231.1325531005859,3904.619611301343,1692534.25,10298.955078125,4435.58984375,289.6816963947899,173984.59375,563682432.0,82976.5859375,1791859456.0,0.0998572499090717,08:10:37.351,08:10:42.784,08:10:31.918,T,10000.0,501.0,100000.0,10000.0,2.0,1.0,675-50,A,0.0,1,45.0,5.0,1.0,EmptySlot,5.0,4.0,HD173667_08_20210714_675-50_EmptySlot_0,17,/data/20210714/,2.0,152.0,165.0,18723147776.0,18723147776.0,545473117.0399379,675.0838654091856,48.5,699.3999999999999,650.8999999999999,2,20.67565,181.0,183.0,1692534.25,159498336.67306632,0,0.0,0.0,0.0,0.0,0,0,101.0,73,73,76,3,434925029.7006836,312544397.78125,7315.47802734375,122380631.9194336,99449.99794309978,3142.7290522426356,0.0,,
HD173667_08_20210714_675-50_EmptySlot_017_cam2_FLC2_fix_coll.fits,True,-32,3,366,366,1,True,1.069,69.32435,OFF,84.13103,DARKS_256_10ms_em1_20210715_625-50_EmptySlot_00_cam2_coll.fits,150,e-/s,-1.7333333333333e-06,1.7333333333333e-06,median,183.5,183.5,-78.58520416666668,20.54633888888889,RA---TAN,DEC--TAN,deg,deg,ACQUISITION,2021-07-14T08:10:47,2021-07-14,0.00015,20:32:46.82,-166.7940772551567,VCAM2 - Ultra 897,1.0,7.92,0.0718429257239067,0.0,3.0,3.0,12.4,7.6,SCEXAO,348.72,35708928.0,MIRROR,152.63,15629312.0,ao188cmtx.oct,10.0,OPEN,1.0,1.0,TRACK,99.0967,+20:32:46.71,ADI,52.836,-39.0,18:45:39.730,0.0,ON,0.0,0.01,IN,152.14703,72.14699,+20:32:47,1.0,ADI,163.025,-39.0,18:45:39.7,SYNC,0.0,ao188ttctrl.oct,0.001,0.0,4.5,1.414213562373095,2000.0,0.01,SCI,675-50,Unknown,675-50,Nasmyth-IR,-0.12,VMPA00010843,294912.0,4.5,22:10:37.351,22:10:42.784,22:10:31.918,140.4,VAMPIRES,20.546338888889,180.0,IR,3341864.0,3341864.0,72082.68112681522,42855.9375,42855.9375,172.3287911991033,22056.30078125,22056.30078125,52.21170141024021,59409.34071008102,59409.34077296296,59409.34064719907,0.0,500,1002,77.31856727600098,17.18190383911133,445068.59375,445068.59375,11617.86012831644,HD173667,Observation,IMAG_POL,NAOJ,"""[Summit] Vievard, Skaf [Hilo] Guyon, Lozi, Deo, Ahn""",4.1,622.7,278.05,10.6,-88.19407725515669,-88.19169506936146,-0.0124504297326382,-88.17924463962882,-78.6,-0.9735552927228,0.22845150910296,-0.22845150910296,-0.9735552927228,284108.7595394849,284108.7595394849,284478.3549280911,193334314.14,193334314.14,1839980.371071718,15.0,128.0,128.0,256,256,o21013,3.89376e-05,6.24,-5:14:20.449,ICRS,17.58157104787457,45.0,HWP(NIR),89,428559360.0,428559360.0,1723287.860107268,Subaru,NS_IR,UTC,5.0,231.2613067626953,3841.938906027091,1750098.5,10717.3095703125,4659.26953125,289.8430651797427,178046.421875,581692672.0,83022.8125,1908178560.0,0.1063395137933478,08:10:37.351,08:10:42.784,08:10:31.918,T,10000.0,501.0,100000.0,10000.0,2.0,1.0,675-50,B,0.0,2,45.0,5.0,1.0,EmptySlot,5.0,4.0,HD173667_08_20210714_675-50_EmptySlot_0,17,/data/20210714/,2.0,152.0,165.0,19863662592.0,19863662592.0,581930301.3564677,675.0838654091856,48.5,699.3999999999999,650.8999999999999,2,20.67565,181.0,183.0,1750098.5,164011067.22568253,0,0.0,0.0,0.0,0.0,0,0,100.0,73,73,76,3,448393308.03759766,321488359.7272949,7585.925537109375,126904948.31030273,103341.64965580187,3110.927305670756,0.0,,
HD173667_08_20210714_675-50_EmptySlot_018_cam1_FLC1_fix_coll.fits,True,-32,3,366,366,1,True,1.068,69.39981,OFF,84.13794,DARKS_256_10ms_em1_20210715_625-50_EmptySlot_00_cam1_coll.fits,150,e-/s,-1.7333333333333e-06,1.7333333333333e-06,median,183.5,183.5,-78.58520833333337,20.5462888888889,RA---TAN,DEC--TAN,deg,deg,ACQUISITION,2021-07-14T08:11:04,2021-07-14,0.00015,20:32:46.64,-166.8159028877706,VCAM1 - Ultra 897,1.0,7.92,0.0718429257239067,0.0,3.0,3.0,12.4,7.6,SCEXAO,348.72,35708928.0,MIRROR,152.63,15629312.0,ao188cmtx.oct,10.0,OPEN,1.0,1.0,TRACK,99.13871,+20:32:46.71,ADI,52.814,-39.0,18:45:39.730,0.0,ON,0.0,0.01,IN,152.10304,72.103,+20:32:47,1.0,ADI,163.025,-39.0,18:45:39.7,SYNC,0.0,ao188ttctrl.oct,0.001,0.0,4.5,1.414213562373095,2000.0,0.01,SCI,675-50,Unknown,675-50,Nasmyth-IR,-0.12,VMPA00010845,294912.0,4.5,22:10:56.777,22:11:02.215,22:10:51.338,140.4,VAMPIRES,20.546288888889,180.0,IR,6356652.0,6356652.0,126294.0137963791,45089.2734375,45089.2734375,192.7206502421349,17829.44921875,17829.44921875,77.36510780416782,59409.3409349132,59409.3409978588,59409.34087196759,0.0,500,1002,83.20051002502441,18.4890022277832,1158979.625,1158979.625,26757.77887884252,HD173667,Observation,IMAG_POL,NAOJ,"""[Summit] Vievard, Skaf [Hilo] Guyon, Lozi, Deo, Ahn""",4.3,622.7,278.05,10.4,-88.21590288777064,-88.2142506466967,-0.0124805951582942,-88.2017700515384,-78.6,-0.97364224592513,0.2280806369464,-0.2280806369464,-0.97364224592513,318277.1663460241,318277.1663460241,318842.2585975073,263837066.652,263837066.652,2615766.628308048,15.0,128.0,128.0,256,256,o21013,3.89376e-05,6.24,-5:14:20.45,ICRS,17.58157104787457,22.5,HWP(NIR),89,450892704.0,450892704.0,1927206.526528957,Subaru,NS_IR,UTC,5.0,251.5262756347656,13381.25822457555,4000734.25,10079.8818359375,3465.26416015625,315.241437159367,536252.125,562779968.0,90297.9296875,5405358080.0,0.3012313219294026,08:10:56.776,08:11:02.215,08:10:51.338,T,10000.0,501.0,100000.0,10000.0,1.0,1.0,675-50,A,0.0,1,22.5,5.0,1.0,EmptySlot,5.0,4.0,HD173667_08_20210714_675-50_EmptySlot_0,18,/data/20210714/,3.0,152.0,165.0,54376075264.0,54376075264.0,1350321853.531523,675.0838654091856,48.5,699.3999999999999,650.8999999999999,2,20.60019,181.0,183.0,4000734.25,230825839.3574977,"(0.02885872888987745, 0.0)",0.012825308726243887,-0.07672688151907851,0.0,0.0,0,0,99.0,73,73,76,3,456518196.1887207,359681415.810791,5788.5576171875,96836780.37792969,92101.77431408102,3905.260441391963,0.00012638281583462406,,
HD173667_08_20210714_675-50_EmptySlot_018_cam1_FLC2_fix_coll.fits,True,-32,3,366,366,1,True,1.068,69.39981,OFF,84.13794,DARKS_256_10ms_em1_20210715_625-50_EmptySlot_00_cam1_coll.fits,150,e-/s,-1.7333333333333e-06,1.7333333333333e-06,median,183.5,183.5,-78.58520833333337,20.5462888888889,RA---TAN,DEC--TAN,deg,deg,ACQUISITION,2021-07-14T08:11:04,2021-07-14,0.00015,20:32:46.64,-166.8159028877706,VCAM1 - Ultra 897,1.0,7.92,0.0718429257239067,0.0,3.0,3.0,12.4,7.6,SCEXAO,348.72,35708928.0,MIRROR,152.63,15629312.0,ao188cmtx.oct,10.0,OPEN,1.0,1.0,TRACK,99.13871,+20:32:46.71,ADI,52.814,-39.0,18:45:39.730,0.0,ON,0.0,0.01,IN,152.10304,72.103,+20:32:47,1.0,ADI,163.025,-39.0,18:45:39.7,SYNC,0.0,ao188ttctrl.oct,0.001,0.0,4.5,1.414213562373095,2000.0,0.01,SCI,675-50,Unknown,675-50,Nasmyth-IR,-0.12,VMPA00010845,294912.0,4.5,22:10:56.777,22:11:02.215,22:10:51.338,140.4,VAMPIRES,20.546288888889,180.0,IR,6027911.0,6027911.0,124035.0596631296,43154.546875,43154.546875,183.4098509785973,17195.849609375,17195.849609375,77.95368609761054,59409.3409349132,59409.3409978588,59409.34087196759,0.0,500,1002,83.20051002502441,18.4890022277832,1104176.375,1104176.375,26010.68620688007,HD173667,Observation,IMAG_POL,NAOJ,"""[Summit] Vievard, Skaf [Hilo] Guyon, Lozi, Deo, Ahn""",4.3,622.7,278.05,10.4,-88.21590288777064,-88.2142506466967,-0.0124805951582942,-88.2017700515384,-78.6,-0.97364224592513,0.2280806369464,-0.2280806369464,-0.97364224592513,314667.1511253576,314667.1511253576,315201.0935318173,252290488.338,252290488.338,2501729.277756866,15.0,128.0,128.0,256,256,o21013,3.89376e-05,6.24,-5:14:20.45,ICRS,17.58157104787457,22.5,HWP(NIR),89,431545440.0,431545440.0,1834098.444800248,Subaru,NS_IR,UTC,5.0,251.3790893554688,13129.78937979176,3780892.75,9664.513671875,3322.24560546875,315.0569665147053,504787.53125,539608448.0,90245.09375,4878525952.0,0.2718718722863698,08:10:56.776,08:11:02.215,08:10:51.338,T,10000.0,501.0,100000.0,10000.0,1.0,1.0,675-50,B,0.0,2,22.5,5.0,1.0,EmptySlot,5.0,4.0,HD173667_08_20210714_675-50_EmptySlot_0,18,/data/20210714/,3.0,152.0,165.0,49611964416.0,49611964416.0,1256574114.683982,675.0838654091856,48.5,699.3999999999999,650.8999999999999,2,20.60019,181.0,183.0,3780892.75,220215483.06077543,0,0.0,0.0,0.0,0.0,0,0,99.0,73,73,76,3,437546717.46484375,344748295.6320801,5547.158935546875,92798421.83276367,93216.34032977877,3698.3676296713315,0.0,,
HD173667_08_20210714_675-50_EmptySlot_018_cam2_FLC1_fix_coll.fits,True,-32,3,366,366,1,True,1.068,69.39981,OFF,84.13794,DARKS_256_10ms_em1_20210715_625-50_EmptySlot_00_cam2_coll.fits,150,e-/s,-1.7333333333333e-06,1.7333333333333e-06,median,183.5,183.5,-78.58520833333337,20.5462888888889,RA---TAN,DEC--TAN,deg,deg,ACQUISITION,2021-07-14T08:11:06,2021-07-14,0.00015,20:32:46.64,-166.8159028877706,VCAM2 - Ultra 897,1.0,7.92,0.0718429257239067,0.0,3.0,3.0,12.4,7.6,SCEXAO,348.72,35708928.0,MIRROR,152.63,15629312.0,ao188cmtx.oct,10.0,OPEN,1.0,1.0,TRACK,99.13871,+20:32:46.71,ADI,52.814,-39.0,18:45:39.730,0.0,ON,0.0,0.01,IN,152.10304,72.103,+20:32:47,1.0,ADI,163.025,-39.0,18:45:39.7,SYNC,0.0,ao188ttctrl.oct,0.001,0.0,4.5,1.414213562373095,2000.0,0.01,SCI,675-50,Unknown,675-50,Nasmyth-IR,-0.12,VMPA00010847,294912.0,4.5,22:10:56.777,22:11:02.215,22:10:51.338,140.4,VAMPIRES,20.546288888889,180.0,IR,7176073.0,7176073.0,142262.4460440984,51020.71875,51020.71875,219.7851304757779,19452.599609375,19452.599609375,85.01775566304272,59409.3409349132,59409.3409978588,59409.34087196759,0.0,500,1002,77.31856727600098,17.18190383911133,1315393.0,1315393.0,30139.9966048243,HD173667,Observation,IMAG_POL,NAOJ,"""[Summit] Vievard, Skaf [Hilo] Guyon, Lozi, Deo, Ahn""",4.3,622.7,278.05,10.4,-88.21590288777064,-88.2142506466967,-0.0124805951582942,-88.2017700515384,-78.6,-0.97364224592513,0.2280806369464,-0.2280806369464,-0.97364224592513,319382.1085414063,319382.1085414063,320113.9978887866,301056704.73,301056704.73,2976047.114155938,15.0,128.0,128.0,256,256,o21013,3.89376e-05,6.24,-5:14:20.45,ICRS,17.58157104787457,22.5,HWP(NIR),89,510207200.0,510207200.0,2197851.250253621,Subaru,NS_IR,UTC,5.0,231.5763397216797,13052.23059824528,4448836.5,11305.3251953125,3656.48046875,290.2379004409582,637196.8125,613585216.0,83135.90625,7203717120.0,0.4014507824915586,08:10:56.776,08:11:02.215,08:10:51.338,T,10000.0,501.0,100000.0,10000.0,2.0,1.0,675-50,A,0.0,1,22.5,5.0,1.0,EmptySlot,5.0,4.0,HD173667_08_20210714_675-50_EmptySlot_0,18,/data/20210714/,3.0,152.0,165.0,69848064000.0,69848064000.0,1724330238.435411,675.0838654091856,48.5,699.3999999999999,650.8999999999999,2,20.60019,181.0,183.0,4448836.5,263465434.28431323,0,0.0,0.0,0.0,0.0,0,0,101.0,73,73,76,3,510934885.18359375,408436400.2050781,6126.994140625,102498484.97851562,99650.8368144449,4098.6750664784495,0.0,,
HD173667_08_20210714_675-50_EmptySlot_018_cam2_FLC2_fix_coll.fits,True,-32,3,366,366,1,True,1.068,69.39981,OFF,84.13794,DARKS_256_10ms_em1_20210715_625-50_EmptySlot_00_cam2_coll.fits,150,e-/s,-1.7333333333333e-06,1.7333333333333e-06,median,183.5,183.5,-78.58520833333337,20.5462888888889,RA---TAN,DEC--TAN,deg,deg,ACQUISITION,2021-07-14T08:11:06,2021-07-14,0.00015,20:32:46.64,-166.8159028877706,VCAM2 - Ultra 897,1.0,7.92,0.0718429257239067,0.0,3.0,3.0,12.4,7.6,SCEXAO,348.72,35708928.0,MIRROR,152.63,15629312.0,ao188cmtx.oct,10.0,OPEN,1.0,1.0,TRACK,99.13871,+20:32:46.71,ADI,52.814,-39.0,18:45:39.730,0.0,ON,0.0,0.01,IN,152.10304,72.103,+20:32:47,1.0,ADI,163.025,-39.0,18:45:39.7,SYNC,0.0,ao188ttctrl.oct,0.001,0.0,4.5,1.414213562373095,2000.0,0.01,SCI,675-50,Unknown,675-50,Nasmyth-IR,-0.12,VMPA00010847,294912.0,4.5,22:10:56.777,22:11:02.215,22:10:51.338,140.4,VAMPIRES,20.546288888889,180.0,IR,7191782.5,7191782.5,147752.428962116,51642.6875,51642.6875,218.9371278992327,19746.0,19746.0,90.48981143012917,59409.3409349132,59409.3409978588,59409.34087196759,0.0,500,1002,77.31856727600098,17.18190383911133,1323790.375,1323790.375,31005.89436351629,HD173667,Observation,IMAG_POL,NAOJ,"""[Summit] Vievard, Skaf [Hilo] Guyon, Lozi, Deo, Ahn""",4.3,622.7,278.05,10.4,-88.21590288777064,-88.2142506466967,-0.0124805951582942,-88.2017700515384,-78.6,-0.97364224592513,0.2280806369464,-0.2280806369464,-0.97364224592513,320398.4770957662,320398.4770957662,321140.31761904,304346696.67,304346696.67,3010295.950416037,15.0,128.0,128.0,256,256,o21013,3.89376e-05,6.24,-5:14:20.45,ICRS,17.58157104787457,22.5,HWP(NIR),89,516426880.0,516426880.0,2189371.36494119,Subaru,NS_IR,UTC,5.0,231.6384887695312,12913.42822839611,4555986.0,11455.490234375,3739.920166015625,290.3157927212512,638622.9375,624244032.0,83158.21875,7315739136.0,0.4076935770419756,08:10:56.776,08:11:02.215,08:10:51.338,T,10000.0,501.0,100000.0,10000.0,2.0,1.0,675-50,B,0.0,2,22.5,5.0,1.0,EmptySlot,5.0,4.0,HD173667_08_20210714_675-50_EmptySlot_0,18,/data/20210714/,3.0,152.0,165.0,71158415360.0,71158415360.0,1790768049.760856,675.0838654091856,48.5,699.3999999999999,650.8999999999999,2,20.60019,181.0,183.0,4555986.0,266390416.4903144,0,0.0,0.0,0.0,0.0,0,0,101.0,73,73,76,3,518087946.60253906,413073932.1862793,6277.363525390625,105014014.41625977,100410.64424986645,4113.846049611704,0.0,,
HD173667_08_20210714_675-50_EmptySlot_019_cam1_FLC1_fix_coll.fits,True,-32,3,366,366,1,True,1.068,69.48036,OFF,84.14512,DARKS_256_10ms_em1_20210715_625-50_EmptySlot_00_cam1_coll.fits,150,e-/s,-1.7333333333333e-06,1.7333333333333e-06,median,183.5,183.5,-78.58521250000005,20.54628611111112,RA---TAN,DEC--TAN,deg,deg,ACQUISITION,2021-07-14T08:11:25,2021-07-14,0.00015,20:32:46.63,-166.8393677562825,VCAM1 - Ultra 897,1.0,7.92,0.0718429257239067,0.0,3.0,3.0,12.4,7.6,SCEXAO,348.72,35708928.0,MIRROR,152.63,15629312.0,ao188cmtx.oct,10.0,OPEN,1.0,1.0,TRACK,99.17589,+20:32:46.71,ADI,52.792,-39.0,18:45:39.730,0.0,ON,0.0,0.01,IN,152.058,72.05796,+20:32:47,1.0,ADI,163.025,-39.0,18:45:39.7,SYNC,0.0,ao188ttctrl.oct,0.001,0.0,4.5,1.414213562373095,2000.0,0.01,SCI,675-50,Unknown,675-50,Nasmyth-IR,-0.12,VMPA00010849,294912.0,4.5,22:11:17.210,22:11:22.677,22:11:11.742,140.4,VAMPIRES,20.546286111111,180.0,IR,8237807.5,8237807.5,134794.4932948839,48215.22265625,48215.22265625,165.5931714136181,16804.349609375,16804.349609375,79.41702772254402,59409.34117140625,59409.3412346875,59409.341108125,0.0,500,1002,83.20051002502441,18.4890022277832,1608777.625,1608777.625,29888.9029414609,HD173667,Observation,IMAG_POL,NAOJ,"""[Summit] Vievard, Skaf [Hilo] Guyon, Lozi, Deo, Ahn""",4.0,622.8,278.05,10.5,-88.23936775628246,-88.2370872341475,-0.012511567987417,-88.22457566616008,-78.6,-0.97373557223653,0.22768187315024,-0.22768187315024,-0.97373557223653,331066.6172342467,331066.6172342467,331482.8184292861,304957612.8,304957612.8,2396030.793524868,15.0,128.0,128.0,256,256,o21013,3.89376e-05,6.24,-5:14:20.451,ICRS,17.58157104787457,67.5,HWP(NIR),89,482152256.0,482152256.0,1655931.768290952,Subaru,NS_IR,UTC,5.0,251.6429901123047,21641.08341965452,6665547.5,10432.1337890625,3088.50146484375,315.3877170640961,897154.625,579703232.0,90339.8359375,9359237120.0,0.5215742099195646,08:11:17.210,08:11:22.677,08:11:11.742,T,10000.0,501.0,100000.0,10000.0,1.0,1.0,675-50,A,0.0,1,67.5,5.0,1.0,EmptySlot,5.0,4.0,HD173667_08_20210714_675-50_EmptySlot_0,19,/data/20210714/,4.0,152.0,165.0,79670935552.0,79670935552.0,1606830451.73672,675.0838654091856,48.5,699.3999999999999,650.8999999999999,2,20.51964,182.0,183.0,6665547.5,274308451.75096977,"(0.014924600536800905, 0.0)",0.007059941899881857,-0.07294447290386485,0.0,0.0,0,0,99.0,73,73,76,3,486221864.4382324,399277342.83154297,5197.233642578125,86944521.60668945,101074.1902364439,3950.339269575243,0.00012190618435272525,,
HD173667_08_20210714_675-50_EmptySlot_019_cam1_FLC2_fix_coll.fits,True,-32,3,366,366,1,True,1.068,69.48036,OFF,84.14512,DARKS_256_10ms_em1_20210715_625-50_EmptySlot_00_cam1_coll.fits,150,e-/s,-1.7333333333333e-06,1.7333333333333e-06,median,183.5,183.5,-78.58521250000005,20.54628611111112,RA---TAN,DEC--TAN,deg,deg,ACQUISITION,2021-07-14T08:11:25,2021-07-14,0.00015,20:32:46.63,-166.8393677562825,VCAM1 - Ultra 897,1.0,7.92,0.0718429257239067,0.0,3.0,3.0,12.4,7.6,SCEXAO,348.72,35708928.0,MIRROR,152.63,15629312.0,ao188cmtx.oct,10.0,OPEN,1.0,1.0,TRACK,99.17589,+20:32:46.71,ADI,52.792,-39.0,18:45:39.730,0.0,ON,0.0,0.01,IN,152.058,72.05796,+20:32:47,1.0,ADI,163.025,-39.0,18:45:39.7,SYNC,0.0,ao188ttctrl.oct,0.001,0.0,4.5,1.414213562373095,2000.0,0.01,SCI,675-50,Unknown,675-50,Nasmyth-IR,-0.12,VMPA00010849,294912.0,4.5,22:11:17.210,22:11:22.677,22:11:11.742,140.4,VAMPIRES,20.546286111111,180.0,IR,7854969.0,7854969.0,130361.9804644456,46862.39453125,46862.39453125,158.9377465465642,16443.900390625,16443.900390625,77.85824923144196,59409.34117140625,59409.3412346875,59409.341108125,0.0,500,1002,83.20051002502441,18.4890022277832,1538289.5,1538289.5,28739.35157456815,HD173667,Observation,IMAG_POL,NAOJ,"""[Summit] Vievard, Skaf [Hilo] Guyon, Lozi, Deo, Ahn""",4.0,622.8,278.05,10.5,-88.23936775628246,-88.2370872341475,-0.012511567987417,-88.22457566616008,-78.6,-0.97373557223653,0.22768187315024,-0.22768187315024,-0.97373557223653,328367.6983881755,328367.6983881755,328769.8817609881,295997827.428,295997827.428,2327319.501207071,15.0,128.0,128.0,256,256,o21013,3.89376e-05,6.24,-5:14:20.451,ICRS,17.58157104787457,67.5,HWP(NIR),89,468623936.0,468623936.0,1589377.441008648,Subaru,NS_IR,UTC,5.0,251.5512237548828,21220.97729067225,6288789.0,10196.9248046875,3048.99365234375,315.2727049910093,860217.25,566867456.0,90306.890625,8771570688.0,0.4888245689994027,08:11:17.210,08:11:22.677,08:11:11.742,T,10000.0,501.0,100000.0,10000.0,1.0,1.0,675-50,B,0.0,2,67.5,5.0,1.0,EmptySlot,5.0,4.0,HD173667_08_20210714_675-50_EmptySlot_0,19,/data/20210714/,4.0,152.0,165.0,74019823616.0,74019823616.0,1497852412.405166,675.0838654091856,48.5,699.3999999999999,650.8999999999999,2,20.51964,182.0,183.0,6288789.0,266817853.7208588,0,0.0,0.0,0.0,0.0,0,0,99.0,73,73,76,3,473975274.04125977,388952430.96191406,5082.362548828125,85022843.0793457,99241.04948938501,3919.269626461549,0.0,,
HD173667_08_20210714_675-50_EmptySlot_019_cam2_FLC1_fix_coll.fits,True,-32,3,366,366,1,True,1.068,69.48036,OFF,84.14512,DARKS_256_10ms_em1_20210715_625-50_EmptySlot_00_cam2_coll.fits,150,e-/s,-1.7333333333333e-06,1.7333333333333e-06,median,183.5,183.5,-78.58521250000005,20.54628611111112,RA---TAN,DEC--TAN,deg,deg,ACQUISITION,2021-07-14T08:11:27,2021-07-14,0.00015,20:32:46.63,-166.8393677562825,VCAM2 - Ultra 897,1.0,7.92,0.0718429257239067,0.0,3.0,3.0,12.4,7.6,SCEXAO,348.72,35708928.0,MIRROR,152.63,15629312.0,ao188cmtx.oct,10.0,OPEN,1.0,1.0,TRACK,99.17589,+20:32:46.71,ADI,52.792,-39.0,18:45:39.730,0.0,ON,0.0,0.01,IN,152.058,72.05796,+20:32:47,1.0,ADI,163.025,-39.0,18:45:39.7,SYNC,0.0,ao188ttctrl.oct,0.001,0.0,4.5,1.414213562373095,2000.0,0.01,SCI,675-50,Unknown,675-50,Nasmyth-IR,-0.12,VMPA00010851,294912.0,4.5,22:11:17.210,22:11:22.677,22:11:11.742,140.4,VAMPIRES,20.546286111111,180.0,IR,9364938.0,9364938.0,152681.6172117165,54910.5859375,54910.5859375,185.7325229170225,18360.44921875,18360.44921875,89.87512747978114,59409.34117140625,59409.3412346875,59409.341108125,0.0,500,1002,77.31856727600098,17.18190383911133,1846159.0,1846159.0,34096.00614434235,HD173667,Observation,IMAG_POL,NAOJ,"""[Summit] Vievard, Skaf [Hilo] Guyon, Lozi, Deo, Ahn""",4.0,622.8,278.05,10.5,-88.23936775628246,-88.2370872341475,-0.012511567987417,-88.22457566616008,-78.6,-0.97373557223653,0.22768187315024,-0.22768187315024,-0.97373557223653,334597.1636895493,334597.1636895493,335124.4098916852,350228124.702,350228124.702,2729381.335686522,15.0,128.0,128.0,256,256,o21013,3.89376e-05,6.24,-5:14:20.451,ICRS,17.58157104787457,67.5,HWP(NIR),89,549105920.0,549105920.0,1857325.28786701,Subaru,NS_IR,UTC,5.0,231.7428283691406,21133.58977793157,7423324.5,11733.3544921875,3189.02880859375,290.4465630165235,1070013.25,636640064.0,83195.671875,12554844160.0,0.6996599017052427,08:11:17.210,08:11:22.677,08:11:11.742,T,10000.0,501.0,100000.0,10000.0,2.0,1.0,675-50,A,0.0,1,67.5,5.0,1.0,EmptySlot,5.0,4.0,HD173667_08_20210714_675-50_EmptySlot_0,19,/data/20210714/,4.0,152.0,165.0,104060321792.0,104060321792.0,2083348195.348161,675.0838654091856,48.5,699.3999999999999,650.8999999999999,2,20.51964,182.0,183.0,7423324.5,314318170.4035406,0,0.0,0.0,0.0,0.0,0,0,101.0,73,73,76,3,547366229.1381836,455295723.0168457,5503.646728515625,92070506.12133789,108062.05986713695,4213.28006866272,0.0,,
HD173667_08_20210714_675-50_EmptySlot_019_cam2_FLC2_fix_coll.fits,True,-32,3,366,366,1,True,1.068,69.48036,OFF,84.14512,DARKS_256_10ms_em1_20210715_625-50_EmptySlot_00_cam2_coll.fits,150,e-/s,-1.7333333333333e-06,1.7333333333333e-06,median,183.5,183.5,-78.58521250000005,20.54628611111112,RA---TAN,DEC--TAN,deg,deg,ACQUISITION,2021-07-14T08:11:27,2021-07-14,0.00015,20:32:46.63,-166.8393677562825,VCAM2 - Ultra 897,1.0,7.92,0.0718429257239067,0.0,3.0,3.0,12.4,7.6,SCEXAO,348.72,35708928.0,MIRROR,152.63,15629312.0,ao188cmtx.oct,10.0,OPEN,1.0,1.0,TRACK,99.17589,+20:32:46.71,ADI,52.792,-39.0,18:45:39.730,0.0,ON,0.0,0.01,IN,152.058,72.05796,+20:32:47,1.0,ADI,163.025,-39.0,18:45:39.7,SYNC,0.0,ao188ttctrl.oct,0.001,0.0,4.5,1.414213562373095,2000.0,0.01,SCI,675-50,Unknown,675-50,Nasmyth-IR,-0.12,VMPA00010851,294912.0,4.5,22:11:17.210,22:11:22.677,22:11:11.742,140.4,VAMPIRES,20.546286111111,180.0,IR,9108275.0,9108275.0,150453.5990789357,54814.64453125,54814.64453125,183.4427150636182,18361.123046875,18361.123046875,91.2101299394728,59409.34117140625,59409.3412346875,59409.341108125,0.0,500,1002,77.31856727600098,17.18190383911133,1805969.875,1805969.875,33592.47438174408,HD173667,Observation,IMAG_POL,NAOJ,"""[Summit] Vievard, Skaf [Hilo] Guyon, Lozi, Deo, Ahn""",4.0,622.8,278.05,10.5,-88.23936775628246,-88.2370872341475,-0.012511567987417,-88.22457566616008,-78.6,-0.97373557223653,0.22768187315024,-0.22768187315024,-0.97373557223653,334338.9782205975,334338.9782205975,334865.9923320296,349358767.596,349358767.596,2725432.946580483,15.0,128.0,128.0,256,256,o21013,3.89376e-05,6.24,-5:14:20.451,ICRS,17.58157104787457,67.5,HWP(NIR),89,548146432.0,548146432.0,1834427.236235659,Subaru,NS_IR,UTC,5.0,231.7342987060547,20832.27490452002,7329880.5,11825.119140625,3219.974609375,290.4358726691913,1063045.625,636321472.0,83192.609375,12570641408.0,0.7005402552040227,08:11:17.210,08:11:22.677,08:11:11.742,T,10000.0,501.0,100000.0,10000.0,2.0,1.0,675-50,B,0.0,2,67.5,5.0,1.0,EmptySlot,5.0,4.0,HD173667_08_20210714_675-50_EmptySlot_0,19,/data/20210714/,4.0,152.0,165.0,101576794112.0,101576794112.0,2042790052.343312,675.0838654091856,48.5,699.3999999999999,650.8999999999999,2,20.51964,182.0,183.0,7329880.5,315052524.63862324,0,0.0,0.0,0.01254932434579659,-0.002882683413181015,0,0,101.0,73,73,76,3,547931958.4089355,456976254.71362305,5437.0078125,90955703.6953125,105964.63830159108,4312.535408397288,0.0,0.011455816400025739,-0.005771155960064283
