FILE_NAME,SIMPLE,BITPIX,NAXIS,NAXIS1,NAXIS2,NAXIS3,EXTEND,AIRMASS,ALTITUDE,AUTOGUID,AZIMUTH,BACKFILE,BIAS,BUNIT,CDELT1,CDELT2,COL_METH,CRPIX1,CRPIX2,CRVAL1,CRVAL2,CTYPE1,CTYPE2,CUNIT1,CUNIT2,DATA-TYP,DATE,DATE-OBS,DC,DEC,DEROTANG,DETECTOR,DETGAIN,DIAMETER,DLAMLAM,D_ADFG,D_BNCHI,D_BNCHO,D_BNCTI,D_BNCTO,D_BS1,D_BS1P,D_BS1S,D_BS2,D_BS2P,D_BS2S,D_DMCMTX,D_DMGAIN,D_ENSHUT,D_HDFG,D_HTTG,D_IMR,D_IMRANG,D_IMRDEC,D_IMRMOD,D_IMRPAD,D_IMRPAP,D_IMRRA,D_LDFG,D_LOOP,D_LTTG,D_PSUBG,D_SADC,D_SADCA1,D_SADCA2,D_SADCDC,D_SADCFC,D_SADCMD,D_SADCP,D_SADCPA,D_SADCRA,D_SADCST,D_STTG,D_TTCMTX,D_TTGAIN,D_WTTG,EFFGAIN,ENF,EQUINOX,EXPTIME,FIELD,FILTER01,FILTER02,FILTNAME,FOC-POS,FOC-VAL,FRAMEID,FULLWELL,GAIN,HST,HST-END,HST-STR,INST-PA,INSTRUME,LATPOLE,LONPOLE,M2-TYPE,MAX,MAX0,MAXER0,MEAN,MEAN0,MEANER0,MED,MED0,MEDER0,MJD,MJD-END,MJD-STR,MJDREF,NCOADD,NDIT,NOISE,NOISEADU,NVAR,NVAR0,NVARER0,OBJECT,OBS-ALOC,OBS-MOD,OBSERVAT,OBSERVER,OUT-HUM,OUT-PRS,OUT-TMP,OUT-WND,PA,PA-END,PA-ROT,PA-STR,PAOFFSET,PC1_1,PC1_2,PC2_1,PC2_2,PHOTE,PHOTE0,PHOTEER0,PHOTF,PHOTF0,PHOTFER0,PHOTR,PRD-MIN1,PRD-MIN2,PRD-RNG1,PRD-RNG2,PROP-ID,PXAREA,PXSCALE,RA,RADESYS,RESELEM,RET-ANG1,RETPLAT1,RN,SUM,SUM0,SUMER0,TELESCOP,TELFOCUS,TIMESYS,TINT,TOMEANE,TONVARE,TOTMAX,TOTMEAN,TOTMED,TOTMEDE,TOTNVAR,TOTSUM,TOTSUME,TOTVAR,TOTVARE,UT,UT-END,UT-STR,U_AOHWP,U_AQDTIM,U_AQNCYC,U_AQSDEL,U_AQTINT,U_CAMERA,U_EMGAIN,U_FILTER,U_FLC,U_FLCOFF,U_FLCSTT,U_HWPANG,U_LOOPIT,U_MANGLE,U_MASK,U_NLOOPS,U_NPOLST,U_OGFNAM,U_OGFNUM,U_ORGDIR,U_PLSTIT,U_QWP1,U_QWP2,VAR,VAR0,VARER0,WAVEAVE,WAVEFWHM,WAVEMAX,WAVEMIN,WCSAXES,ZD,MAX_X,MAX_Y,MAX_PIXEL_VALUE,R_15_TOTAL_COUNTS,NORM_I,DOUBLE_DIFFERENCE,DOUBLE_SUM,Q,U,Q_sem,U_sem,SCIENCE_REGION_MAX_RADIUS,APPENDIX_D_APERTURE_RADIUS,BACKGROUND_ANNULUS_INNER_RADIUS,BACKGROUND_ANNULUS_OUTER_RADIUS,BACKGROUND_ANNULUS_WIDTH,R_90_RAW_TOTAL_COUNTS,R_90_TOTAL_COUNTS,R_90_ANNULUS_R_90_TO_94_BACKGROUND_PER_PIXEL,R_90_ANNULUS_R_90_TO_94_BACKGROUND_TOTAL_COUNTS,R_90_TOTAL_COUNTS_NOISE,R_90_ANNULUS_R_90_TO_94_SNR,DOUBLE_DIFFERENCE_ERRS,APPENDIX_D_Q_OVER_I,APPENDIX_D_U_OVER_I
HD173667_02_20210714_675-50_EmptySlot_00_cam1_FLC1_fix_coll.fits,True,-32,3,366,366,1,True,1.198,56.56625,OFF,82.4338,DARKS_256_10ms_em5_20210715_625-50_EmptySlot_00_cam1_fix_coll.fits,150,e-/s,-1.7333333333333e-06,1.7333333333333e-06,median,183.5,183.5,-78.58518750000003,20.54631666666668,RA---TAN,DEC--TAN,deg,deg,ACQUISITION,2021-07-14T07:16:17,2021-07-14,0.00015,20:32:46.74,-163.5084509958819,VCAM1 - Ultra 897,5.0,7.92,0.0718429257239067,0.0,5.0,4.0,12.4,8.2,SCEXAO,348.72,35708928.0,MIRROR,152.63,15629312.0,ao188cmtx.oct,10.0,OPEN,1.0,1.0,TRACK,92.72502,+20:32:46.71,ADI,56.131,-39.0,18:45:39.730,0.0,ON,0.0,0.01,IN,160.73504,80.73804,+20:32:47,1.0,ADI,163.025,-39.0,18:45:39.7,SYNC,0.0,ao188ttctrl.oct,0.001,0.0,0.9,1.414213562373095,2000.0,0.01,SCI,675-50,Unknown,675-50,Nasmyth-IR,-0.12,VMPA00010293,294912.0,4.5,21:16:09.234,21:16:14.666,21:16:03.802,140.4,VAMPIRES,20.546316666667,180.0,IR,1142115.25,1142115.25,19640.82870776863,9622.810546875,9622.810546875,30.60115529414437,4386.10498046875,4386.10498046875,11.62242051689577,59409.30288465278,59409.30294752315,59409.30282178241,0.0,500,1002,16.63701896667481,18.48557662963867,178433.890625,178433.890625,3580.686228265953,HD173667,Observation,IMAG_POL,NAOJ,"""[Summit] Vievard, Skaf [Hilo] Guyon, Lozi, Deo, Ahn""",5.0,622.5,277.95,11.0,-84.9084509958819,-84.9065789412659,-0.0103495519372671,-84.89622938932864,-78.6,-0.95886161604923,0.28387391790629,-0.28387391790629,-0.95886161604923,109371.7780759483,109371.7780759483,109649.8669759397,50316589.2924,50316589.2924,378941.9860881475,15.0,128.0,128.0,256,256,o21013,3.89376e-05,6.24,-5:14:20.445,ICRS,17.58157104787457,0.0,HWP(NIR),89,96228112.0,96228112.0,306011.5376121495,Subaru,NS_IR,UTC,5.0,53.9611701965332,1836.129796617664,731919.9375,2340.82958984375,965.40625,67.63029747340289,79651.109375,129663232.0,19372.060546875,186449680.0,0.0103905204333316,07:16:09.234,07:16:14.666,07:16:03.802,T,10000.0,501.0,100000.0,10000.0,1.0,5.0,675-50,A,0.0,1,0.0,1.0,1.0,EmptySlot,5.0,4.0,HD173667_02_20210714_675-50_EmptySlot_0,0,/data/20210714/,1.0,152.0,165.0,1762357888.0,1762357888.0,39426811.38816509,675.0838654091856,48.5,699.3999999999999,650.8999999999999,2,33.43375,182.0,183.0,731919.9375,44009377.22781038,"(0.006482922264058985, 0.0)",0.0025299596117307507,-0.08099797260550516,0.0,0.0,0,0,105.0,90,90,94,4,111305404.82824707,85713628.61334229,1005.7683715820312,25591776.214904785,23604.14952129875,3631.294935494297,0.00013216613112518528,,
HD173667_02_20210714_675-50_EmptySlot_00_cam1_FLC2_fix_coll.fits,True,-32,3,366,366,1,True,1.198,56.56625,OFF,82.4338,DARKS_256_10ms_em5_20210715_625-50_EmptySlot_00_cam1_fix_coll.fits,150,e-/s,-1.7333333333333e-06,1.7333333333333e-06,median,183.5,183.5,-78.58518750000003,20.54631666666668,RA---TAN,DEC--TAN,deg,deg,ACQUISITION,2021-07-14T07:16:17,2021-07-14,0.00015,20:32:46.74,-163.5084509958819,VCAM1 - Ultra 897,5.0,7.92,0.0718429257239067,0.0,5.0,4.0,12.4,8.2,SCEXAO,348.72,35708928.0,MIRROR,152.63,15629312.0,ao188cmtx.oct,10.0,OPEN,1.0,1.0,TRACK,92.72502,+20:32:46.71,ADI,56.131,-39.0,18:45:39.730,0.0,ON,0.0,0.01,IN,160.73504,80.73804,+20:32:47,1.0,ADI,163.025,-39.0,18:45:39.7,SYNC,0.0,ao188ttctrl.oct,0.001,0.0,0.9,1.414213562373095,2000.0,0.01,SCI,675-50,Unknown,675-50,Nasmyth-IR,-0.12,VMPA00010293,294912.0,4.5,21:16:09.234,21:16:14.666,21:16:03.802,140.4,VAMPIRES,20.546316666667,180.0,IR,1121982.25,1121982.25,18940.58585256225,9414.7802734375,9414.7802734375,30.23604459011806,4294.125,4294.125,11.29883893426067,59409.30288465278,59409.30294752315,59409.30282178241,0.0,500,1002,16.63701896667481,18.48557662963867,174536.546875,174536.546875,3461.393748594447,HD173667,Observation,IMAG_POL,NAOJ,"""[Summit] Vievard, Skaf [Hilo] Guyon, Lozi, Deo, Ahn""",5.0,622.5,277.95,11.0,-84.9084509958819,-84.9065789412659,-0.0103495519372671,-84.89622938932864,-78.6,-0.95886161604923,0.28387391790629,-0.28387391790629,-0.95886161604923,108404.5102002747,108404.5102002747,108678.0447774641,49255791.48,49255791.48,370913.5777315619,15.0,128.0,128.0,256,256,o21013,3.89376e-05,6.24,-5:14:20.445,ICRS,17.58157104787457,0.0,HWP(NIR),89,94147808.0,94147808.0,302360.4187364485,Subaru,NS_IR,UTC,5.0,53.87248229980469,1846.621929076966,704988.6875,2275.60107421875,936.0438842773438,67.51914367862426,78002.25,126555280.0,19340.220703125,177502000.0,0.0098918815948476,07:16:09.234,07:16:14.666,07:16:03.802,T,10000.0,501.0,100000.0,10000.0,1.0,5.0,675-50,B,0.0,2,0.0,1.0,1.0,EmptySlot,5.0,4.0,HD173667_02_20210714_675-50_EmptySlot_0,0,/data/20210714/,1.0,152.0,165.0,1685719552.0,1685719552.0,37356090.79890231,675.0838654091856,48.5,699.3999999999999,650.8999999999999,2,33.43375,182.0,183.0,704988.6875,43081165.99304715,0,0.0,0.0,0.0,0.0,0,0,105.0,90,90,94,4,108796971.86676025,83895104.74105835,978.6546325683594,24901867.125701904,22667.95713257148,3701.0439119151974,0.0,,
HD173667_02_20210714_675-50_EmptySlot_00_cam2_FLC1_fix_coll.fits,True,-32,3,366,366,1,True,1.198,56.56625,OFF,82.4338,DARKS_256_10ms_em5_20210715_625-50_EmptySlot_00_cam2_fix_coll.fits,150,e-/s,-1.7333333333333e-06,1.7333333333333e-06,median,183.5,183.5,-78.58518750000003,20.54631666666668,RA---TAN,DEC--TAN,deg,deg,ACQUISITION,2021-07-14T07:16:19,2021-07-14,0.00015,20:32:46.74,-163.5084509958819,VCAM2 - Ultra 897,5.0,7.92,0.0718429257239067,0.0,5.0,4.0,12.4,8.2,SCEXAO,348.72,35708928.0,MIRROR,152.63,15629312.0,ao188cmtx.oct,10.0,OPEN,1.0,1.0,TRACK,92.72502,+20:32:46.71,ADI,56.131,-39.0,18:45:39.730,0.0,ON,0.0,0.01,IN,160.73504,80.73804,+20:32:47,1.0,ADI,163.025,-39.0,18:45:39.7,SYNC,0.0,ao188ttctrl.oct,0.001,0.0,0.9,1.414213562373095,2000.0,0.01,SCI,675-50,Unknown,675-50,Nasmyth-IR,-0.12,VMPA00010295,294912.0,4.5,21:16:09.234,21:16:14.666,21:16:03.802,140.4,VAMPIRES,20.546316666667,180.0,IR,1332673.25,1332673.25,22570.11688948296,11320.060546875,11320.060546875,35.2837333058594,5034.375,5034.375,12.88696308799224,59409.30288465278,59409.30294752315,59409.30282178241,0.0,500,1002,15.47297286987305,17.19219207763672,208118.25,208118.25,4125.743520134493,HD173667,Observation,IMAG_POL,NAOJ,"""[Summit] Vievard, Skaf [Hilo] Guyon, Lozi, Deo, Ahn""",5.0,622.5,277.95,11.0,-84.9084509958819,-84.9065789412659,-0.0103495519372671,-84.89622938932864,-78.6,-0.95886161604923,0.28387391790629,-0.28387391790629,-0.95886161604923,116174.1936778632,116174.1936778632,116490.0980278999,59373090.3744,59373090.3744,441543.7345086033,15.0,128.0,128.0,256,256,o21013,3.89376e-05,6.24,-5:14:20.445,ICRS,17.58157104787457,0.0,HWP(NIR),89,113200608.0,113200608.0,352837.3278178097,Subaru,NS_IR,UTC,5.0,50.87572860717773,1704.766498503217,867172.9375,2793.578857421875,1171.804809570312,63.76326990960247,93608.484375,150945440.0,18264.38671875,261502688.0,0.0145730956633185,07:16:09.234,07:16:14.666,07:16:03.802,T,10000.0,501.0,100000.0,10000.0,2.0,5.0,675-50,A,0.0,1,0.0,1.0,1.0,EmptySlot,5.0,4.0,HD173667_02_20210714_675-50_EmptySlot_0,0,/data/20210714/,1.0,152.0,165.0,2416270336.0,2416270336.0,53291122.63091349,675.0838654091856,48.5,699.3999999999999,650.8999999999999,2,33.43375,182.0,182.0,867172.9375,51690141.586318895,0,0.0,0.0,0.0,0.0,0,0,106.0,90,90,94,4,130199220.52172852,100195490.34594727,1179.16015625,30003730.17578125,25909.68017857429,3867.1064117882383,0.0,,
HD173667_02_20210714_675-50_EmptySlot_00_cam2_FLC2_fix_coll.fits,True,-32,3,366,366,1,True,1.198,56.56625,OFF,82.4338,DARKS_256_10ms_em5_20210715_625-50_EmptySlot_00_cam2_fix_coll.fits,150,e-/s,-1.7333333333333e-06,1.7333333333333e-06,median,183.5,183.5,-78.58518750000003,20.54631666666668,RA---TAN,DEC--TAN,deg,deg,ACQUISITION,2021-07-14T07:16:19,2021-07-14,0.00015,20:32:46.74,-163.5084509958819,VCAM2 - Ultra 897,5.0,7.92,0.0718429257239067,0.0,5.0,4.0,12.4,8.2,SCEXAO,348.72,35708928.0,MIRROR,152.63,15629312.0,ao188cmtx.oct,10.0,OPEN,1.0,1.0,TRACK,92.72502,+20:32:46.71,ADI,56.131,-39.0,18:45:39.730,0.0,ON,0.0,0.01,IN,160.73504,80.73804,+20:32:47,1.0,ADI,163.025,-39.0,18:45:39.7,SYNC,0.0,ao188ttctrl.oct,0.001,0.0,0.9,1.414213562373095,2000.0,0.01,SCI,675-50,Unknown,675-50,Nasmyth-IR,-0.12,VMPA00010295,294912.0,4.5,21:16:09.234,21:16:14.666,21:16:03.802,140.4,VAMPIRES,20.546316666667,180.0,IR,1321879.375,1321879.375,22056.77298109093,11215.248046875,11215.248046875,34.788847680053,4988.8349609375,4988.8349609375,13.06846345920302,59409.30288465278,59409.30294752315,59409.30282178241,0.0,500,1002,15.47297286987305,17.19219207763672,206454.8125,206454.8125,4067.935922131801,HD173667,Observation,IMAG_POL,NAOJ,"""[Summit] Vievard, Skaf [Hilo] Guyon, Lozi, Deo, Ahn""",5.0,622.5,277.95,11.0,-84.9084509958819,-84.9065789412659,-0.0103495519372671,-84.89622938932864,-78.6,-0.95886161604923,0.28387391790629,-0.28387391790629,-0.95886161604923,115662.9185225545,115662.9185225545,115975.9131406546,58774973.63039999,58774973.63039999,436788.3741999416,15.0,128.0,128.0,256,256,o21013,3.89376e-05,6.24,-5:14:20.445,ICRS,17.58157104787457,0.0,HWP(NIR),89,112152480.0,112152480.0,347888.4398093274,Subaru,NS_IR,UTC,5.0,50.83228302001953,1704.789204271277,847798.625,2779.862060546875,1167.434814453125,63.70881894101312,93229.7109375,149573264.0,18248.7890625,259165728.0,0.0144428608963193,07:16:09.234,07:16:14.666,07:16:03.802,T,10000.0,501.0,100000.0,10000.0,2.0,5.0,675-50,B,0.0,2,0.0,1.0,1.0,EmptySlot,5.0,4.0,HD173667_02_20210714_675-50_EmptySlot_0,0,/data/20210714/,1.0,152.0,165.0,2372999424.0,2372999424.0,51977823.02215851,675.0838654091856,48.5,699.3999999999999,650.8999999999999,2,33.43375,182.0,182.0,847798.625,51264945.50463608,0,0.0,0.0,0.0,0.0,0,0,106.0,90,90,94,4,129108131.402771,99310812.60760498,1171.048095703125,29797318.795166016,25251.891969996912,3932.806806143529,0.0,,
HD173667_02_20210714_675-50_EmptySlot_01_cam1_FLC1_fix_coll.fits,True,-32,3,366,366,1,True,1.197,56.6469,OFF,82.44689,DARKS_256_10ms_em5_20210715_625-50_EmptySlot_00_cam1_fix_coll.fits,150,e-/s,-1.7333333333333e-06,1.7333333333333e-06,median,183.5,183.5,-78.58517916666672,20.54631944444445,RA---TAN,DEC--TAN,deg,deg,ACQUISITION,2021-07-14T07:16:38,2021-07-14,0.00015,20:32:46.75,-163.5278244044713,VCAM1 - Ultra 897,5.0,7.92,0.0718429257239067,0.0,5.0,3.0,12.4,8.1,SCEXAO,348.72,35708928.0,MIRROR,152.63,15629312.0,ao188cmtx.oct,10.0,OPEN,1.0,1.0,TRACK,92.75622,+20:32:46.71,ADI,56.112,-39.0,18:45:39.730,0.0,ON,0.0,0.01,IN,160.67603,80.67599,+20:32:47,1.0,ADI,163.025,-39.0,18:45:39.7,SYNC,0.0,ao188ttctrl.oct,0.001,0.0,0.9,1.414213562373095,2000.0,0.01,SCI,675-50,Unknown,675-50,Nasmyth-IR,-0.12,VMPA00010297,294912.0,4.5,21:16:30.032,21:16:35.504,21:16:24.560,140.4,VAMPIRES,20.546319444444,180.0,IR,822927.25,822927.25,27017.47581374935,8129.0927734375,8129.0927734375,91.06925656506026,4195.39501953125,4195.39501953125,13.29968713645887,59409.30312537037,59409.30318870371,59409.30306203703,0.0,500,1002,16.63701896667481,18.48557662963867,126054.171875,126054.171875,4627.191896271845,HD173667,Observation,IMAG_POL,NAOJ,"""[Summit] Vievard, Skaf [Hilo] Guyon, Lozi, Deo, Ahn""",4.9,622.5,277.95,11.0,-84.92782440447132,-84.92623552965092,-0.0102729894273778,-84.91596254022355,-78.6,-0.95895754745502,0.28354968202954,-0.28354968202954,-0.95895754745502,95821.6891983778,95821.6891983778,97897.1389425073,38120049.1728,38120049.1728,810803.6565287431,15.0,128.0,128.0,256,256,o21013,3.89376e-05,6.24,-5:14:20.443,ICRS,17.58157104787457,45.0,HWP(NIR),89,81290936.0,81290936.0,910692.5283536876,Subaru,NS_IR,UTC,5.0,53.61660766601562,972.7112544591072,445355.875,2124.39990234375,1055.306396484375,67.198452382716,38540.8125,118660480.0,19248.361328125,81876096.0,0.0045628142053631,07:16:30.032,07:16:35.504,07:16:24.560,T,10000.0,501.0,100000.0,10000.0,1.0,5.0,675-50,A,0.0,1,45.0,1.0,1.0,EmptySlot,5.0,4.0,HD173667_02_20210714_675-50_EmptySlot_0,1,/data/20210714/,2.0,152.0,165.0,1207811584.0,1207811584.0,48305393.70309021,675.0838654091856,48.5,699.3999999999999,650.8999999999999,2,33.3531,182.0,183.0,445355.875,31525173.22472025,"(0.03158880280606528, 0.0)",0.015239794627825725,-0.08393990465952085,0.0,0.0,0,0,105.0,90,90,94,4,97572719.07305908,69552453.3595581,1101.2091064453125,28020265.713500977,21890.622406244405,3177.271622012809,0.00015878468213843024,,
HD173667_02_20210714_675-50_EmptySlot_01_cam1_FLC2_fix_coll.fits,True,-32,3,366,366,1,True,1.197,56.6469,OFF,82.44689,DARKS_256_10ms_em5_20210715_625-50_EmptySlot_00_cam1_fix_coll.fits,150,e-/s,-1.7333333333333e-06,1.7333333333333e-06,median,183.5,183.5,-78.58517916666672,20.54631944444445,RA---TAN,DEC--TAN,deg,deg,ACQUISITION,2021-07-14T07:16:38,2021-07-14,0.00015,20:32:46.75,-163.5278244044713,VCAM1 - Ultra 897,5.0,7.92,0.0718429257239067,0.0,5.0,3.0,12.4,8.1,SCEXAO,348.72,35708928.0,MIRROR,152.63,15629312.0,ao188cmtx.oct,10.0,OPEN,1.0,1.0,TRACK,92.75622,+20:32:46.71,ADI,56.112,-39.0,18:45:39.730,0.0,ON,0.0,0.01,IN,160.67603,80.67599,+20:32:47,1.0,ADI,163.025,-39.0,18:45:39.7,SYNC,0.0,ao188ttctrl.oct,0.001,0.0,0.9,1.414213562373095,2000.0,0.01,SCI,675-50,Unknown,675-50,Nasmyth-IR,-0.12,VMPA00010297,294912.0,4.5,21:16:30.032,21:16:35.504,21:16:24.560,140.4,VAMPIRES,20.546319444444,180.0,IR,782859.25,782859.25,25783.59952834011,7740.25537109375,7740.25537109375,87.224868307162,4017.510009765625,4017.510009765625,13.47317756933961,59409.30312537037,59409.30318870371,59409.30306203703,0.0,500,1002,16.63701896667481,18.48557662963867,119642.671875,119642.671875,4369.975599277557,HD173667,Observation,IMAG_POL,NAOJ,"""[Summit] Vievard, Skaf [Hilo] Guyon, Lozi, Deo, Ahn""",4.9,622.5,277.95,11.0,-84.92782440447132,-84.92623552965092,-0.0102729894273778,-84.91596254022355,-78.6,-0.95895754745502,0.28354968202954,-0.28354968202954,-0.95895754745502,93986.02525663083,93986.02525663083,95976.17170793709,36258020.082,36258020.082,772165.2306753519,15.0,128.0,128.0,256,256,o21013,3.89376e-05,6.24,-5:14:20.443,ICRS,17.58157104787457,45.0,HWP(NIR),89,77402560.0,77402560.0,872248.7060437247,Subaru,NS_IR,UTC,5.0,53.451416015625,979.8724810849816,448322.59375,2028.314819335938,1007.804321289062,66.99141535191495,37183.109375,113297608.0,19189.05859375,75419048.0,0.004202974010502,07:16:30.032,07:16:35.504,07:16:24.560,T,10000.0,501.0,100000.0,10000.0,1.0,5.0,675-50,B,0.0,2,45.0,1.0,1.0,EmptySlot,5.0,4.0,HD173667_02_20210714_675-50_EmptySlot_0,1,/data/20210714/,2.0,152.0,165.0,1092986240.0,1092986240.0,43682046.60272194,675.0838654091856,48.5,699.3999999999999,650.8999999999999,2,33.3531,182.0,183.0,448322.59375,30151552.631314784,0,0.0,0.0,0.0,0.0,0,0,105.0,90,90,94,4,93198179.86871338,66333437.70257568,1055.7965087890625,26864742.166137695,21713.518286524686,3054.9373356846513,0.0,,
HD173667_02_20210714_675-50_EmptySlot_01_cam2_FLC1_fix_coll.fits,True,-32,3,366,366,1,True,1.197,56.6469,OFF,82.44689,DARKS_256_10ms_em5_20210715_625-50_EmptySlot_00_cam2_fix_coll.fits,150,e-/s,-1.7333333333333e-06,1.7333333333333e-06,median,183.5,183.5,-78.58517916666672,20.54631944444445,RA---TAN,DEC--TAN,deg,deg,ACQUISITION,2021-07-14T07:16:39,2021-07-14,0.00015,20:32:46.75,-163.5278244044713,VCAM2 - Ultra 897,5.0,7.92,0.0718429257239067,0.0,5.0,3.0,12.4,8.1,SCEXAO,348.72,35708928.0,MIRROR,152.63,15629312.0,ao188cmtx.oct,10.0,OPEN,1.0,1.0,TRACK,92.75622,+20:32:46.71,ADI,56.112,-39.0,18:45:39.730,0.0,ON,0.0,0.01,IN,160.67603,80.67599,+20:32:47,1.0,ADI,163.025,-39.0,18:45:39.7,SYNC,0.0,ao188ttctrl.oct,0.001,0.0,0.9,1.414213562373095,2000.0,0.01,SCI,675-50,Unknown,675-50,Nasmyth-IR,-0.12,VMPA00010299,294912.0,4.5,21:16:30.032,21:16:35.504,21:16:24.560,140.4,VAMPIRES,20.546319444444,180.0,IR,947228.1875,947228.1875,30969.27316021479,9358.6572265625,9358.6572265625,104.5668583730018,4687.64990234375,4687.64990234375,14.68636318365304,59409.30312537037,59409.30318870371,59409.30306203703,0.0,500,1002,15.47297286987305,17.19219207763672,146288.953125,146288.953125,5340.851858114463,HD173667,Observation,IMAG_POL,NAOJ,"""[Summit] Vievard, Skaf [Hilo] Guyon, Lozi, Deo, Ahn""",4.9,622.5,277.95,11.0,-84.92782440447132,-84.92623552965092,-0.0102729894273778,-84.91596254022355,-78.6,-0.95895754745502,0.28354968202954,-0.28354968202954,-0.95895754745502,100229.2481318207,100229.2481318207,102696.7258443275,44256652.7256,44256652.7256,939941.8268758312,15.0,128.0,128.0,256,256,o21013,3.89376e-05,6.24,-5:14:20.443,ICRS,17.58157104787457,45.0,HWP(NIR),89,93586568.0,93586568.0,1045668.478564946,Subaru,NS_IR,UTC,5.0,50.31462478637695,936.1391360969284,495147.53125,2459.8232421875,1214.813842773438,63.06003055849111,45766.75,132921472.0,18062.951171875,112578112.0,0.006273784825385,07:16:30.032,07:16:35.504,07:16:24.560,T,10000.0,501.0,100000.0,10000.0,2.0,5.0,675-50,A,0.0,1,45.0,1.0,1.0,EmptySlot,5.0,4.0,HD173667_02_20210714_675-50_EmptySlot_0,1,/data/20210714/,2.0,152.0,165.0,1612064512.0,1612064512.0,64011397.79303219,675.0838654091856,48.5,699.3999999999999,650.8999999999999,2,33.3531,182.0,183.0,495147.53125,36482369.97560392,0,0.0,0.0,0.0,0.0,0,0,106.0,90,90,94,4,111056289.50317383,79743242.93243408,1230.6168823242188,31313046.570739746,25317.17041976902,3149.7691728680006,0.0,,
HD173667_02_20210714_675-50_EmptySlot_01_cam2_FLC2_fix_coll.fits,True,-32,3,366,366,1,True,1.197,56.6469,OFF,82.44689,DARKS_256_10ms_em5_20210715_625-50_EmptySlot_00_cam2_fix_coll.fits,150,e-/s,-1.7333333333333e-06,1.7333333333333e-06,median,183.5,183.5,-78.58517916666672,20.54631944444445,RA---TAN,DEC--TAN,deg,deg,ACQUISITION,2021-07-14T07:16:39,2021-07-14,0.00015,20:32:46.75,-163.5278244044713,VCAM2 - Ultra 897,5.0,7.92,0.0718429257239067,0.0,5.0,3.0,12.4,8.1,SCEXAO,348.72,35708928.0,MIRROR,152.63,15629312.0,ao188cmtx.oct,10.0,OPEN,1.0,1.0,TRACK,92.75622,+20:32:46.71,ADI,56.112,-39.0,18:45:39.730,0.0,ON,0.0,0.01,IN,160.67603,80.67599,+20:32:47,1.0,ADI,163.025,-39.0,18:45:39.7,SYNC,0.0,ao188ttctrl.oct,0.001,0.0,0.9,1.414213562373095,2000.0,0.01,SCI,675-50,Unknown,675-50,Nasmyth-IR,-0.12,VMPA00010299,294912.0,4.5,21:16:30.032,21:16:35.504,21:16:24.560,140.4,VAMPIRES,20.546319444444,180.0,IR,954582.8125,954582.8125,31340.11664902821,9511.630859375,9511.630859375,106.0416478361892,4771.125,4771.125,14.49945688882234,59409.30312537037,59409.30318870371,59409.30306203703,0.0,500,1002,15.47297286987305,17.19219207763672,146982.15625,146982.15625,5360.685082303642,HD173667,Observation,IMAG_POL,NAOJ,"""[Summit] Vievard, Skaf [Hilo] Guyon, Lozi, Deo, Ahn""",4.9,622.5,277.95,11.0,-84.92782440447132,-84.92623552965092,-0.0102729894273778,-84.91596254022355,-78.6,-0.95895754745502,0.28354968202954,-0.28354968202954,-0.95895754745502,100773.3507276948,100773.3507276948,103280.2376546207,44857490.4,44857490.4,955422.1703213552,15.0,128.0,128.0,256,256,o21013,3.89376e-05,6.24,-5:14:20.443,ICRS,17.58157104787457,45.0,HWP(NIR),89,95116312.0,95116312.0,1060416.509631905,Subaru,NS_IR,UTC,5.0,50.39212036132812,942.3083509855352,541530.875,2509.2421875,1245.000610351562,63.15715685815681,46921.6171875,135586896.0,18090.771484375,117737704.0,0.0065613200257868,07:16:30.032,07:16:35.504,07:16:24.560,T,10000.0,501.0,100000.0,10000.0,2.0,5.0,675-50,B,0.0,2,45.0,1.0,1.0,EmptySlot,5.0,4.0,HD173667_02_20210714_675-50_EmptySlot_0,1,/data/20210714/,2.0,152.0,165.0,1646914432.0,1646914432.0,65454279.15105222,675.0838654091856,48.5,699.3999999999999,650.8999999999999,2,33.3531,182.0,183.0,541530.875,37187144.80017756,0,0.0,0.0,0.0,0.0,0,0,106.0,90,90,94,4,113148886.84893799,81045487.57952881,1261.6781005859375,32103399.26940918,25035.129794987333,3237.2705171976445,0.0,,
HD173667_02_20210714_675-50_EmptySlot_02_cam1_FLC1_fix_coll.fits,True,-32,3,366,366,1,True,1.196,56.72251,OFF,82.45916,DARKS_256_10ms_em5_20210715_625-50_EmptySlot_00_cam1_fix_coll.fits,150,e-/s,-1.7333333333333e-06,1.7333333333333e-06,median,183.5,183.5,-78.58520416666668,20.54631666666668,RA---TAN,DEC--TAN,deg,deg,ACQUISITION,2021-07-14T07:16:58,2021-07-14,0.00015,20:32:46.74,-163.546015133294,VCAM1 - Ultra 897,5.0,7.92,0.0718429257239067,0.0,5.0,3.0,12.4,8.1,SCEXAO,348.72,35708928.0,MIRROR,152.63,15629312.0,ao188cmtx.oct,10.0,OPEN,1.0,1.0,TRACK,92.774,+20:32:46.71,ADI,56.093,-39.0,18:45:39.730,0.0,ON,0.0,0.01,IN,160.61304,80.61699,+20:32:47,1.0,ADI,163.025,-39.0,18:45:39.7,SYNC,0.0,ao188ttctrl.oct,0.001,0.0,0.9,1.414213562373095,2000.0,0.01,SCI,675-50,Unknown,675-50,Nasmyth-IR,-0.12,VMPA00010301,294912.0,4.5,21:16:49.454,21:16:54.883,21:16:44.024,140.4,VAMPIRES,20.546316666667,180.0,IR,1085726.5,1085726.5,16306.77309093723,9526.0869140625,9526.0869140625,21.99782233527265,4378.85986328125,4378.85986328125,10.55538386340054,59409.30335015625,59409.30341299769,59409.30328731481,0.0,500,1002,16.63701896667481,18.48557662963867,164965.640625,164965.640625,2736.962402734277,HD173667,Observation,IMAG_POL,NAOJ,"""[Summit] Vievard, Skaf [Hilo] Guyon, Lozi, Deo, Ahn""",5.1,622.5,277.95,11.0,-84.94601513329397,-84.94403797994725,-0.0093868798400364,-84.93465110010722,-78.6,-0.95904752277568,0.28324521012338,-0.28324521012338,-0.95904752277568,108791.1445125016,108791.1445125016,108937.6290938711,49538027.4804,49538027.4804,274390.1851995137,15.0,128.0,128.0,256,256,o21013,3.89376e-05,6.24,-5:14:20.449,ICRS,17.58157104787457,22.5,HWP(NIR),89,95260872.0,95260872.0,219978.2184394912,Subaru,NS_IR,UTC,5.0,53.92269134521484,1765.792837955465,672501.6875,2295.524658203125,939.6241455078124,67.58207138505793,75170.96875,128737616.0,19358.24609375,172556816.0,0.0096162949840334,07:16:49.454,07:16:54.883,07:16:44.024,T,10000.0,501.0,100000.0,10000.0,1.0,5.0,675-50,A,0.0,1,22.5,1.0,1.0,EmptySlot,5.0,4.0,HD173667_02_20210714_675-50_EmptySlot_0,2,/data/20210714/,3.0,152.0,165.0,1592003456.0,1592003456.0,29194867.71282924,675.0838654091856,48.5,699.3999999999999,650.8999999999999,2,33.27749,182.0,182.0,672501.6875,43376164.42463898,"(0.04101871648311413, 0.0)",0.02007906213610308,-0.09242785496396529,0.0,0.0,0,0,105.0,90,90,94,4,110510172.44488525,85366854.26022339,988.1437683105469,25143318.184661865,22822.576117705645,3740.456547058953,0.00013174454843137469,,
HD173667_02_20210714_675-50_EmptySlot_02_cam1_FLC2_fix_coll.fits,True,-32,3,366,366,1,True,1.196,56.72251,OFF,82.45916,DARKS_256_10ms_em5_20210715_625-50_EmptySlot_00_cam1_fix_coll.fits,150,e-/s,-1.7333333333333e-06,1.7333333333333e-06,median,183.5,183.5,-78.58520416666668,20.54631666666668,RA---TAN,DEC--TAN,deg,deg,ACQUISITION,2021-07-14T07:16:58,2021-07-14,0.00015,20:32:46.74,-163.546015133294,VCAM1 - Ultra 897,5.0,7.92,0.0718429257239067,0.0,5.0,3.0,12.4,8.1,SCEXAO,348.72,35708928.0,MIRROR,152.63,15629312.0,ao188cmtx.oct,10.0,OPEN,1.0,1.0,TRACK,92.774,+20:32:46.71,ADI,56.093,-39.0,18:45:39.730,0.0,ON,0.0,0.01,IN,160.61304,80.61699,+20:32:47,1.0,ADI,163.025,-39.0,18:45:39.7,SYNC,0.0,ao188ttctrl.oct,0.001,0.0,0.9,1.414213562373095,2000.0,0.01,SCI,675-50,Unknown,675-50,Nasmyth-IR,-0.12,VMPA00010301,294912.0,4.5,21:16:49.454,21:16:54.883,21:16:44.024,140.4,VAMPIRES,20.546316666667,180.0,IR,1020196.375,1020196.375,15890.32918835015,9004.76953125,9004.76953125,21.33043711237145,4177.21484375,4177.21484375,9.762955437272712,59409.30335015625,59409.30341299769,59409.30328731481,0.0,500,1002,16.63701896667481,18.48557662963867,155523.78125,155523.78125,2682.806059168907,HD173667,Observation,IMAG_POL,NAOJ,"""[Summit] Vievard, Skaf [Hilo] Guyon, Lozi, Deo, Ahn""",5.1,622.5,277.95,11.0,-84.94601513329397,-84.94403797994725,-0.0093868798400364,-84.93465110010722,-78.6,-0.95904752277568,0.28324521012338,-0.28324521012338,-0.95904752277568,106169.0078354068,106169.0078354068,106308.8826722399,46708983.3132,46708983.3132,258611.4151643185,15.0,128.0,128.0,256,256,o21013,3.89376e-05,6.24,-5:14:20.449,ICRS,17.58157104787457,22.5,HWP(NIR),89,90047704.0,90047704.0,213304.3605111262,Subaru,NS_IR,UTC,5.0,53.73134994506836,1729.273604119197,645329.25,2211.103759765625,917.9931640625,67.34226050320059,71161.5,122481880.0,19289.5546875,157345456.0,0.0087685920172127,07:16:49.454,07:16:54.883,07:16:44.024,T,10000.0,501.0,100000.0,10000.0,1.0,5.0,675-50,B,0.0,2,22.5,1.0,1.0,EmptySlot,5.0,4.0,HD173667_02_20210714_675-50_EmptySlot_0,2,/data/20210714/,3.0,152.0,165.0,1419753984.0,1419753984.0,27098862.74018952,675.0838654091856,48.5,699.3999999999999,650.8999999999999,2,33.27749,182.0,182.0,645329.25,41042520.5269324,0,0.0,0.0,0.0,0.0,0,0,105.0,90,90,94,4,105014365.81896973,80772363.45584106,952.7216491699219,24242002.363128662,22616.18480976042,3571.4407242101374,0.0,,
HD173667_02_20210714_675-50_EmptySlot_02_cam2_FLC1_fix_coll.fits,True,-32,3,366,366,1,True,1.196,56.72251,OFF,82.45916,DARKS_256_10ms_em5_20210715_625-50_EmptySlot_00_cam2_fix_coll.fits,150,e-/s,-1.7333333333333e-06,1.7333333333333e-06,median,183.5,183.5,-78.58520416666668,20.54631666666668,RA---TAN,DEC--TAN,deg,deg,ACQUISITION,2021-07-14T07:16:59,2021-07-14,0.00015,20:32:46.74,-163.546015133294,VCAM2 - Ultra 897,5.0,7.92,0.0718429257239067,0.0,5.0,3.0,12.4,8.1,SCEXAO,348.72,35708928.0,MIRROR,152.63,15629312.0,ao188cmtx.oct,10.0,OPEN,1.0,1.0,TRACK,92.774,+20:32:46.71,ADI,56.093,-39.0,18:45:39.730,0.0,ON,0.0,0.01,IN,160.61304,80.61699,+20:32:47,1.0,ADI,163.025,-39.0,18:45:39.7,SYNC,0.0,ao188ttctrl.oct,0.001,0.0,0.9,1.414213562373095,2000.0,0.01,SCI,675-50,Unknown,675-50,Nasmyth-IR,-0.12,VMPA00010303,294912.0,4.5,21:16:49.454,21:16:54.883,21:16:44.024,140.4,VAMPIRES,20.546316666667,180.0,IR,1248361.0,1248361.0,18578.0828973049,11011.75,11011.75,24.69876835397111,4916.294921875,4916.294921875,12.06930383380042,59409.30335015625,59409.30341299769,59409.30328731481,0.0,500,1002,15.47297286987305,17.19219207763672,190898.078125,190898.078125,3134.103273812774,HD173667,Observation,IMAG_POL,NAOJ,"""[Summit] Vievard, Skaf [Hilo] Guyon, Lozi, Deo, Ahn""",5.1,622.5,277.95,11.0,-84.94601513329397,-84.94403797994725,-0.0093868798400364,-84.93465110010722,-78.6,-0.95904752277568,0.28324521012338,-0.28324521012338,-0.95904752277568,114834.6605256164,114834.6605256164,114999.7303183384,57648187.5876,57648187.5876,315716.7801953467,15.0,128.0,128.0,256,256,o21013,3.89376e-05,6.24,-5:14:20.449,ICRS,17.58157104787457,22.5,HWP(NIR),89,110117504.0,110117504.0,246987.6835397111,Subaru,NS_IR,UTC,5.0,50.70878219604492,1695.920514987811,803055.75,2674.833740234375,1085.395263671875,63.55403361235563,89457.984375,145757040.0,18204.453125,239285232.0,0.0133349549996036,07:16:49.454,07:16:54.883,07:16:44.024,T,10000.0,501.0,100000.0,10000.0,2.0,5.0,675-50,A,0.0,1,22.5,1.0,1.0,EmptySlot,5.0,4.0,HD173667_02_20210714_675-50_EmptySlot_0,2,/data/20210714/,3.0,152.0,165.0,2129420160.0,2129420160.0,38683598.20470088,675.0838654091856,48.5,699.3999999999999,650.8999999999999,2,33.27749,182.0,182.0,803055.75,50519377.7080913,0,0.0,0.0,0.0,0.0,0,0,106.0,90,90,94,4,126685335.44464111,98610949.40887451,1103.3360595703125,28074386.0357666,25277.29346135046,3901.1672495575067,0.0,,
HD173667_02_20210714_675-50_EmptySlot_02_cam2_FLC2_fix_coll.fits,True,-32,3,366,366,1,True,1.196,56.72251,OFF,82.45916,DARKS_256_10ms_em5_20210715_625-50_EmptySlot_00_cam2_fix_coll.fits,150,e-/s,-1.7333333333333e-06,1.7333333333333e-06,median,183.5,183.5,-78.58520416666668,20.54631666666668,RA---TAN,DEC--TAN,deg,deg,ACQUISITION,2021-07-14T07:16:59,2021-07-14,0.00015,20:32:46.74,-163.546015133294,VCAM2 - Ultra 897,5.0,7.92,0.0718429257239067,0.0,5.0,3.0,12.4,8.1,SCEXAO,348.72,35708928.0,MIRROR,152.63,15629312.0,ao188cmtx.oct,10.0,OPEN,1.0,1.0,TRACK,92.774,+20:32:46.71,ADI,56.093,-39.0,18:45:39.730,0.0,ON,0.0,0.01,IN,160.61304,80.61699,+20:32:47,1.0,ADI,163.025,-39.0,18:45:39.7,SYNC,0.0,ao188ttctrl.oct,0.001,0.0,0.9,1.414213562373095,2000.0,0.01,SCI,675-50,Unknown,675-50,Nasmyth-IR,-0.12,VMPA00010303,294912.0,4.5,21:16:49.454,21:16:54.883,21:16:44.024,140.4,VAMPIRES,20.546316666667,180.0,IR,1268647.875,1268647.875,19472.72251476268,11295.18359375,11295.18359375,25.81884133537139,5041.6201171875,5041.6201171875,12.02791119116761,59409.30335015625,59409.30341299769,59409.30328731481,0.0,500,1002,15.47297286987305,17.19219207763672,195282.75,195282.75,3322.378799975771,HD173667,Observation,IMAG_POL,NAOJ,"""[Summit] Vievard, Skaf [Hilo] Guyon, Lozi, Deo, Ahn""",5.1,622.5,277.95,11.0,-84.94601513329397,-84.94403797994725,-0.0093868798400364,-84.93465110010722,-78.6,-0.95904752277568,0.28324521012338,-0.28324521012338,-0.95904752277568,116056.6757267864,116056.6757267864,116225.3857744426,59064979.2264,59064979.2264,324340.7906100593,15.0,128.0,128.0,256,256,o21013,3.89376e-05,6.24,-5:14:20.449,ICRS,17.58157104787457,22.5,HWP(NIR),89,112951848.0,112951848.0,258188.3940064851,Subaru,NS_IR,UTC,5.0,50.83206176757812,1701.197976363794,834225.0,2772.323486328125,1129.977661132812,63.70854164220039,92781.421875,149802496.0,18248.7109375,257220112.0,0.0143344350582947,07:16:49.454,07:16:54.883,07:16:44.024,T,10000.0,501.0,100000.0,10000.0,2.0,5.0,675-50,B,0.0,2,22.5,1.0,1.0,EmptySlot,5.0,4.0,HD173667_02_20210714_675-50_EmptySlot_0,2,/data/20210714/,3.0,152.0,165.0,2234992896.0,2234992896.0,42047294.15477211,675.0838654091856,48.5,699.3999999999999,650.8999999999999,2,33.27749,182.0,182.0,834225.0,51929011.58283772,0,0.0,0.0,0.0,0.0,0,0,106.0,90,90,94,4,130191688.13323975,101367763.27819824,1132.7932739257812,28823924.855041504,25599.13138218222,3959.8126110151265,0.0,,
HD173667_02_20210714_675-50_EmptySlot_03_cam1_FLC1_fix_coll.fits,True,-32,3,366,366,1,True,1.195,56.80395,OFF,82.47235,DARKS_256_10ms_em5_20210715_625-50_EmptySlot_00_cam1_fix_coll.fits,150,e-/s,-1.7333333333333e-06,1.7333333333333e-06,median,183.5,183.5,-78.58520833333337,20.54631388888889,RA---TAN,DEC--TAN,deg,deg,ACQUISITION,2021-07-14T07:17:18,2021-07-14,0.00015,20:32:46.73,-163.5655815704153,VCAM1 - Ultra 897,5.0,7.92,0.0718429257239067,0.0,5.0,3.0,12.4,8.1,SCEXAO,348.72,35708928.0,MIRROR,152.63,15629312.0,ao188cmtx.oct,10.0,OPEN,1.0,1.0,TRACK,92.83803,+20:32:46.71,ADI,56.074,-39.0,18:45:39.730,0.0,ON,0.0,0.01,IN,160.55299,80.55504,+20:32:47,1.0,ADI,163.025,-39.0,18:45:39.7,SYNC,0.0,ao188ttctrl.oct,0.001,0.0,0.9,1.414213562373095,2000.0,0.01,SCI,675-50,Unknown,675-50,Nasmyth-IR,-0.12,VMPA00010305,294912.0,4.5,21:17:10.456,21:17:15.925,21:17:04.987,140.4,VAMPIRES,20.546313888889,180.0,IR,687781.1875,687781.1875,17103.06624611711,8193.40625,8193.40625,52.5170153110645,4410.4951171875,4410.4951171875,10.14632085762778,59409.30359324074,59409.30365653935,59409.30352994213,0.0,500,1002,16.63701896667481,18.48557662963867,93805.171875,93805.171875,2597.919677958693,HD173667,Observation,IMAG_POL,NAOJ,"""[Summit] Vievard, Skaf [Hilo] Guyon, Lozi, Deo, Ahn""",4.8,622.5,277.95,10.8,-84.96558157041534,-84.96370477547134,-0.0102813215674331,-84.95342345390391,-78.6,-0.95914419473645,0.28291768008268,-0.28291768008268,-0.95914419473645,95125.46687235736,95125.46687235736,96027.5561095615,36307518.27840001,36307518.27840001,523398.1647460762,15.0,128.0,128.0,256,256,o21013,3.89376e-05,6.24,-5:14:20.45,ICRS,17.58157104787457,67.5,HWP(NIR),89,81934072.0,81934072.0,525170.1253344881,Subaru,NS_IR,UTC,5.0,53.64404296875,842.0454305413878,387400.6875,2160.524169921875,1053.284912109375,67.23283743549453,33913.54296875,120693360.0,19258.2109375,73271032.0,0.0040832687681056,07:17:10.456,07:17:15.925,07:17:04.987,T,10000.0,501.0,100000.0,10000.0,1.0,5.0,675-50,A,0.0,1,67.5,1.0,1.0,EmptySlot,5.0,4.0,HD173667_02_20210714_675-50_EmptySlot_0,3,/data/20210714/,4.0,152.0,165.0,826844160.0,826844160.0,24480867.19671524,675.0838654091856,48.5,699.3999999999999,650.8999999999999,2,33.19605,182.0,183.0,387400.6875,31010068.253422424,"(-0.003543672975634335, 0.0)",-0.0027275812084196945,-0.08310121259500744,0.0,0.0,0,0,105.0,90,90,94,4,99884758.7376709,71521247.987854,1114.6987915039062,28363510.749816895,23410.01961420635,3055.15540638212,0.00015657660211709648,,
HD173667_02_20210714_675-50_EmptySlot_03_cam1_FLC2_fix_coll.fits,True,-32,3,366,366,1,True,1.195,56.80395,OFF,82.47235,DARKS_256_10ms_em5_20210715_625-50_EmptySlot_00_cam1_fix_coll.fits,150,e-/s,-1.7333333333333e-06,1.7333333333333e-06,median,183.5,183.5,-78.58520833333337,20.54631388888889,RA---TAN,DEC--TAN,deg,deg,ACQUISITION,2021-07-14T07:17:18,2021-07-14,0.00015,20:32:46.73,-163.5655815704153,VCAM1 - Ultra 897,5.0,7.92,0.0718429257239067,0.0,5.0,3.0,12.4,8.1,SCEXAO,348.72,35708928.0,MIRROR,152.63,15629312.0,ao188cmtx.oct,10.0,OPEN,1.0,1.0,TRACK,92.83803,+20:32:46.71,ADI,56.074,-39.0,18:45:39.730,0.0,ON,0.0,0.01,IN,160.55299,80.55504,+20:32:47,1.0,ADI,163.025,-39.0,18:45:39.7,SYNC,0.0,ao188ttctrl.oct,0.001,0.0,0.9,1.414213562373095,2000.0,0.01,SCI,675-50,Unknown,675-50,Nasmyth-IR,-0.12,VMPA00010305,294912.0,4.5,21:17:10.456,21:17:15.925,21:17:04.987,140.4,VAMPIRES,20.546313888889,180.0,IR,688246.9375,688246.9375,17379.14796912906,8115.15087890625,8115.15087890625,51.54661858399309,4376.60986328125,4376.60986328125,9.959226904504291,59409.30359324074,59409.30365653935,59409.30352994213,0.0,500,1002,16.63701896667481,18.48557662963867,93541.6171875,93541.6171875,2633.005156760961,HD173667,Observation,IMAG_POL,NAOJ,"""[Summit] Vievard, Skaf [Hilo] Guyon, Lozi, Deo, Ahn""",4.8,622.5,277.95,10.8,-84.96558157041534,-84.96370477547134,-0.0102813215674331,-84.95342345390391,-78.6,-0.95914419473645,0.28291768008268,-0.28291768008268,-0.95914419473645,94784.49808972736,94784.49808972736,95676.61285186898,35971086.4812,35971086.4812,517914.4382381844,15.0,128.0,128.0,256,256,o21013,3.89376e-05,6.24,-5:14:20.45,ICRS,17.58157104787457,67.5,HWP(NIR),89,81151512.0,81151512.0,515466.1716898132,Subaru,NS_IR,UTC,5.0,53.61878204345703,829.3861830469687,386385.5,2147.602783203125,1058.543579101562,67.20117756070317,33219.5546875,119954360.0,19249.142578125,71342408.0,0.0039757898650567,07:17:10.456,07:17:15.925,07:17:04.987,T,10000.0,501.0,100000.0,10000.0,1.0,5.0,675-50,B,0.0,2,67.5,1.0,1.0,EmptySlot,5.0,4.0,HD173667_02_20210714_675-50_EmptySlot_0,3,/data/20210714/,4.0,152.0,165.0,816336576.0,816336576.0,24530399.85901107,675.0838654091856,48.5,699.3999999999999,650.8999999999999,2,33.19605,182.0,183.0,386385.5,30640329.030436754,0,0.0,0.0,0.0,0.0,0,0,105.0,90,90,94,4,98998703.37011719,70647505.11785889,1114.2149047851562,28351198.2522583,22651.47002422297,3118.8927271523676,0.0,,
HD173667_02_20210714_675-50_EmptySlot_03_cam2_FLC1_fix_coll.fits,True,-32,3,366,366,1,True,1.195,56.80395,OFF,82.47235,DARKS_256_10ms_em5_20210715_625-50_EmptySlot_00_cam2_fix_coll.fits,150,e-/s,-1.7333333333333e-06,1.7333333333333e-06,median,183.5,183.5,-78.58520833333337,20.54631388888889,RA---TAN,DEC--TAN,deg,deg,ACQUISITION,2021-07-14T07:17:20,2021-07-14,0.00015,20:32:46.73,-163.5655815704153,VCAM2 - Ultra 897,5.0,7.92,0.0718429257239067,0.0,5.0,3.0,12.4,8.1,SCEXAO,348.72,35708928.0,MIRROR,152.63,15629312.0,ao188cmtx.oct,10.0,OPEN,1.0,1.0,TRACK,92.83803,+20:32:46.71,ADI,56.074,-39.0,18:45:39.730,0.0,ON,0.0,0.01,IN,160.55299,80.55504,+20:32:47,1.0,ADI,163.025,-39.0,18:45:39.7,SYNC,0.0,ao188ttctrl.oct,0.001,0.0,0.9,1.414213562373095,2000.0,0.01,SCI,675-50,Unknown,675-50,Nasmyth-IR,-0.12,VMPA00010307,294912.0,4.5,21:17:10.456,21:17:15.925,21:17:04.987,140.4,VAMPIRES,20.546313888889,180.0,IR,824996.4375,824996.4375,20571.8617291027,9754.61328125,9754.61328125,64.6389712850651,5085.990234375,5085.990234375,11.26514301120739,59409.30359324074,59409.30365653935,59409.30352994213,0.0,500,1002,15.47297286987305,17.19219207763672,113265.5703125,113265.5703125,3129.567200289043,HD173667,Observation,IMAG_POL,NAOJ,"""[Summit] Vievard, Skaf [Hilo] Guyon, Lozi, Deo, Ahn""",4.8,622.5,277.95,10.8,-84.96558157041534,-84.96370477547134,-0.0102813215674331,-84.95342345390391,-78.6,-0.95914419473645,0.28291768008268,-0.28291768008268,-0.95914419473645,100979.5799145513,100979.5799145513,102095.8407577809,43641258.69240001,43641258.69240001,632804.6081628624,15.0,128.0,128.0,256,256,o21013,3.89376e-05,6.24,-5:14:20.45,ICRS,17.58157104787457,67.5,HWP(NIR),89,97546136.0,97546136.0,646389.7406268079,Subaru,NS_IR,UTC,5.0,50.48344421386719,820.6037436143306,468727.21875,2586.45654296875,1257.490478515625,63.27161433361813,42042.61328125,139182400.0,18123.556640625,108741392.0,0.0060599710094698,07:17:10.456,07:17:15.925,07:17:04.987,T,10000.0,501.0,100000.0,10000.0,2.0,5.0,675-50,A,0.0,1,67.5,1.0,1.0,EmptySlot,5.0,4.0,HD173667_02_20210714_675-50_EmptySlot_0,3,/data/20210714/,4.0,152.0,165.0,1191495040.0,1191495040.0,35250549.08578128,675.0838654091856,48.5,699.3999999999999,650.8999999999999,2,33.19605,182.0,183.0,468727.21875,37127814.40448189,0,0.0,0.0,0.0,0.0,0,0,106.0,90,90,94,4,117238589.31091309,84829339.0914917,1273.6981811523438,32409250.219421387,25646.276893944185,3307.666818161911,0.0,,
HD173667_02_20210714_675-50_EmptySlot_03_cam2_FLC2_fix_coll.fits,True,-32,3,366,366,1,True,1.195,56.80395,OFF,82.47235,DARKS_256_10ms_em5_20210715_625-50_EmptySlot_00_cam2_fix_coll.fits,150,e-/s,-1.7333333333333e-06,1.7333333333333e-06,median,183.5,183.5,-78.58520833333337,20.54631388888889,RA---TAN,DEC--TAN,deg,deg,ACQUISITION,2021-07-14T07:17:20,2021-07-14,0.00015,20:32:46.73,-163.5655815704153,VCAM2 - Ultra 897,5.0,7.92,0.0718429257239067,0.0,5.0,3.0,12.4,8.1,SCEXAO,348.72,35708928.0,MIRROR,152.63,15629312.0,ao188cmtx.oct,10.0,OPEN,1.0,1.0,TRACK,92.83803,+20:32:46.71,ADI,56.074,-39.0,18:45:39.730,0.0,ON,0.0,0.01,IN,160.55299,80.55504,+20:32:47,1.0,ADI,163.025,-39.0,18:45:39.7,SYNC,0.0,ao188ttctrl.oct,0.001,0.0,0.9,1.414213562373095,2000.0,0.01,SCI,675-50,Unknown,675-50,Nasmyth-IR,-0.12,VMPA00010307,294912.0,4.5,21:17:10.456,21:17:15.925,21:17:04.987,140.4,VAMPIRES,20.546313888889,180.0,IR,810357.25,810357.25,20285.08880607332,9572.9228515625,9572.9228515625,62.35936112448782,5002.3798828125,5002.3798828125,11.3631668322413,59409.30359324074,59409.30365653935,59409.30352994213,0.0,500,1002,15.47297286987305,17.19219207763672,110652.15625,110652.15625,3090.885669977647,HD173667,Observation,IMAG_POL,NAOJ,"""[Summit] Vievard, Skaf [Hilo] Guyon, Lozi, Deo, Ahn""",4.8,622.5,277.95,10.8,-84.96558157041534,-84.96370477547134,-0.0102813215674331,-84.95342345390391,-78.6,-0.95914419473645,0.28291768008268,-0.28291768008268,-0.95914419473645,100155.8426469703,100155.8426469703,101239.4256701106,42770380.34519999,42770380.34519999,616199.40225197,15.0,128.0,128.0,256,256,o21013,3.89376e-05,6.24,-5:14:20.45,ICRS,17.58157104787457,67.5,HWP(NIR),89,95729240.0,95729240.0,623593.6089738717,Subaru,NS_IR,UTC,5.0,50.40707397460938,808.5485459525953,451054.71875,2544.713623046875,1242.886840820312,63.17589843308615,40818.16796875,136943760.0,18096.140625,103870544.0,0.0057885270162612,07:17:10.456,07:17:15.925,07:17:04.987,T,10000.0,501.0,100000.0,10000.0,2.0,5.0,675-50,B,0.0,2,67.5,1.0,1.0,EmptySlot,5.0,4.0,HD173667_02_20210714_675-50_EmptySlot_0,3,/data/20210714/,4.0,152.0,165.0,1140697600.0,1140697600.0,34054678.4651618,675.0838654091856,48.5,699.3999999999999,650.8999999999999,2,33.19605,182.0,183.0,451054.71875,36424035.38526466,0,0.0,0.0,0.006354917508047487,-0.011403321672261386,0,0,106.0,90,90,94,4,115218456.34588623,83109751.89337158,1261.8865966796875,32108704.45251465,25272.426083364324,3288.5545542491036,0.0,,
HD173667_02_20210714_675-50_EmptySlot_04_cam1_FLC1_fix_coll.fits,True,-32,3,366,366,1,True,1.193,56.88694,OFF,82.48577,DARKS_256_10ms_em5_20210715_625-50_EmptySlot_00_cam1_fix_coll.fits,150,e-/s,-1.7333333333333e-06,1.7333333333333e-06,median,183.5,183.5,-78.58520833333337,20.54631111111112,RA---TAN,DEC--TAN,deg,deg,ACQUISITION,2021-07-14T07:17:39,2021-07-14,0.00015,20:32:46.72,-163.5855767351985,VCAM1 - Ultra 897,5.0,7.92,0.0718429257239067,0.0,5.0,3.0,12.4,8.1,SCEXAO,348.72,35708928.0,MIRROR,152.63,15629312.0,ao188cmtx.oct,10.0,OPEN,1.0,1.0,TRACK,92.88425,+20:32:46.71,ADI,56.054,-39.0,18:45:39.730,0.0,ON,0.0,0.01,IN,160.48705,80.49004,+20:32:47,1.0,ADI,163.025,-39.0,18:45:39.7,SYNC,0.0,ao188ttctrl.oct,0.001,0.0,0.9,1.414213562373095,2000.0,0.01,SCI,675-50,Unknown,675-50,Nasmyth-IR,-0.12,VMPA00010309,294912.0,4.5,21:17:31.647,21:17:37.085,21:17:26.208,140.4,VAMPIRES,20.546311111111,180.0,IR,589378.8125,589378.8125,10841.78382273813,8154.00830078125,8154.00830078125,26.22856967509131,4573.5751953125,4573.5751953125,9.8225673117571,59409.30383850116,59409.30390144676,59409.30377555556,0.0,500,1002,16.63701896667481,18.48557662963867,69460.9296875,69460.9296875,1392.347383785112,HD173667,Observation,IMAG_POL,NAOJ,"""[Summit] Vievard, Skaf [Hilo] Guyon, Lozi, Deo, Ahn""",4.7,622.5,277.95,10.7,-84.98557673519853,-84.98427016260958,-0.0102860025313873,-84.97398416007819,-78.6,-0.95924286935333,0.2825829393201,-0.2825829393201,-0.95924286935333,93216.03206539153,93216.03206539153,93436.97313885322,33853317.0588,33853317.0588,259877.8212022177,15.0,128.0,128.0,256,256,o21013,3.89376e-05,6.24,-5:14:20.45,ICRS,17.58157104787457,0.0,HWP(NIR),89,81540088.0,81540088.0,262285.6978864164,Subaru,NS_IR,UTC,5.0,53.66539001464844,651.6661113750451,319763.375,2199.490966796875,1093.65625,67.25959198990896,26708.716796875,121871600.0,19265.875,58745580.0,0.0032737902760568,07:17:31.646,07:17:37.085,07:17:26.208,T,10000.0,501.0,100000.0,10000.0,1.0,5.0,675-50,A,0.0,1,0.0,2.0,1.0,EmptySlot,5.0,4.0,HD173667_02_20210714_675-50_EmptySlot_0,4,/data/20210714/,1.0,152.0,165.0,579879104.0,579879104.0,12645131.13398971,675.0838654091856,48.5,699.3999999999999,650.8999999999999,2,33.11306,183.0,183.0,319763.375,29163380.531036027,"(0.006203741607709978, 0.0)",0.0017781930534321673,-0.08278553522329589,0.0,0.0,0,0,106.0,90,90,94,4,100557486.89190674,71361522.09423828,1147.4146118164062,29195964.797668457,22934.771573516216,3111.4991429276997,0.0001512804304565615,,
HD173667_02_20210714_675-50_EmptySlot_04_cam1_FLC2_fix_coll.fits,True,-32,3,366,366,1,True,1.193,56.88694,OFF,82.48577,DARKS_256_10ms_em5_20210715_625-50_EmptySlot_00_cam1_fix_coll.fits,150,e-/s,-1.7333333333333e-06,1.7333333333333e-06,median,183.5,183.5,-78.58520833333337,20.54631111111112,RA---TAN,DEC--TAN,deg,deg,ACQUISITION,2021-07-14T07:17:39,2021-07-14,0.00015,20:32:46.72,-163.5855767351985,VCAM1 - Ultra 897,5.0,7.92,0.0718429257239067,0.0,5.0,3.0,12.4,8.1,SCEXAO,348.72,35708928.0,MIRROR,152.63,15629312.0,ao188cmtx.oct,10.0,OPEN,1.0,1.0,TRACK,92.88425,+20:32:46.71,ADI,56.054,-39.0,18:45:39.730,0.0,ON,0.0,0.01,IN,160.48705,80.49004,+20:32:47,1.0,ADI,163.025,-39.0,18:45:39.7,SYNC,0.0,ao188ttctrl.oct,0.001,0.0,0.9,1.414213562373095,2000.0,0.01,SCI,675-50,Unknown,675-50,Nasmyth-IR,-0.12,VMPA00010309,294912.0,4.5,21:17:31.647,21:17:37.085,21:17:26.208,140.4,VAMPIRES,20.546311111111,180.0,IR,570915.0,570915.0,10516.24307114886,7969.41015625,7969.41015625,25.4455118805147,4475.9248046875,4475.9248046875,9.309252959204992,59409.30383850116,59409.30390144676,59409.30377555556,0.0,500,1002,16.63701896667481,18.48557662963867,67880.7890625,67880.7890625,1380.063771451371,HD173667,Observation,IMAG_POL,NAOJ,"""[Summit] Vievard, Skaf [Hilo] Guyon, Lozi, Deo, Ahn""",4.7,622.5,277.95,10.7,-84.98557673519853,-84.98427016260958,-0.0102860025313873,-84.97398416007819,-78.6,-0.95924286935333,0.2825829393201,-0.2825829393201,-0.95924286935333,92443.1567582906,92443.1567582906,92659.275801225,33129936.3348,33129936.3348,253739.6178206533,15.0,128.0,128.0,256,256,o21013,3.89376e-05,6.24,-5:14:20.45,ICRS,17.58157104787457,0.0,HWP(NIR),89,79694104.0,79694104.0,254455.1219932908,Subaru,NS_IR,UTC,5.0,53.57680892944336,655.8815837169823,317437.09375,2143.3125,1061.308837890625,67.14857206352269,26238.203125,118722360.0,19234.07421875,56236668.0,0.0031339729194305,07:17:31.646,07:17:37.085,07:17:26.208,T,10000.0,501.0,100000.0,10000.0,1.0,5.0,675-50,B,0.0,2,0.0,2.0,1.0,EmptySlot,5.0,4.0,HD173667_02_20210714_675-50_EmptySlot_0,4,/data/20210714/,1.0,152.0,165.0,553737600.0,553737600.0,12201184.70213304,675.0838654091856,48.5,699.3999999999999,650.8999999999999,2,33.11306,182.0,183.0,317437.09375,28493128.998228066,0,0.0,0.0,0.0,0.0,0,0,104.0,90,90,94,4,98263334.00836182,70098348.30432129,1106.8966674804688,28164985.704040527,22463.916286779146,3120.486535358787,0.0,,
HD173667_02_20210714_675-50_EmptySlot_04_cam2_FLC1_fix_coll.fits,True,-32,3,366,366,1,True,1.193,56.88694,OFF,82.48577,DARKS_256_10ms_em5_20210715_625-50_EmptySlot_00_cam2_fix_coll.fits,150,e-/s,-1.7333333333333e-06,1.7333333333333e-06,median,183.5,183.5,-78.58520833333337,20.54631111111112,RA---TAN,DEC--TAN,deg,deg,ACQUISITION,2021-07-14T07:17:41,2021-07-14,0.00015,20:32:46.72,-163.5855767351985,VCAM2 - Ultra 897,5.0,7.92,0.0718429257239067,0.0,5.0,3.0,12.4,8.1,SCEXAO,348.72,35708928.0,MIRROR,152.63,15629312.0,ao188cmtx.oct,10.0,OPEN,1.0,1.0,TRACK,92.88425,+20:32:46.71,ADI,56.054,-39.0,18:45:39.730,0.0,ON,0.0,0.01,IN,160.48705,80.49004,+20:32:47,1.0,ADI,163.025,-39.0,18:45:39.7,SYNC,0.0,ao188ttctrl.oct,0.001,0.0,0.9,1.414213562373095,2000.0,0.01,SCI,675-50,Unknown,675-50,Nasmyth-IR,-0.12,VMPA00010311,294912.0,4.5,21:17:31.647,21:17:37.085,21:17:26.208,140.4,VAMPIRES,20.546311111111,180.0,IR,694776.6875,694776.6875,12603.96051622391,9600.2236328125,9600.2236328125,30.92935122360072,5223.419921875,5223.419921875,10.39696819177803,59409.30383850116,59409.30390144676,59409.30377555556,0.0,500,1002,15.47297286987305,17.19219207763672,82570.0625,82570.0625,1638.110732760737,HD173667,Observation,IMAG_POL,NAOJ,"""[Summit] Vievard, Skaf [Hilo] Guyon, Lozi, Deo, Ahn""",4.7,622.5,277.95,10.7,-84.98557673519853,-84.98427016260958,-0.0102860025313873,-84.97398416007819,-78.6,-0.95924286935333,0.2825829393201,-0.2825829393201,-0.95924286935333,98425.7530562228,98425.7530562228,98698.0534540004,40230049.3848,40230049.3848,312022.6443472635,15.0,128.0,128.0,256,256,o21013,3.89376e-05,6.24,-5:14:20.45,ICRS,17.58157104787457,0.0,HWP(NIR),89,96002240.0,96002240.0,309293.504025445,Subaru,NS_IR,UTC,5.0,50.45304489135742,645.9001288812433,385667.53125,2571.566162109375,1264.12744140625,63.23351443295183,32921.203125,138957152.0,18112.642578125,84659056.0,0.0047179037863436,07:17:31.646,07:17:37.085,07:17:26.208,T,10000.0,501.0,100000.0,10000.0,2.0,5.0,675-50,A,0.0,1,0.0,2.0,1.0,EmptySlot,5.0,4.0,HD173667_02_20210714_675-50_EmptySlot_0,4,/data/20210714/,1.0,152.0,165.0,812319872.0,812319872.0,17626651.24522302,675.0838654091856,48.5,699.3999999999999,650.8999999999999,2,33.11306,182.0,182.0,385667.53125,34520335.62964636,0,0.0,0.0,0.0,0.0,0,0,106.0,90,90,94,4,116702160.4899292,83855097.54986572,1290.9044189453125,32847062.940063477,24280.112336847473,3453.653606973116,0.0,,
HD173667_02_20210714_675-50_EmptySlot_04_cam2_FLC2_fix_coll.fits,True,-32,3,366,366,1,True,1.193,56.88694,OFF,82.48577,DARKS_256_10ms_em5_20210715_625-50_EmptySlot_00_cam2_fix_coll.fits,150,e-/s,-1.7333333333333e-06,1.7333333333333e-06,median,183.5,183.5,-78.58520833333337,20.54631111111112,RA---TAN,DEC--TAN,deg,deg,ACQUISITION,2021-07-14T07:17:41,2021-07-14,0.00015,20:32:46.72,-163.5855767351985,VCAM2 - Ultra 897,5.0,7.92,0.0718429257239067,0.0,5.0,3.0,12.4,8.1,SCEXAO,348.72,35708928.0,MIRROR,152.63,15629312.0,ao188cmtx.oct,10.0,OPEN,1.0,1.0,TRACK,92.88425,+20:32:46.71,ADI,56.054,-39.0,18:45:39.730,0.0,ON,0.0,0.01,IN,160.48705,80.49004,+20:32:47,1.0,ADI,163.025,-39.0,18:45:39.7,SYNC,0.0,ao188ttctrl.oct,0.001,0.0,0.9,1.414213562373095,2000.0,0.01,SCI,675-50,Unknown,675-50,Nasmyth-IR,-0.12,VMPA00010311,294912.0,4.5,21:17:31.647,21:17:37.085,21:17:26.208,140.4,VAMPIRES,20.546311111111,180.0,IR,683003.8125,683003.8125,12439.32721629551,9493.517578125,9493.517578125,30.45374458720482,5175.76513671875,5175.76513671875,10.29695451044676,59409.30383850116,59409.30390144676,59409.30377555556,0.0,500,1002,15.47297286987305,17.19219207763672,81669.7421875,81669.7421875,1638.61279989881,HD173667,Observation,IMAG_POL,NAOJ,"""[Summit] Vievard, Skaf [Hilo] Guyon, Lozi, Deo, Ahn""",4.7,622.5,277.95,10.7,-84.98557673519853,-84.98427016260958,-0.0102860025313873,-84.97398416007819,-78.6,-0.95924286935333,0.2825829393201,-0.2825829393201,-0.95924286935333,97960.69599561242,97960.69599561242,98228.08998701196,39767319.92879999,39767319.92879999,306892.8494893157,15.0,128.0,128.0,256,256,o21013,3.89376e-05,6.24,-5:14:20.45,ICRS,17.58157104787457,0.0,HWP(NIR),89,94935184.0,94935184.0,304537.4545193423,Subaru,NS_IR,UTC,5.0,50.39625549316406,648.4029486971704,379747.46875,2547.697021484375,1248.92041015625,63.16233947734645,32778.91015625,137089024.0,18092.255859375,83510728.0,0.0046539094391923,07:17:31.646,07:17:37.085,07:17:26.208,T,10000.0,501.0,100000.0,10000.0,2.0,5.0,675-50,B,0.0,2,0.0,2.0,1.0,EmptySlot,5.0,4.0,HD173667_02_20210714_675-50_EmptySlot_0,4,/data/20210714/,1.0,152.0,165.0,794102976.0,794102976.0,17377578.3164909,675.0838654091856,48.5,699.3999999999999,650.8999999999999,2,33.11306,182.0,182.0,379747.46875,34151290.166997746,0,0.0,0.0,0.0,0.0,0,0,106.0,90,90,94,4,115404490.61798096,83140416.98272705,1267.99267578125,32264073.635253906,23606.34251913375,3521.9524971027977,0.0,,
HD173667_02_20210714_675-50_EmptySlot_05_cam1_FLC1_fix_coll.fits,True,-32,3,366,366,1,True,1.192,56.96644,OFF,82.4986,DARKS_256_10ms_em5_20210715_625-50_EmptySlot_00_cam1_fix_coll.fits,150,e-/s,-1.7333333333333e-06,1.7333333333333e-06,median,183.5,183.5,-78.58520833333337,20.54630833333334,RA---TAN,DEC--TAN,deg,deg,ACQUISITION,2021-07-14T07:18:00,2021-07-14,0.00015,20:32:46.71,-163.604753441337,VCAM1 - Ultra 897,5.0,7.92,0.0718429257239067,0.0,5.0,3.0,12.4,8.1,SCEXAO,348.72,35708928.0,MIRROR,152.63,15629312.0,ao188cmtx.oct,10.0,OPEN,1.0,1.0,TRACK,92.9218,+20:32:46.71,ADI,56.035,-39.0,18:45:39.730,0.0,ON,0.0,0.01,IN,160.42804,80.428,+20:32:47,1.0,ADI,163.025,-39.0,18:45:39.7,SYNC,0.0,ao188ttctrl.oct,0.001,0.0,0.9,1.414213562373095,2000.0,0.01,SCI,675-50,Unknown,675-50,Nasmyth-IR,-0.12,VMPA00010311,294912.0,4.5,21:17:52.141,21:17:57.611,21:17:46.671,140.4,VAMPIRES,20.546308333333,180.0,IR,757508.4375,757508.4375,17159.12027768557,8572.23046875,8572.23046875,45.13625770508362,4530.240234375,4530.240234375,9.792183728170013,59409.30407570602,59409.3041390162,59409.30401239583,0.0,500,1002,16.63701896667481,18.48557662963867,100729.2890625,100729.2890625,2762.797198436504,HD173667,Observation,IMAG_POL,NAOJ,"""[Summit] Vievard, Skaf [Hilo] Guyon, Lozi, Deo, Ahn""",5.1,622.5,277.95,10.5,-85.00475344133699,-85.00306219143985,-0.0102903461343544,-84.9927718453055,-78.6,-0.95933739518996,0.28226186811213,-0.28226186811213,-0.95933739518996,97602.2541316695,97602.2541316695,98195.22407328038,38412603.1008,38412603.1008,461288.650932481,15.0,128.0,128.0,256,256,o21013,3.89376e-05,6.24,-5:14:20.45,ICRS,17.58157104787457,45.0,HWP(NIR),89,85722304.0,85722304.0,451362.5749108492,Subaru,NS_IR,UTC,5.0,53.75785827636719,854.3456818045524,408771.0,2228.04736328125,1065.795043945312,67.37548376957406,35409.19921875,123449416.0,19299.0703125,78893376.0,0.0043965923426766,07:17:52.141,07:17:57.611,07:17:46.671,T,10000.0,501.0,100000.0,10000.0,1.0,5.0,675-50,A,0.0,1,45.0,2.0,1.0,EmptySlot,5.0,4.0,HD173667_02_20210714_675-50_EmptySlot_0,5,/data/20210714/,2.0,152.0,165.0,918227648.0,918227648.0,27894974.49435473,675.0838654091856,48.5,699.3999999999999,650.8999999999999,2,33.03356,182.0,183.0,408771.0,32300185.69503232,"(0.03425312958513739, 0.0)",0.01602685843871827,-0.08392163103664563,0.0,0.0,0,0,105.0,90,90,94,4,102766255.70123291,74521457.74163818,1110.0333251953125,28244797.959594727,22375.756010236917,3330.4554137766154,0.00014594616692845873,,
HD173667_02_20210714_675-50_EmptySlot_05_cam1_FLC2_fix_coll.fits,True,-32,3,366,366,1,True,1.192,56.96644,OFF,82.4986,DARKS_256_10ms_em5_20210715_625-50_EmptySlot_00_cam1_fix_coll.fits,150,e-/s,-1.7333333333333e-06,1.7333333333333e-06,median,183.5,183.5,-78.58520833333337,20.54630833333334,RA---TAN,DEC--TAN,deg,deg,ACQUISITION,2021-07-14T07:18:00,2021-07-14,0.00015,20:32:46.71,-163.604753441337,VCAM1 - Ultra 897,5.0,7.92,0.0718429257239067,0.0,5.0,3.0,12.4,8.1,SCEXAO,348.72,35708928.0,MIRROR,152.63,15629312.0,ao188cmtx.oct,10.0,OPEN,1.0,1.0,TRACK,92.9218,+20:32:46.71,ADI,56.035,-39.0,18:45:39.730,0.0,ON,0.0,0.01,IN,160.42804,80.428,+20:32:47,1.0,ADI,163.025,-39.0,18:45:39.7,SYNC,0.0,ao188ttctrl.oct,0.001,0.0,0.9,1.414213562373095,2000.0,0.01,SCI,675-50,Unknown,675-50,Nasmyth-IR,-0.12,VMPA00010311,294912.0,4.5,21:17:52.141,21:17:57.611,21:17:46.671,140.4,VAMPIRES,20.546308333333,180.0,IR,738175.0625,738175.0625,17556.79099205905,8167.3720703125,8167.3720703125,42.59588303999647,4338.31494140625,4338.31494140625,9.521008623969973,59409.30407570602,59409.3041390162,59409.30401239583,0.0,500,1002,16.63701896667481,18.48557662963867,97885.984375,97885.984375,2771.135810371661,HD173667,Observation,IMAG_POL,NAOJ,"""[Summit] Vievard, Skaf [Hilo] Guyon, Lozi, Deo, Ahn""",5.1,622.5,277.95,10.5,-85.00475344133699,-85.00306219143985,-0.0102903461343544,-84.9927718453055,-78.6,-0.95933739518996,0.28226186811213,-0.28226186811213,-0.95933739518996,95773.7835846682,95773.7835846682,96342.73798095764,36610622.0604,36610622.0604,439451.0179432749,15.0,128.0,128.0,256,256,o21013,3.89376e-05,6.24,-5:14:20.45,ICRS,17.58157104787457,45.0,HWP(NIR),89,81673720.0,81673720.0,425958.8302252719,Subaru,NS_IR,UTC,5.0,53.58768081665039,836.7306231768234,382339.96875,2113.9287109375,1009.635620117188,67.16219795345856,33007.37890625,117570368.0,19237.9765625,69775248.0,0.0038884547299023,07:17:52.141,07:17:57.611,07:17:46.671,T,10000.0,501.0,100000.0,10000.0,1.0,5.0,675-50,B,0.0,2,45.0,2.0,1.0,EmptySlot,5.0,4.0,HD173667_02_20210714_675-50_EmptySlot_0,5,/data/20210714/,2.0,152.0,165.0,850923840.0,850923840.0,26736440.84239636,675.0838654091856,48.5,699.3999999999999,650.8999999999999,2,33.03356,182.0,183.0,382339.96875,30596344.235682733,0,0.0,0.0,0.0,0.0,0,0,105.0,90,90,94,4,97814203.95654297,70797672.36383057,1061.7619018554688,27016531.592712402,21574.70416016525,3281.5130088573273,0.0,,
HD173667_02_20210714_675-50_EmptySlot_05_cam2_FLC1_fix_coll.fits,True,-32,3,366,366,1,True,1.192,56.96644,OFF,82.4986,DARKS_256_10ms_em5_20210715_625-50_EmptySlot_00_cam2_fix_coll.fits,150,e-/s,-1.7333333333333e-06,1.7333333333333e-06,median,183.5,183.5,-78.58520833333337,20.54630833333334,RA---TAN,DEC--TAN,deg,deg,ACQUISITION,2021-07-14T07:18:02,2021-07-14,0.00015,20:32:46.71,-163.604753441337,VCAM2 - Ultra 897,5.0,7.92,0.0718429257239067,0.0,5.0,3.0,12.4,8.1,SCEXAO,348.72,35708928.0,MIRROR,152.63,15629312.0,ao188cmtx.oct,10.0,OPEN,1.0,1.0,TRACK,92.9218,+20:32:46.71,ADI,56.035,-39.0,18:45:39.730,0.0,ON,0.0,0.01,IN,160.42804,80.428,+20:32:47,1.0,ADI,163.025,-39.0,18:45:39.7,SYNC,0.0,ao188ttctrl.oct,0.001,0.0,0.9,1.414213562373095,2000.0,0.01,SCI,675-50,Unknown,675-50,Nasmyth-IR,-0.12,VMPA00010315,294912.0,4.5,21:17:52.141,21:17:57.611,21:17:46.671,140.4,VAMPIRES,20.546308333333,180.0,IR,874743.375,874743.375,19800.32464151871,9851.0537109375,9851.0537109375,51.25602801162415,5056.3798828125,5056.3798828125,10.9342680037238,59409.30407570602,59409.3041390162,59409.30401239583,0.0,500,1002,15.47297286987305,17.19219207763672,117358.015625,117358.015625,3202.584253166191,HD173667,Observation,IMAG_POL,NAOJ,"""[Summit] Vievard, Skaf [Hilo] Guyon, Lozi, Deo, Ahn""",5.1,622.5,277.95,10.5,-85.00475344133699,-85.00306219143985,-0.0102903461343544,-84.9927718453055,-78.6,-0.95933739518996,0.28226186811213,-0.28226186811213,-0.95933739518996,102285.0101199107,102285.0101199107,102981.7545967818,44549793.97200001,44549793.97200001,535469.125651428,15.0,128.0,128.0,256,256,o21013,3.89376e-05,6.24,-5:14:20.45,ICRS,17.58157104787457,45.0,HWP(NIR),89,98510536.0,98510536.0,512560.2671889736,Subaru,NS_IR,UTC,5.0,50.45989608764648,834.9494166370423,467943.6875,2551.265625,1205.011962890625,63.24210113411844,42215.26171875,137283600.0,18115.103515625,107702344.0,0.0060020666490267,07:17:52.141,07:17:57.611,07:17:46.671,T,10000.0,501.0,100000.0,10000.0,2.0,5.0,675-50,A,0.0,1,45.0,2.0,1.0,EmptySlot,5.0,4.0,HD173667_02_20210714_675-50_EmptySlot_0,5,/data/20210714/,2.0,152.0,165.0,1228702464.0,1228702464.0,37188739.89375746,675.0838654091856,48.5,699.3999999999999,650.8999999999999,2,33.03356,182.0,183.0,467943.6875,37283973.69622024,0,0.0,0.0,0.0,0.0,0,0,106.0,90,90,94,4,116328730.13049316,85291725.46862793,1219.768310546875,31037004.661865234,24316.836713492714,3507.51730060769,0.0,,
HD173667_02_20210714_675-50_EmptySlot_05_cam2_FLC2_fix_coll.fits,True,-32,3,366,366,1,True,1.192,56.96644,OFF,82.4986,DARKS_256_10ms_em5_20210715_625-50_EmptySlot_00_cam2_fix_coll.fits,150,e-/s,-1.7333333333333e-06,1.7333333333333e-06,median,183.5,183.5,-78.58520833333337,20.54630833333334,RA---TAN,DEC--TAN,deg,deg,ACQUISITION,2021-07-14T07:18:02,2021-07-14,0.00015,20:32:46.71,-163.604753441337,VCAM2 - Ultra 897,5.0,7.92,0.0718429257239067,0.0,5.0,3.0,12.4,8.1,SCEXAO,348.72,35708928.0,MIRROR,152.63,15629312.0,ao188cmtx.oct,10.0,OPEN,1.0,1.0,TRACK,92.9218,+20:32:46.71,ADI,56.035,-39.0,18:45:39.730,0.0,ON,0.0,0.01,IN,160.42804,80.428,+20:32:47,1.0,ADI,163.025,-39.0,18:45:39.7,SYNC,0.0,ao188ttctrl.oct,0.001,0.0,0.9,1.414213562373095,2000.0,0.01,SCI,675-50,Unknown,675-50,Nasmyth-IR,-0.12,VMPA00010315,294912.0,4.5,21:17:52.141,21:17:57.611,21:17:46.671,140.4,VAMPIRES,20.546308333333,180.0,IR,896748.6875,896748.6875,21052.42907357204,10022.2080078125,10022.2080078125,52.11083268948762,5143.31982421875,5143.31982421875,10.58671802153984,59409.30407570602,59409.3041390162,59409.30401239583,0.0,500,1002,15.47297286987305,17.19219207763672,120439.875,120439.875,3394.758922864953,HD173667,Observation,IMAG_POL,NAOJ,"""[Summit] Vievard, Skaf [Hilo] Guyon, Lozi, Deo, Ahn""",5.1,622.5,277.95,10.5,-85.00475344133699,-85.00306219143985,-0.0102903461343544,-84.9927718453055,-78.6,-0.95933739518996,0.28226186811213,-0.28226186811213,-0.95933739518996,103010.0529332685,103010.0529332685,103715.9797135733,45308645.76240001,45308645.76240001,544765.4018916608,15.0,128.0,128.0,256,256,o21013,3.89376e-05,6.24,-5:14:20.45,ICRS,17.58157104787457,45.0,HWP(NIR),89,100222072.0,100222072.0,521108.3078533598,Subaru,NS_IR,UTC,5.0,50.54267883300781,822.5200564403931,451928.625,2599.072509765625,1232.440795898438,63.34585391920557,42296.71484375,139863888.0,18144.822265625,109932224.0,0.0061263340315391,07:17:52.141,07:17:57.611,07:17:46.671,T,10000.0,501.0,100000.0,10000.0,2.0,5.0,675-50,B,0.0,2,45.0,2.0,1.0,EmptySlot,5.0,4.0,HD173667_02_20210714_675-50_EmptySlot_0,5,/data/20210714/,2.0,152.0,165.0,1284325760.0,1284325760.0,40150793.67148105,675.0838654091856,48.5,699.3999999999999,650.8999999999999,2,33.03356,182.0,183.0,451928.625,37842328.38995378,0,0.0,0.0,0.0,0.0,0,0,106.0,90,90,94,4,118347919.66741943,86652677.82843018,1245.6373291015625,31695241.838989258,24227.938921280547,3576.5600247703705,0.0,,
HD173667_02_20210714_675-50_EmptySlot_06_cam1_FLC1_fix_coll.fits,True,-32,3,366,366,1,True,1.191,57.04475,OFF,82.51119,DARKS_256_10ms_em5_20210715_625-50_EmptySlot_00_cam1_fix_coll.fits,150,e-/s,-1.7333333333333e-06,1.7333333333333e-06,median,183.5,183.5,-78.58519583333339,20.54631666666668,RA---TAN,DEC--TAN,deg,deg,ACQUISITION,2021-07-14T07:18:20,2021-07-14,0.00015,20:32:46.74,-163.6235280907899,VCAM1 - Ultra 897,5.0,7.92,0.0718429257239067,0.0,5.0,3.0,12.4,8.1,SCEXAO,348.72,35708928.0,MIRROR,152.63,15629312.0,ao188cmtx.oct,10.0,OPEN,1.0,1.0,TRACK,92.96298,+20:32:46.71,ADI,56.016,-39.0,18:45:39.730,0.0,ON,0.0,0.01,IN,160.36704,80.367,+20:32:47,1.0,ADI,163.025,-39.0,18:45:39.7,SYNC,0.0,ao188ttctrl.oct,0.001,0.0,0.9,1.414213562373095,2000.0,0.01,SCI,675-50,Unknown,675-50,Nasmyth-IR,-0.12,VMPA00010315,294912.0,4.5,21:18:12.146,21:18:17.613,21:18:06.679,140.4,VAMPIRES,20.546316666667,180.0,IR,436250.9375,436250.9375,11264.08482588377,7377.185546875,7377.185546875,39.00862349248451,4499.4150390625,4499.4150390625,9.746056637408577,59409.30430724537,59409.30437052083,59409.30424396991,0.0,500,1002,16.63701896667481,18.48557662963867,47880.9609375,47880.9609375,1433.142173028057,HD173667,Observation,IMAG_POL,NAOJ,"""[Summit] Vievard, Skaf [Hilo] Guyon, Lozi, Deo, Ahn""",5.1,622.5,277.95,10.4,-85.02352809078987,-85.0217955746573,-0.0102947644904531,-85.01150081016685,-78.6,-0.95942983509782,0.28194749781506,-0.28194749781506,-0.95942983509782,85726.56957389682,85726.56957389682,86206.2194752722,27358771.176,27358771.176,342265.3666015206,15.0,128.0,128.0,256,256,o21013,3.89376e-05,6.24,-5:14:20.447,ICRS,17.58157104787457,22.5,HWP(NIR),89,73771848.0,73771848.0,390086.2177612765,Subaru,NS_IR,UTC,5.0,53.50366592407227,384.7665717179789,209665.71875,2088.130126953125,1146.344970703125,67.05690090084535,15016.5908203125,117603488.0,19207.81640625,31356596.0,0.0017474492391605,07:18:12.146,07:18:17.613,07:18:06.679,T,10000.0,501.0,100000.0,10000.0,1.0,5.0,675-50,A,0.0,1,22.5,2.0,1.0,EmptySlot,5.0,4.0,HD173667_02_20210714_675-50_EmptySlot_0,6,/data/20210714/,3.0,152.0,165.0,376809440.0,376809440.0,12520596.81624891,675.0838654091856,48.5,699.3999999999999,650.8999999999999,2,32.95525,183.0,184.0,209665.71875,22934007.551198862,"(0.03891807825780208, 0.0)",0.020445791043032867,-0.08577614824065746,0.0,0.0,0,0,106.0,90,90,94,4,94206153.61444092,63180920.992370605,1219.3056640625,31025232.622070312,23951.669013902534,2637.850454417093,0.00018273528342979364,,
HD173667_02_20210714_675-50_EmptySlot_06_cam1_FLC2_fix_coll.fits,True,-32,3,366,366,1,True,1.191,57.04475,OFF,82.51119,DARKS_256_10ms_em5_20210715_625-50_EmptySlot_00_cam1_fix_coll.fits,150,e-/s,-1.7333333333333e-06,1.7333333333333e-06,median,183.5,183.5,-78.58519583333339,20.54631666666668,RA---TAN,DEC--TAN,deg,deg,ACQUISITION,2021-07-14T07:18:20,2021-07-14,0.00015,20:32:46.74,-163.6235280907899,VCAM1 - Ultra 897,5.0,7.92,0.0718429257239067,0.0,5.0,3.0,12.4,8.1,SCEXAO,348.72,35708928.0,MIRROR,152.63,15629312.0,ao188cmtx.oct,10.0,OPEN,1.0,1.0,TRACK,92.96298,+20:32:46.71,ADI,56.016,-39.0,18:45:39.730,0.0,ON,0.0,0.01,IN,160.36704,80.367,+20:32:47,1.0,ADI,163.025,-39.0,18:45:39.7,SYNC,0.0,ao188ttctrl.oct,0.001,0.0,0.9,1.414213562373095,2000.0,0.01,SCI,675-50,Unknown,675-50,Nasmyth-IR,-0.12,VMPA00010315,294912.0,4.5,21:18:12.146,21:18:17.613,21:18:06.679,140.4,VAMPIRES,20.546316666667,180.0,IR,418430.46875,418430.46875,10999.31131789678,6977.8291015625,6977.8291015625,36.89865642858889,4274.955078125,4274.955078125,9.94149831378913,59409.30430724537,59409.30437052083,59409.30424396991,0.0,500,1002,16.63701896667481,18.48557662963867,45744.19140625,45744.19140625,1391.375130946927,HD173667,Observation,IMAG_POL,NAOJ,"""[Summit] Vievard, Skaf [Hilo] Guyon, Lozi, Deo, Ahn""",5.1,622.5,277.95,10.4,-85.02352809078987,-85.0217955746573,-0.0102947644904531,-85.01150081016685,-78.6,-0.95942983509782,0.28194749781506,-0.28194749781506,-0.95942983509782,83985.20245671507,83985.20245671507,84439.50663322247,25851140.3088,25851140.3088,322968.8359768941,15.0,128.0,128.0,256,256,o21013,3.89376e-05,6.24,-5:14:20.447,ICRS,17.58157104787457,22.5,HWP(NIR),89,69778296.0,69778296.0,368986.5685221896,Subaru,NS_IR,UTC,5.0,53.33069229125977,375.826423586821,200117.09375,1989.1064453125,1104.11328125,66.84011060145862,14017.4208984375,111580912.0,19145.71875,27882142.0,0.0015538238852222,07:18:12.146,07:18:17.613,07:18:06.679,T,10000.0,501.0,100000.0,10000.0,1.0,5.0,675-50,B,0.0,2,22.5,2.0,1.0,EmptySlot,5.0,4.0,HD173667_02_20210714_675-50_EmptySlot_0,6,/data/20210714/,3.0,152.0,165.0,340254144.0,340254144.0,11451485.84822145,675.0838654091856,48.5,699.3999999999999,650.8999999999999,2,32.95525,183.0,184.0,200117.09375,21568885.038561,0,0.0,0.0,0.0,0.0,0,0,106.0,90,90,94,4,89191885.88708496,59474581.242614746,1167.9035034179688,29717304.644470215,23145.43348761326,2569.6032556246464,0.0,,
HD173667_02_20210714_675-50_EmptySlot_06_cam2_FLC1_fix_coll.fits,True,-32,3,366,366,1,True,1.191,57.04475,OFF,82.51119,DARKS_256_10ms_em5_20210715_625-50_EmptySlot_00_cam2_fix_coll.fits,150,e-/s,-1.7333333333333e-06,1.7333333333333e-06,median,183.5,183.5,-78.58519583333339,20.54631666666668,RA---TAN,DEC--TAN,deg,deg,ACQUISITION,2021-07-14T07:18:22,2021-07-14,0.00015,20:32:46.74,-163.6235280907899,VCAM2 - Ultra 897,5.0,7.92,0.0718429257239067,0.0,5.0,3.0,12.4,8.1,SCEXAO,348.72,35708928.0,MIRROR,152.63,15629312.0,ao188cmtx.oct,10.0,OPEN,1.0,1.0,TRACK,92.96298,+20:32:46.71,ADI,56.016,-39.0,18:45:39.730,0.0,ON,0.0,0.01,IN,160.36704,80.367,+20:32:47,1.0,ADI,163.025,-39.0,18:45:39.7,SYNC,0.0,ao188ttctrl.oct,0.001,0.0,0.9,1.414213562373095,2000.0,0.01,SCI,675-50,Unknown,675-50,Nasmyth-IR,-0.12,VMPA00010319,294912.0,4.5,21:18:12.146,21:18:17.613,21:18:06.679,140.4,VAMPIRES,20.546316666667,180.0,IR,502537.59375,502537.59375,12970.53591028528,8470.927734375,8470.927734375,45.3915794367088,5034.8701171875,5034.8701171875,11.10431780710547,59409.30430724537,59409.30437052083,59409.30424396991,0.0,500,1002,15.47297286987305,17.19219207763672,55548.4765625,55548.4765625,1660.069968456649,HD173667,Observation,IMAG_POL,NAOJ,"""[Summit] Vievard, Skaf [Hilo] Guyon, Lozi, Deo, Ahn""",5.1,622.5,277.95,10.4,-85.02352809078987,-85.0217955746573,-0.0102947644904531,-85.01150081016685,-78.6,-0.95942983509782,0.28194749781506,-0.28194749781506,-0.95942983509782,89020.50561986616,89020.50561986616,89603.7710069892,31668256.6668,31668256.6668,398369.935527464,15.0,128.0,128.0,256,256,o21013,3.89376e-05,6.24,-5:14:20.447,ICRS,17.58157104787457,22.5,HWP(NIR),89,84709280.0,84709280.0,453915.8067702776,Subaru,NS_IR,UTC,5.0,50.1783447265625,367.2165308661788,242337.84375,2423.095947265625,1340.348876953125,62.88922883289145,17732.767578125,131499000.0,18014.025390625,42968196.0,0.0023945437638798,07:18:12.146,07:18:17.613,07:18:06.679,T,10000.0,501.0,100000.0,10000.0,2.0,5.0,675-50,A,0.0,1,22.5,2.0,1.0,EmptySlot,5.0,4.0,HD173667_02_20210714_675-50_EmptySlot_0,6,/data/20210714/,3.0,152.0,165.0,502322848.0,502322848.0,16676215.73906445,675.0838654091856,48.5,699.3999999999999,650.8999999999999,2,32.95525,183.0,183.0,242337.84375,26424125.32331964,0,0.0,0.0,0.0,0.0,0,0,106.0,90,90,94,4,107004723.16772461,71945872.54974365,1377.8286743164062,35058850.61798096,26322.986631797594,2733.1956497229157,0.0,,
HD173667_02_20210714_675-50_EmptySlot_06_cam2_FLC2_fix_coll.fits,True,-32,3,366,366,1,True,1.191,57.04475,OFF,82.51119,DARKS_256_10ms_em5_20210715_625-50_EmptySlot_00_cam2_fix_coll.fits,150,e-/s,-1.7333333333333e-06,1.7333333333333e-06,median,183.5,183.5,-78.58519583333339,20.54631666666668,RA---TAN,DEC--TAN,deg,deg,ACQUISITION,2021-07-14T07:18:22,2021-07-14,0.00015,20:32:46.74,-163.6235280907899,VCAM2 - Ultra 897,5.0,7.92,0.0718429257239067,0.0,5.0,3.0,12.4,8.1,SCEXAO,348.72,35708928.0,MIRROR,152.63,15629312.0,ao188cmtx.oct,10.0,OPEN,1.0,1.0,TRACK,92.96298,+20:32:46.71,ADI,56.016,-39.0,18:45:39.730,0.0,ON,0.0,0.01,IN,160.36704,80.367,+20:32:47,1.0,ADI,163.025,-39.0,18:45:39.7,SYNC,0.0,ao188ttctrl.oct,0.001,0.0,0.9,1.414213562373095,2000.0,0.01,SCI,675-50,Unknown,675-50,Nasmyth-IR,-0.12,VMPA00010319,294912.0,4.5,21:18:12.146,21:18:17.613,21:18:06.679,140.4,VAMPIRES,20.546316666667,180.0,IR,520137.1875,520137.1875,13631.23390330957,8672.849609375,8672.849609375,46.67913642083297,5134.18505859375,5134.18505859375,11.48602364575848,59409.30430724537,59409.30437052083,59409.30424396991,0.0,500,1002,15.47297286987305,17.19219207763672,57321.83984375,57321.83984375,1735.312957128274,HD173667,Observation,IMAG_POL,NAOJ,"""[Summit] Vievard, Skaf [Hilo] Guyon, Lozi, Deo, Ahn""",5.1,622.5,277.95,10.4,-85.02352809078987,-85.0217955746573,-0.0102947644904531,-85.01150081016685,-78.6,-0.95942983509782,0.28194749781506,-0.28194749781506,-0.95942983509782,89848.72458686406,89848.72458686406,90445.58516784984,32425768.2636,32425768.2636,408322.3465637613,15.0,128.0,128.0,256,256,o21013,3.89376e-05,6.24,-5:14:20.447,ICRS,17.58157104787457,22.5,HWP(NIR),89,86728504.0,86728504.0,466791.3992342382,Subaru,NS_IR,UTC,5.0,50.26922988891602,365.299396355651,248291.40625,2485.271240234375,1372.820678710938,63.00313649174133,18060.115234375,133744872.0,18046.65234375,44884284.0,0.0025013240571797,07:18:12.146,07:18:17.613,07:18:06.679,T,10000.0,501.0,100000.0,10000.0,2.0,5.0,675-50,B,0.0,2,22.5,2.0,1.0,EmptySlot,5.0,4.0,HD173667_02_20210714_675-50_EmptySlot_0,6,/data/20210714/,3.0,152.0,165.0,530782304.0,530782304.0,17818037.19784442,675.0838654091856,48.5,699.3999999999999,650.8999999999999,2,32.95525,182.0,183.0,248291.40625,26880277.76971177,0,0.0,0.0,0.0,0.0,0,0,106.0,90,90,94,4,109138961.71124268,73725691.93737793,1391.7575073242188,35413269.773864746,24466.676665547482,3013.3104281054266,0.0,,
HD173667_02_20210714_675-50_EmptySlot_07_cam1_FLC1_fix_coll.fits,True,-32,3,366,366,1,True,1.19,57.1258,OFF,82.52423,DARKS_256_10ms_em5_20210715_625-50_EmptySlot_00_cam1_fix_coll.fits,150,e-/s,-1.7333333333333e-06,1.7333333333333e-06,median,183.5,183.5,-78.5851916666667,20.54631111111112,RA---TAN,DEC--TAN,deg,deg,ACQUISITION,2021-07-14T07:18:41,2021-07-14,0.00015,20:32:46.72,-163.6430390690126,VCAM1 - Ultra 897,5.0,7.92,0.0718429257239067,0.0,5.0,3.0,12.4,8.1,SCEXAO,348.72,35708928.0,MIRROR,152.63,15629312.0,ao188cmtx.oct,10.0,OPEN,1.0,1.0,TRACK,93.00444,+20:32:46.71,ADI,55.995,-39.0,18:45:39.730,0.0,ON,0.0,0.01,IN,160.30499,80.30904,+20:32:47,1.0,ADI,163.025,-39.0,18:45:39.7,SYNC,0.0,ao188ttctrl.oct,0.001,0.0,0.9,1.414213562373095,2000.0,0.01,SCI,675-50,Unknown,675-50,Nasmyth-IR,-0.12,VMPA00010321,294912.0,4.5,21:18:32.881,21:18:38.310,21:18:27.451,140.4,VAMPIRES,20.546311111111,180.0,IR,859514.25,859514.25,18902.02346274778,8742.1923828125,8742.1923828125,43.70926037351002,4472.27978515625,4472.27978515625,10.77858873120706,59409.30454722801,59409.30461006944,59409.30448438657,0.0,500,1002,16.63701896667481,18.48557662963867,121064.109375,121064.109375,3237.221295523284,HD173667,Observation,IMAG_POL,NAOJ,"""[Summit] Vievard, Skaf [Hilo] Guyon, Lozi, Deo, Ahn""",5.0,622.5,277.95,10.5,-85.04303906901262,-85.0414906934393,-0.0102994475236215,-85.03119124591568,-78.6,-0.95952579127752,0.28162076605474,-0.28162076605474,-0.95952579127752,99923.19453686464,99923.19453686464,100565.3035407726,40767992.9604,40767992.9604,494176.8893272966,15.0,128.0,128.0,256,256,o21013,3.89376e-05,6.24,-5:14:20.446,ICRS,17.58157104787457,67.5,HWP(NIR),89,87421920.0,87421920.0,437092.6151774793,Subaru,NS_IR,UTC,5.0,53.76226425170898,1091.082139120917,479705.40625,2223.6962890625,1016.055603027344,67.3810058407586,45128.96484375,123179432.0,19300.65234375,100353112.0,0.005592506572199,07:18:32.881,07:18:38.310,07:18:27.451,T,10000.0,501.0,100000.0,10000.0,1.0,5.0,675-50,A,0.0,1,67.5,2.0,1.0,EmptySlot,5.0,4.0,HD173667_02_20210714_675-50_EmptySlot_0,7,/data/20210714/,4.0,152.0,165.0,1120722560.0,1120722560.0,33358089.98231003,675.0838654091856,48.5,699.3999999999999,650.8999999999999,2,32.8742,182.0,183.0,479705.40625,34622276.66854791,"(-0.005548882027612834, 0.0)",-0.0016045263502558376,-0.0810044201401819,0.0,0.0,0,0,105.0,90,90,94,4,103795895.78894043,77009419.05096436,1052.7206420898438,26786476.737976074,20934.59518043481,3678.572161879505,0.0001355721660838483,,
HD173667_02_20210714_675-50_EmptySlot_07_cam1_FLC2_fix_coll.fits,True,-32,3,366,366,1,True,1.19,57.1258,OFF,82.52423,DARKS_256_10ms_em5_20210715_625-50_EmptySlot_00_cam1_fix_coll.fits,150,e-/s,-1.7333333333333e-06,1.7333333333333e-06,median,183.5,183.5,-78.5851916666667,20.54631111111112,RA---TAN,DEC--TAN,deg,deg,ACQUISITION,2021-07-14T07:18:41,2021-07-14,0.00015,20:32:46.72,-163.6430390690126,VCAM1 - Ultra 897,5.0,7.92,0.0718429257239067,0.0,5.0,3.0,12.4,8.1,SCEXAO,348.72,35708928.0,MIRROR,152.63,15629312.0,ao188cmtx.oct,10.0,OPEN,1.0,1.0,TRACK,93.00444,+20:32:46.71,ADI,55.995,-39.0,18:45:39.730,0.0,ON,0.0,0.01,IN,160.30499,80.30904,+20:32:47,1.0,ADI,163.025,-39.0,18:45:39.7,SYNC,0.0,ao188ttctrl.oct,0.001,0.0,0.9,1.414213562373095,2000.0,0.01,SCI,675-50,Unknown,675-50,Nasmyth-IR,-0.12,VMPA00010321,294912.0,4.5,21:18:32.881,21:18:38.310,21:18:27.451,140.4,VAMPIRES,20.546311111111,180.0,IR,867696.625,867696.625,18934.6281289447,8670.216796875,8670.216796875,43.03020212240352,4438.259765625,4438.259765625,11.15420215808544,59409.30454722801,59409.30461006944,59409.30448438657,0.0,500,1002,16.63701896667481,18.48557662963867,121565.2421875,121565.2421875,3257.677474275571,HD173667,Observation,IMAG_POL,NAOJ,"""[Summit] Vievard, Skaf [Hilo] Guyon, Lozi, Deo, Ahn""",5.0,622.5,277.95,10.5,-85.04303906901262,-85.0414906934393,-0.0102994475236215,-85.03119124591568,-78.6,-0.95952579127752,0.28162076605474,-0.28162076605474,-0.95952579127752,99609.92028095137,99609.92028095137,100240.8898632369,40442409.35639999,40442409.35639999,487599.8608403662,15.0,128.0,128.0,256,256,o21013,3.89376e-05,6.24,-5:14:20.446,ICRS,17.58157104787457,67.5,HWP(NIR),89,86702176.0,86702176.0,430302.0345006888,Subaru,NS_IR,UTC,5.0,53.74224853515625,1084.299389632884,480704.5625,2219.71875,1023.322875976562,67.35591986023455,44784.87109375,122461888.0,19293.466796875,99409816.0,0.005539938306259,07:18:32.881,07:18:38.310,07:18:27.451,T,10000.0,501.0,100000.0,10000.0,1.0,5.0,675-50,B,0.0,2,67.5,2.0,1.0,EmptySlot,5.0,4.0,HD173667_02_20210714_675-50_EmptySlot_0,7,/data/20210714/,4.0,152.0,165.0,1115115136.0,1115115136.0,33128881.92371914,675.0838654091856,48.5,699.3999999999999,650.8999999999999,2,32.8742,182.0,183.0,480704.5625,34258918.35373671,0,0.0,0.0,0.0,0.0,0,0,105.0,90,90,94,4,102959438.46130371,76036101.66595459,1058.0993041992188,26923336.79534912,21250.254862835674,3578.1265757397223,0.0,,
HD173667_02_20210714_675-50_EmptySlot_07_cam2_FLC1_fix_coll.fits,True,-32,3,366,366,1,True,1.19,57.1258,OFF,82.52423,DARKS_256_10ms_em5_20210715_625-50_EmptySlot_00_cam2_fix_coll.fits,150,e-/s,-1.7333333333333e-06,1.7333333333333e-06,median,183.5,183.5,-78.5851916666667,20.54631111111112,RA---TAN,DEC--TAN,deg,deg,ACQUISITION,2021-07-14T07:18:43,2021-07-14,0.00015,20:32:46.72,-163.6430390690126,VCAM2 - Ultra 897,5.0,7.92,0.0718429257239067,0.0,5.0,3.0,12.4,8.1,SCEXAO,348.72,35708928.0,MIRROR,152.63,15629312.0,ao188cmtx.oct,10.0,OPEN,1.0,1.0,TRACK,93.00444,+20:32:46.71,ADI,55.995,-39.0,18:45:39.730,0.0,ON,0.0,0.01,IN,160.30499,80.30904,+20:32:47,1.0,ADI,163.025,-39.0,18:45:39.7,SYNC,0.0,ao188ttctrl.oct,0.001,0.0,0.9,1.414213562373095,2000.0,0.01,SCI,675-50,Unknown,675-50,Nasmyth-IR,-0.12,VMPA00010321,294912.0,4.5,21:18:32.881,21:18:38.310,21:18:27.451,140.4,VAMPIRES,20.546311111111,180.0,IR,1032098.875,1032098.875,22629.91773245622,10397.2099609375,10397.2099609375,52.5377546231898,5159.7001953125,5159.7001953125,12.52421346648612,59409.30454722801,59409.30461006944,59409.30448438657,0.0,500,1002,15.47297286987305,17.19219207763672,145713.390625,145713.390625,3876.640306656695,HD173667,Observation,IMAG_POL,NAOJ,"""[Summit] Vievard, Skaf [Hilo] Guyon, Lozi, Deo, Ahn""",5.0,622.5,277.95,10.5,-85.04303906901262,-85.0414906934393,-0.0102994475236215,-85.03119124591568,-78.6,-0.95952579127752,0.28162076605474,-0.28162076605474,-0.95952579127752,106316.6155602919,106316.6155602919,107090.8622204135,48865592.8836,48865592.8836,593822.483562927,15.0,128.0,128.0,256,256,o21013,3.89376e-05,6.24,-5:14:20.446,ICRS,17.58157104787457,67.5,HWP(NIR),89,103972096.0,103972096.0,525377.543000081,Subaru,NS_IR,UTC,5.0,50.63348007202148,1060.26028870733,563836.625,2651.113037109375,1207.876708984375,63.45965639574717,55514.0546875,142653744.0,18177.419921875,147174032.0,0.0082017560274268,07:18:32.881,07:18:38.310,07:18:27.451,T,10000.0,501.0,100000.0,10000.0,2.0,5.0,675-50,A,0.0,1,67.5,2.0,1.0,EmptySlot,5.0,4.0,HD173667_02_20210714_675-50_EmptySlot_0,7,/data/20210714/,4.0,152.0,165.0,1604989440.0,1604989440.0,47556705.19413357,675.0838654091856,48.5,699.3999999999999,650.8999999999999,2,32.8742,182.0,183.0,563836.625,41378136.90420006,0,0.0,0.0,0.0,0.0,0,0,106.0,90,90,94,4,121849862.90118408,90766753.1541748,1221.5802612304688,31083109.747009277,24178.553236021988,3754.0192032229443,0.0,,
HD173667_02_20210714_675-50_EmptySlot_07_cam2_FLC2_fix_coll.fits,True,-32,3,366,366,1,True,1.19,57.1258,OFF,82.52423,DARKS_256_10ms_em5_20210715_625-50_EmptySlot_00_cam2_fix_coll.fits,150,e-/s,-1.7333333333333e-06,1.7333333333333e-06,median,183.5,183.5,-78.5851916666667,20.54631111111112,RA---TAN,DEC--TAN,deg,deg,ACQUISITION,2021-07-14T07:18:43,2021-07-14,0.00015,20:32:46.72,-163.6430390690126,VCAM2 - Ultra 897,5.0,7.92,0.0718429257239067,0.0,5.0,3.0,12.4,8.1,SCEXAO,348.72,35708928.0,MIRROR,152.63,15629312.0,ao188cmtx.oct,10.0,OPEN,1.0,1.0,TRACK,93.00444,+20:32:46.71,ADI,55.995,-39.0,18:45:39.730,0.0,ON,0.0,0.01,IN,160.30499,80.30904,+20:32:47,1.0,ADI,163.025,-39.0,18:45:39.7,SYNC,0.0,ao188ttctrl.oct,0.001,0.0,0.9,1.414213562373095,2000.0,0.01,SCI,675-50,Unknown,675-50,Nasmyth-IR,-0.12,VMPA00010321,294912.0,4.5,21:18:32.881,21:18:38.310,21:18:27.451,140.4,VAMPIRES,20.546311111111,180.0,IR,1022107.25,1022107.25,22331.30482948598,10211.265625,10211.265625,51.28645731559531,5079.240234375,5079.240234375,12.63473942418256,59409.30454722801,59409.30461006944,59409.30448438657,0.0,500,1002,15.47297286987305,17.19219207763672,143328.765625,143328.765625,3824.647184166745,HD173667,Observation,IMAG_POL,NAOJ,"""[Summit] Vievard, Skaf [Hilo] Guyon, Lozi, Deo, Ahn""",5.0,622.5,277.95,10.5,-85.04303906901262,-85.0414906934393,-0.0102994475236215,-85.03119124591568,-78.6,-0.95952579127752,0.28162076605474,-0.28162076605474,-0.95952579127752,105433.1586247982,105433.1586247982,106188.6667625119,47903495.24160001,47903495.24160001,579706.2840359447,15.0,128.0,128.0,256,256,o21013,3.89376e-05,6.24,-5:14:20.446,ICRS,17.58157104787457,67.5,HWP(NIR),89,102112656.0,102112656.0,512864.5513193517,Subaru,NS_IR,UTC,5.0,50.55783462524414,1056.414174954116,588842.5625,2606.2177734375,1188.897094726562,63.36484888787758,54457.34375,140237968.0,18150.26171875,141927696.0,0.0079093867328904,07:18:32.881,07:18:38.310,07:18:27.451,T,10000.0,501.0,100000.0,10000.0,2.0,5.0,675-50,B,0.0,2,67.5,2.0,1.0,EmptySlot,5.0,4.0,HD173667_02_20210714_675-50_EmptySlot_0,7,/data/20210714/,4.0,152.0,165.0,1549746944.0,1549746944.0,45956210.0231408,675.0838654091856,48.5,699.3999999999999,650.8999999999999,2,32.8742,182.0,183.0,588842.5625,40488644.2341781,0,0.0,0.0,0.007124332692643052,-0.011025158696644352,0,0,106.0,90,90,94,4,119672231.11914062,89259014.11108398,1195.253173828125,30413217.00805664,23762.5789358207,3756.2848019215303,0.0,,
HD173667_02_20210714_675-50_EmptySlot_08_cam1_FLC1_fix_coll.fits,True,-32,3,366,366,1,True,1.189,57.21077,OFF,82.53788,DARKS_256_10ms_em5_20210715_625-50_EmptySlot_00_cam1_fix_coll.fits,150,e-/s,-1.7333333333333e-06,1.7333333333333e-06,median,183.5,183.5,-78.58520000000001,20.54630555555556,RA---TAN,DEC--TAN,deg,deg,ACQUISITION,2021-07-14T07:19:03,2021-07-14,0.00015,20:32:46.7,-163.6635233531367,VCAM1 - Ultra 897,5.0,7.92,0.0718429257239067,0.0,5.0,3.0,12.4,8.1,SCEXAO,348.72,35708928.0,MIRROR,152.63,15629312.0,ao188cmtx.oct,10.0,OPEN,1.0,1.0,TRACK,93.04548,+20:32:46.71,ADI,55.975,-39.0,18:45:39.730,0.0,ON,0.0,0.01,IN,160.24304,80.243,+20:32:47,1.0,ADI,163.025,-39.0,18:45:39.7,SYNC,0.0,ao188ttctrl.oct,0.001,0.0,0.9,1.414213562373095,2000.0,0.01,SCI,675-50,Unknown,675-50,Nasmyth-IR,-0.12,VMPA00010325,294912.0,4.5,21:18:54.687,21:19:00.137,21:18:49.236,140.4,VAMPIRES,20.546305555556,180.0,IR,639011.1875,639011.1875,11771.7938429725,8257.7138671875,8257.7138671875,21.20335491649444,4636.6650390625,4636.6650390625,9.222284599994651,59409.30479961227,59409.30486269676,59409.30473652777,0.0,500,1002,16.63701896667481,18.48557662963867,73496.25,73496.25,1553.615488753775,HD173667,Observation,IMAG_POL,NAOJ,"""[Summit] Vievard, Skaf [Hilo] Guyon, Lozi, Deo, Ahn""",4.9,622.5,277.95,10.8,-85.06352335313669,-85.06217141808087,-0.0103044424300406,-85.05186697565082,-78.6,-0.9596264145026,0.28127770012725,-0.28127770012725,-0.9596264145026,93635.50423732374,93635.50423732374,93795.6656203426,34189353.0936,34189353.0936,228557.314831154,15.0,128.0,128.0,256,256,o21013,3.89376e-05,6.24,-5:14:20.448,ICRS,17.58157104787457,0.0,HWP(NIR),89,82577144.0,82577144.0,212033.5359974738,Subaru,NS_IR,UTC,5.0,53.69314575195312,666.0809491492291,343194.15625,2203.86376953125,1085.553466796875,67.29437864786455,27339.646484375,122605344.0,19275.83984375,60252856.0,0.0033577881787439,07:18:54.687,07:19:00.137,07:18:49.236,T,10000.0,501.0,100000.0,10000.0,1.0,5.0,675-50,A,0.0,1,0.0,3.0,1.0,EmptySlot,5.0,4.0,HD173667_02_20210714_675-50_EmptySlot_0,8,/data/20210714/,1.0,152.0,165.0,619317888.0,619317888.0,14354221.21463792,675.0838654091856,48.5,699.3999999999999,650.8999999999999,2,32.78923,182.0,183.0,343194.15625,29222558.704606496,"(0.005247462483090257, 0.0)",0.0022838056459273913,-0.08334315403444378,0.0,0.0,0,0,105.0,90,90,94,4,101404711.01635742,72357299.11083984,1141.576416015625,29047411.905517578,21212.851527385592,3411.0123769747433,0.0001417751020629432,,
HD173667_02_20210714_675-50_EmptySlot_08_cam1_FLC2_fix_coll.fits,True,-32,3,366,366,1,True,1.189,57.21077,OFF,82.53788,DARKS_256_10ms_em5_20210715_625-50_EmptySlot_00_cam1_fix_coll.fits,150,e-/s,-1.7333333333333e-06,1.7333333333333e-06,median,183.5,183.5,-78.58520000000001,20.54630555555556,RA---TAN,DEC--TAN,deg,deg,ACQUISITION,2021-07-14T07:19:03,2021-07-14,0.00015,20:32:46.7,-163.6635233531367,VCAM1 - Ultra 897,5.0,7.92,0.0718429257239067,0.0,5.0,3.0,12.4,8.1,SCEXAO,348.72,35708928.0,MIRROR,152.63,15629312.0,ao188cmtx.oct,10.0,OPEN,1.0,1.0,TRACK,93.04548,+20:32:46.71,ADI,55.975,-39.0,18:45:39.730,0.0,ON,0.0,0.01,IN,160.24304,80.243,+20:32:47,1.0,ADI,163.025,-39.0,18:45:39.7,SYNC,0.0,ao188ttctrl.oct,0.001,0.0,0.9,1.414213562373095,2000.0,0.01,SCI,675-50,Unknown,675-50,Nasmyth-IR,-0.12,VMPA00010325,294912.0,4.5,21:18:54.687,21:19:00.137,21:18:49.236,140.4,VAMPIRES,20.546305555556,180.0,IR,617130.375,617130.375,11477.22193410035,8080.3759765625,8080.3759765625,20.60185071984437,4551.705078125,4551.705078125,9.411142541070362,59409.30479961227,59409.30486269676,59409.30473652777,0.0,500,1002,16.63701896667481,18.48557662963867,71536.1796875,71536.1796875,1499.266109632535,HD173667,Observation,IMAG_POL,NAOJ,"""[Summit] Vievard, Skaf [Hilo] Guyon, Lozi, Deo, Ahn""",4.9,622.5,277.95,10.8,-85.06352335313669,-85.06217141808087,-0.0103044424300406,-85.05186697565082,-78.6,-0.9596264145026,0.28127770012725,-0.28127770012725,-0.9596264145026,92883.84495596807,92883.84495596807,93038.3959905722,33482089.7244,33482089.7244,221899.9741845161,15.0,128.0,128.0,256,256,o21013,3.89376e-05,6.24,-5:14:20.448,ICRS,17.58157104787457,0.0,HWP(NIR),89,80803760.0,80803760.0,206018.5131379993,Subaru,NS_IR,UTC,5.0,53.61236190795898,667.8547419358656,342324.6875,2161.049072265625,1062.0947265625,67.19313111411999,26920.412109375,119739408.0,19246.837890625,58176332.0,0.0032420670627178,07:18:54.687,07:19:00.137,07:18:49.236,T,10000.0,501.0,100000.0,10000.0,1.0,5.0,675-50,B,0.0,2,0.0,3.0,1.0,EmptySlot,5.0,4.0,HD173667_02_20210714_675-50_EmptySlot_0,8,/data/20210714/,1.0,152.0,165.0,589469504.0,589469504.0,13547234.65691367,675.0838654091856,48.5,699.3999999999999,650.8999999999999,2,32.78923,182.0,183.0,342324.6875,28631636.398013663,0,0.0,0.0,0.0,0.0,0,0,104.0,90,90,94,4,99309399.99407959,71024629.90252686,1111.604248046875,28284770.091552734,21034.12666463461,3376.6379291583794,0.0,,
HD173667_02_20210714_675-50_EmptySlot_08_cam2_FLC1_fix_coll.fits,True,-32,3,366,366,1,True,1.189,57.21077,OFF,82.53788,DARKS_256_10ms_em5_20210715_625-50_EmptySlot_00_cam2_fix_coll.fits,150,e-/s,-1.7333333333333e-06,1.7333333333333e-06,median,183.5,183.5,-78.58520000000001,20.54630555555556,RA---TAN,DEC--TAN,deg,deg,ACQUISITION,2021-07-14T07:19:04,2021-07-14,0.00015,20:32:46.7,-163.6635233531367,VCAM2 - Ultra 897,5.0,7.92,0.0718429257239067,0.0,5.0,3.0,12.4,8.1,SCEXAO,348.72,35708928.0,MIRROR,152.63,15629312.0,ao188cmtx.oct,10.0,OPEN,1.0,1.0,TRACK,93.04548,+20:32:46.71,ADI,55.975,-39.0,18:45:39.730,0.0,ON,0.0,0.01,IN,160.24304,80.243,+20:32:47,1.0,ADI,163.025,-39.0,18:45:39.7,SYNC,0.0,ao188ttctrl.oct,0.001,0.0,0.9,1.414213562373095,2000.0,0.01,SCI,675-50,Unknown,675-50,Nasmyth-IR,-0.12,VMPA00010327,294912.0,4.5,21:18:54.687,21:19:00.137,21:18:49.236,140.4,VAMPIRES,20.546305555556,180.0,IR,754167.0625,754167.0625,13815.15049445893,9724.2802734375,9724.2802734375,25.21241434990612,5302.21484375,5302.21484375,10.01471916766661,59409.30479961227,59409.30486269676,59409.30473652777,0.0,500,1002,15.47297286987305,17.19219207763672,87479.578125,87479.578125,1830.709556603981,HD173667,Observation,IMAG_POL,NAOJ,"""[Summit] Vievard, Skaf [Hilo] Guyon, Lozi, Deo, Ahn""",4.9,622.5,277.95,10.8,-85.06352335313669,-85.06217141808087,-0.0103044424300406,-85.05186697565082,-78.6,-0.9596264145026,0.28127770012725,-0.28127770012725,-0.9596264145026,98986.24167515327,98986.24167515327,99179.73697531446,40707015.61319999,40707015.61319999,272854.2637598841,15.0,128.0,128.0,256,256,o21013,3.89376e-05,6.24,-5:14:20.448,ICRS,17.58157104787457,0.0,HWP(NIR),89,97242800.0,97242800.0,252124.1552908259,Subaru,NS_IR,UTC,5.0,50.48588562011719,661.5204990619095,418965.78125,2575.6240234375,1250.98681640625,63.27467418258619,33748.6015625,139771392.0,18124.431640625,86923712.0,0.0048441091756072,07:18:54.687,07:19:00.137,07:18:49.236,T,10000.0,501.0,100000.0,10000.0,2.0,5.0,675-50,A,0.0,1,0.0,3.0,1.0,EmptySlot,5.0,4.0,HD173667_02_20210714_675-50_EmptySlot_0,8,/data/20210714/,1.0,152.0,165.0,868656768.0,868656768.0,20036143.64626543,675.0838654091856,48.5,699.3999999999999,650.8999999999999,2,32.78923,182.0,182.0,418965.78125,34688723.9324323,0,0.0,0.0,0.0,0.0,0,0,106.0,90,90,94,4,117660797.32836914,85036466.66156006,1282.1509399414062,32624330.666809082,23107.368139409,3680.0585055176675,0.0,,
HD173667_02_20210714_675-50_EmptySlot_08_cam2_FLC2_fix_coll.fits,True,-32,3,366,366,1,True,1.189,57.21077,OFF,82.53788,DARKS_256_10ms_em5_20210715_625-50_EmptySlot_00_cam2_fix_coll.fits,150,e-/s,-1.7333333333333e-06,1.7333333333333e-06,median,183.5,183.5,-78.58520000000001,20.54630555555556,RA---TAN,DEC--TAN,deg,deg,ACQUISITION,2021-07-14T07:19:04,2021-07-14,0.00015,20:32:46.7,-163.6635233531367,VCAM2 - Ultra 897,5.0,7.92,0.0718429257239067,0.0,5.0,3.0,12.4,8.1,SCEXAO,348.72,35708928.0,MIRROR,152.63,15629312.0,ao188cmtx.oct,10.0,OPEN,1.0,1.0,TRACK,93.04548,+20:32:46.71,ADI,55.975,-39.0,18:45:39.730,0.0,ON,0.0,0.01,IN,160.24304,80.243,+20:32:47,1.0,ADI,163.025,-39.0,18:45:39.7,SYNC,0.0,ao188ttctrl.oct,0.001,0.0,0.9,1.414213562373095,2000.0,0.01,SCI,675-50,Unknown,675-50,Nasmyth-IR,-0.12,VMPA00010327,294912.0,4.5,21:18:54.687,21:19:00.137,21:18:49.236,140.4,VAMPIRES,20.546305555556,180.0,IR,736657.75,736657.75,13588.67454198532,9628.734375,9628.734375,24.56903710539371,5266.7099609375,5266.7099609375,10.56257492918023,59409.30479961227,59409.30486269676,59409.30473652777,0.0,500,1002,15.47297286987305,17.19219207763672,86320.890625,86320.890625,1795.658492285429,HD173667,Observation,IMAG_POL,NAOJ,"""[Summit] Vievard, Skaf [Hilo] Guyon, Lozi, Deo, Ahn""",4.9,622.5,277.95,10.8,-85.06352335313669,-85.06217141808087,-0.0103044424300406,-85.05186697565082,-78.6,-0.9596264145026,0.28127770012725,-0.28127770012725,-0.9596264145026,98552.3569340221,98552.3569340221,98741.73777461128,40273629.6996,40273629.6996,268204.1329072001,15.0,128.0,128.0,256,256,o21013,3.89376e-05,6.24,-5:14:20.448,ICRS,17.58157104787457,0.0,HWP(NIR),89,96287344.0,96287344.0,245690.3839812051,Subaru,NS_IR,UTC,5.0,50.44566345214844,659.0923832231783,417344.75,2573.841064453125,1253.041015625,63.22426317083747,33628.2421875,138498384.0,18109.994140625,86553752.0,0.0048234919402249,07:18:54.687,07:19:00.137,07:18:49.236,T,10000.0,501.0,100000.0,10000.0,2.0,5.0,675-50,B,0.0,2,0.0,3.0,1.0,EmptySlot,5.0,4.0,HD173667_02_20210714_675-50_EmptySlot_0,8,/data/20210714/,1.0,152.0,165.0,848031360.0,848031360.0,19447155.4700327,675.0838654091856,48.5,699.3999999999999,650.8999999999999,2,32.78923,182.0,182.0,417344.75,34348663.89863975,0,0.0,0.0,0.0,0.0,0,0,106.0,90,90,94,4,116735665.23614502,84418255.56359863,1270.0888061523438,32317409.672546387,23255.65028111523,3630.010536929623,0.0,,
HD173667_02_20210714_675-50_EmptySlot_09_cam1_FLC1_fix_coll.fits,True,-32,3,366,366,1,True,1.188,57.29144,OFF,82.55076,DARKS_256_10ms_em5_20210715_625-50_EmptySlot_00_cam1_fix_coll.fits,150,e-/s,-1.7333333333333e-06,1.7333333333333e-06,median,183.5,183.5,-78.58520000000001,20.54633055555556,RA---TAN,DEC--TAN,deg,deg,ACQUISITION,2021-07-14T07:19:23,2021-07-14,0.00015,20:32:46.79,-163.6829885827694,VCAM1 - Ultra 897,5.0,7.92,0.0718429257239067,0.0,5.0,3.0,12.4,8.1,SCEXAO,348.72,35708928.0,MIRROR,152.63,15629312.0,ao188cmtx.oct,10.0,OPEN,1.0,1.0,TRACK,93.07996,+20:32:46.71,ADI,55.956,-39.0,18:45:39.730,0.0,ON,0.0,0.01,IN,160.179,80.17896,+20:32:47,1.0,ADI,163.025,-39.0,18:45:39.7,SYNC,0.0,ao188ttctrl.oct,0.001,0.0,0.9,1.414213562373095,2000.0,0.01,SCI,675-50,Unknown,675-50,Nasmyth-IR,-0.12,VMPA00010329,294912.0,4.5,21:19:15.556,21:19:21.021,21:19:10.090,140.4,VAMPIRES,20.546330555556,180.0,IR,840264.3125,840264.3125,22226.42485608632,8676.142578125,8676.142578125,87.41171864570175,4496.1748046875,4496.1748046875,27.53659847297433,59409.30504115162,59409.30510440972,59409.30497789352,0.0,500,1002,16.63701896667481,18.48557662963867,121113.6640625,121113.6640625,3299.050322029261,HD173667,Observation,IMAG_POL,NAOJ,"""[Summit] Vievard, Skaf [Hilo] Guyon, Lozi, Deo, Ahn""",4.8,622.5,277.95,10.8,-85.08298858276943,-85.0819339618289,-0.0103093567243064,-85.07162460510459,-78.6,-0.95972191825481,0.28095166776746,-0.28095166776746,-0.95972191825481,97449.6286852861,97449.6286852861,99518.37875924366,39718394.2476,39718394.2476,760146.9417293732,15.0,128.0,128.0,256,256,o21013,3.89376e-05,6.24,-5:14:20.448,ICRS,17.58157104787457,45.0,HWP(NIR),89,86761432.0,86761432.0,874117.1644457234,Subaru,NS_IR,UTC,5.0,53.76564407348633,1168.550987534123,540245.875,2231.151123046875,1028.465209960938,67.38524181917374,48492.19140625,124634336.0,19301.8671875,108193408.0,0.0060294328023292,07:19:15.556,07:19:21.021,07:19:10.090,T,10000.0,501.0,100000.0,10000.0,1.0,5.0,675-50,A,0.0,1,45.0,3.0,1.0,EmptySlot,5.0,4.0,HD173667_02_20210714_675-50_EmptySlot_0,9,/data/20210714/,2.0,152.0,165.0,1164113664.0,1164113664.0,32514406.15025168,675.0838654091856,48.5,699.3999999999999,650.8999999999999,2,32.70856,182.0,183.0,540245.875,35137066.06484825,"(0.03178306172653149, 0.0)",0.015043496899138623,-0.08442336075839182,0.0,0.0,0,0,104.0,90,90,94,4,104559610.10455322,77106307.8807373,1078.9271850585938,27453302.223815918,20764.551939315108,3713.3624701405697,0.00013238354826897237,,
HD173667_02_20210714_675-50_EmptySlot_09_cam1_FLC2_fix_coll.fits,True,-32,3,366,366,1,True,1.188,57.29144,OFF,82.55076,DARKS_256_10ms_em5_20210715_625-50_EmptySlot_00_cam1_fix_coll.fits,150,e-/s,-1.7333333333333e-06,1.7333333333333e-06,median,183.5,183.5,-78.58520000000001,20.54633055555556,RA---TAN,DEC--TAN,deg,deg,ACQUISITION,2021-07-14T07:19:23,2021-07-14,0.00015,20:32:46.79,-163.6829885827694,VCAM1 - Ultra 897,5.0,7.92,0.0718429257239067,0.0,5.0,3.0,12.4,8.1,SCEXAO,348.72,35708928.0,MIRROR,152.63,15629312.0,ao188cmtx.oct,10.0,OPEN,1.0,1.0,TRACK,93.07996,+20:32:46.71,ADI,55.956,-39.0,18:45:39.730,0.0,ON,0.0,0.01,IN,160.179,80.17896,+20:32:47,1.0,ADI,163.025,-39.0,18:45:39.7,SYNC,0.0,ao188ttctrl.oct,0.001,0.0,0.9,1.414213562373095,2000.0,0.01,SCI,675-50,Unknown,675-50,Nasmyth-IR,-0.12,VMPA00010329,294912.0,4.5,21:19:15.556,21:19:21.021,21:19:10.090,140.4,VAMPIRES,20.546330555556,180.0,IR,810068.25,810068.25,21573.5614862382,8262.2822265625,8262.2822265625,84.169256303817,4309.2451171875,4309.2451171875,26.40735138943492,59409.30504115162,59409.30510440972,59409.30497789352,0.0,500,1002,16.63701896667481,18.48557662963867,116094.3046875,116094.3046875,3179.617389337918,HD173667,Observation,IMAG_POL,NAOJ,"""[Summit] Vievard, Skaf [Hilo] Guyon, Lozi, Deo, Ahn""",4.8,622.5,277.95,10.8,-85.08298858276943,-85.0819339618289,-0.0103093567243064,-85.07162460510459,-78.6,-0.95972191825481,0.28095166776746,-0.28095166776746,-0.95972191825481,95554.0904928374,95554.0904928374,97545.72509723992,37774388.61719999,37774388.61719999,726296.0407928078,15.0,128.0,128.0,256,256,o21013,3.89376e-05,6.24,-5:14:20.448,ICRS,17.58157104787457,45.0,HWP(NIR),89,82622816.0,82622816.0,841692.6582457518,Subaru,NS_IR,UTC,5.0,53.60279083251953,1158.930032695178,521300.5,2127.977783203125,985.7557373046876,67.18113554996242,46008.375,119360408.0,19243.40234375,97904800.0,0.0054560663494903,07:19:15.556,07:19:21.021,07:19:10.090,T,10000.0,501.0,100000.0,10000.0,1.0,5.0,675-50,B,0.0,2,45.0,3.0,1.0,EmptySlot,5.0,4.0,HD173667_02_20210714_675-50_EmptySlot_0,9,/data/20210714/,2.0,152.0,165.0,1064454848.0,1064454848.0,29903669.0623178,675.0838654091856,48.5,699.3999999999999,650.8999999999999,2,32.70856,182.0,183.0,521300.5,33390841.57284485,0,0.0,0.0,0.0,0.0,0,0,104.0,90,90,94,4,99851433.77893066,73367591.64605713,1040.8269653320312,26483842.132873535,21203.25995644747,3460.203374233856,0.0,,
HD173667_02_20210714_675-50_EmptySlot_09_cam2_FLC1_fix_coll.fits,True,-32,3,366,366,1,True,1.188,57.29144,OFF,82.55076,DARKS_256_10ms_em5_20210715_625-50_EmptySlot_00_cam2_fix_coll.fits,150,e-/s,-1.7333333333333e-06,1.7333333333333e-06,median,183.5,183.5,-78.58520000000001,20.54633055555556,RA---TAN,DEC--TAN,deg,deg,ACQUISITION,2021-07-14T07:19:25,2021-07-14,0.00015,20:32:46.79,-163.6829885827694,VCAM2 - Ultra 897,5.0,7.92,0.0718429257239067,0.0,5.0,3.0,12.4,8.1,SCEXAO,348.72,35708928.0,MIRROR,152.63,15629312.0,ao188cmtx.oct,10.0,OPEN,1.0,1.0,TRACK,93.07996,+20:32:46.71,ADI,55.956,-39.0,18:45:39.730,0.0,ON,0.0,0.01,IN,160.179,80.17896,+20:32:47,1.0,ADI,163.025,-39.0,18:45:39.7,SYNC,0.0,ao188ttctrl.oct,0.001,0.0,0.9,1.414213562373095,2000.0,0.01,SCI,675-50,Unknown,675-50,Nasmyth-IR,-0.12,VMPA00010331,294912.0,4.5,21:19:15.556,21:19:21.021,21:19:10.090,140.4,VAMPIRES,20.546330555556,180.0,IR,973840.625,973840.625,25872.97796048575,9995.8193359375,9995.8193359375,100.8834386219017,5042.8349609375,5042.8349609375,31.59971850737279,59409.30504115162,59409.30510440972,59409.30497789352,0.0,500,1002,15.47297286987305,17.19219207763672,140817.765625,140817.765625,3829.880282005337,HD173667,Observation,IMAG_POL,NAOJ,"""[Summit] Vievard, Skaf [Hilo] Guyon, Lozi, Deo, Ahn""",4.8,622.5,277.95,10.8,-85.08298858276943,-85.0819339618289,-0.0103093567243064,-85.07162460510459,-78.6,-0.95972191825481,0.28095166776746,-0.28095166776746,-0.95972191825481,102002.4237127746,102002.4237127746,104500.2663319138,46123896.4452,46123896.4452,882683.9895215401,15.0,128.0,128.0,256,256,o21013,3.89376e-05,6.24,-5:14:20.448,ICRS,17.58157104787457,45.0,HWP(NIR),89,99958192.0,99958192.0,1008834.356870625,Subaru,NS_IR,UTC,5.0,50.49623870849609,1128.734531452428,593457.9375,2567.838623046875,1173.627197265625,63.28764985461635,57398.49609375,139947200.0,18128.150390625,147390080.0,0.0082137960113977,07:19:15.556,07:19:21.021,07:19:10.090,T,10000.0,501.0,100000.0,10000.0,2.0,5.0,675-50,A,0.0,1,45.0,3.0,1.0,EmptySlot,5.0,4.0,HD173667_02_20210714_675-50_EmptySlot_0,9,/data/20210714/,2.0,152.0,165.0,1559529472.0,1559529472.0,43430665.33629528,675.0838654091856,48.5,699.3999999999999,650.8999999999999,2,32.70856,182.0,182.0,593457.9375,40570874.613615416,0,0.0,0.0,0.0,0.0,0,0,106.0,90,90,94,4,118977151.90875244,88508803.54968262,1197.4198608398438,30468348.359069824,22114.135293377487,4002.363301819372,0.0,,
HD173667_02_20210714_675-50_EmptySlot_09_cam2_FLC2_fix_coll.fits,True,-32,3,366,366,1,True,1.188,57.29144,OFF,82.55076,DARKS_256_10ms_em5_20210715_625-50_EmptySlot_00_cam2_fix_coll.fits,150,e-/s,-1.7333333333333e-06,1.7333333333333e-06,median,183.5,183.5,-78.58520000000001,20.54633055555556,RA---TAN,DEC--TAN,deg,deg,ACQUISITION,2021-07-14T07:19:25,2021-07-14,0.00015,20:32:46.79,-163.6829885827694,VCAM2 - Ultra 897,5.0,7.92,0.0718429257239067,0.0,5.0,3.0,12.4,8.1,SCEXAO,348.72,35708928.0,MIRROR,152.63,15629312.0,ao188cmtx.oct,10.0,OPEN,1.0,1.0,TRACK,93.07996,+20:32:46.71,ADI,55.956,-39.0,18:45:39.730,0.0,ON,0.0,0.01,IN,160.179,80.17896,+20:32:47,1.0,ADI,163.025,-39.0,18:45:39.7,SYNC,0.0,ao188ttctrl.oct,0.001,0.0,0.9,1.414213562373095,2000.0,0.01,SCI,675-50,Unknown,675-50,Nasmyth-IR,-0.12,VMPA00010331,294912.0,4.5,21:19:15.556,21:19:21.021,21:19:10.090,140.4,VAMPIRES,20.546330555556,180.0,IR,990977.25,990977.25,26273.54997306003,10157.6484375,10157.6484375,103.1674051844469,5117.625,5117.625,31.8029572152203,59409.30504115162,59409.30510440972,59409.30497789352,0.0,500,1002,15.47297286987305,17.19219207763672,143522.859375,143522.859375,3920.95428257204,HD173667,Observation,IMAG_POL,NAOJ,"""[Summit] Vievard, Skaf [Hilo] Guyon, Lozi, Deo, Ahn""",4.8,622.5,277.95,10.8,-85.08298858276943,-85.0819339618289,-0.0103093567243064,-85.07162460510459,-78.6,-0.95972191825481,0.28095166776746,-0.28095166776746,-0.95972191825481,102669.5988131224,102669.5988131224,105222.4799788851,46881259.8264,46881259.8264,901127.7373897888,15.0,128.0,128.0,256,256,o21013,3.89376e-05,6.24,-5:14:20.448,ICRS,17.58157104787457,45.0,HWP(NIR),89,101576488.0,101576488.0,1031674.091849123,Subaru,NS_IR,UTC,5.0,50.56849670410156,1126.929814095274,637504.75,2615.24755859375,1200.538818359375,63.37821182204276,58281.35546875,141932096.0,18154.08984375,152420176.0,0.0084941146221328,07:19:15.556,07:19:21.021,07:19:10.090,T,10000.0,501.0,100000.0,10000.0,2.0,5.0,675-50,B,0.0,2,45.0,3.0,1.0,EmptySlot,5.0,4.0,HD173667_02_20210714_675-50_EmptySlot_0,9,/data/20210714/,2.0,152.0,165.0,1617905024.0,1617905024.0,45329349.65301587,675.0838654091856,48.5,699.3999999999999,650.8999999999999,2,32.70856,182.0,182.0,637504.75,41105401.255560085,0,0.0,0.0,0.0,0.0,0,0,106.0,90,90,94,4,120778887.8782959,89714847.90393066,1220.830810546875,31064039.974365234,22885.883540415125,3920.0954485982384,0.0,,
HD173667_02_20210714_675-50_EmptySlot_010_cam1_FLC1_fix_coll.fits,True,-32,3,366,366,1,True,1.187,57.36742,OFF,82.56295,DARKS_256_10ms_em5_20210715_625-50_EmptySlot_00_cam1_fix_coll.fits,150,e-/s,-1.7333333333333e-06,1.7333333333333e-06,median,183.5,183.5,-78.58518333333335,20.54630555555556,RA---TAN,DEC--TAN,deg,deg,ACQUISITION,2021-07-14T07:19:43,2021-07-14,0.00015,20:32:46.7,-163.7012730269808,VCAM1 - Ultra 897,5.0,7.92,0.0718429257239067,0.0,5.0,3.0,12.4,8.1,SCEXAO,348.72,35708928.0,MIRROR,152.63,15629312.0,ao188cmtx.oct,10.0,OPEN,1.0,1.0,TRACK,93.12207,+20:32:46.71,ADI,55.937,-39.0,18:45:39.730,0.0,ON,0.0,0.01,IN,160.12304,80.12299,+20:32:47,1.0,ADI,163.025,-39.0,18:45:39.7,SYNC,0.0,ao188ttctrl.oct,0.001,0.0,0.9,1.414213562373095,2000.0,0.01,SCI,675-50,Unknown,675-50,Nasmyth-IR,-0.12,VMPA00010333,294912.0,4.5,21:19:34.922,21:19:40.397,21:19:29.446,140.4,VAMPIRES,20.546305555556,180.0,IR,965059.125,965059.125,15895.69575149615,9232.7509765625,9232.7509765625,25.79607940804672,4489.02001953125,4489.02001953125,9.897307174215488,59409.30526529514,59409.30532866898,59409.3052019213,0.0,500,1002,16.63701896667481,18.48557662963867,137726.296875,137726.296875,2495.518595543469,HD173667,Observation,IMAG_POL,NAOJ,"""[Summit] Vievard, Skaf [Hilo] Guyon, Lozi, Deo, Ahn""",4.8,622.5,277.95,10.8,-85.1012730269808,-85.09975579396979,-0.0103137458651616,-85.08944204810463,-78.6,-0.959811527735,0.28064538340584,-0.28064538340584,-0.959811527735,104909.4842003058,104909.4842003058,105095.7886095795,45426203.50319999,45426203.50319999,289961.5451768129,15.0,128.0,128.0,256,256,o21013,3.89376e-05,6.24,-5:14:20.444,ICRS,17.58157104787457,22.5,HWP(NIR),89,92327512.0,92327512.0,257960.8070077352,Subaru,NS_IR,UTC,5.0,53.89435958862305,1328.928306568268,541900.3125,2303.29052734375,1010.171264648438,67.54656279398644,56794.58984375,127618424.0,19348.07421875,130814440.0,0.0072900640633699,07:19:34.922,07:19:40.397,07:19:29.446,T,10000.0,501.0,100000.0,10000.0,1.0,5.0,675-50,A,0.0,1,22.5,3.0,1.0,EmptySlot,5.0,4.0,HD173667_02_20210714_675-50_EmptySlot_0,10,/data/20210714/,3.0,152.0,165.0,1295263616.0,1295263616.0,25888243.37296134,675.0838654091856,48.5,699.3999999999999,650.8999999999999,2,32.63258,182.0,182.0,541900.3125,39140017.614607625,"(0.042217575964406395, 0.0)",0.01996949286562462,-0.0887685831796663,0.0,0.0,0,0,105.0,90,90,94,4,108330729.15045166,81534740.04522705,1053.094482421875,26795989.10522461,22030.12735095043,3701.056228424819,0.00013186305002479525,,
HD173667_02_20210714_675-50_EmptySlot_010_cam1_FLC2_fix_coll.fits,True,-32,3,366,366,1,True,1.187,57.36742,OFF,82.56295,DARKS_256_10ms_em5_20210715_625-50_EmptySlot_00_cam1_fix_coll.fits,150,e-/s,-1.7333333333333e-06,1.7333333333333e-06,median,183.5,183.5,-78.58518333333335,20.54630555555556,RA---TAN,DEC--TAN,deg,deg,ACQUISITION,2021-07-14T07:19:43,2021-07-14,0.00015,20:32:46.7,-163.7012730269808,VCAM1 - Ultra 897,5.0,7.92,0.0718429257239067,0.0,5.0,3.0,12.4,8.1,SCEXAO,348.72,35708928.0,MIRROR,152.63,15629312.0,ao188cmtx.oct,10.0,OPEN,1.0,1.0,TRACK,93.12207,+20:32:46.71,ADI,55.937,-39.0,18:45:39.730,0.0,ON,0.0,0.01,IN,160.12304,80.12299,+20:32:47,1.0,ADI,163.025,-39.0,18:45:39.7,SYNC,0.0,ao188ttctrl.oct,0.001,0.0,0.9,1.414213562373095,2000.0,0.01,SCI,675-50,Unknown,675-50,Nasmyth-IR,-0.12,VMPA00010333,294912.0,4.5,21:19:34.922,21:19:40.397,21:19:29.446,140.4,VAMPIRES,20.546305555556,180.0,IR,912971.625,912971.625,15942.72445369043,8730.5673828125,8730.5673828125,24.07065762337247,4272.2998046875,4272.2998046875,10.55428179742652,59409.30526529514,59409.30532866898,59409.3052019213,0.0,500,1002,16.63701896667481,18.48557662963867,131012.015625,131012.015625,2498.778363391918,HD173667,Observation,IMAG_POL,NAOJ,"""[Summit] Vievard, Skaf [Hilo] Guyon, Lozi, Deo, Ahn""",4.8,622.5,277.95,10.8,-85.1012730269808,-85.09975579396979,-0.0103137458651616,-85.08944204810463,-78.6,-0.959811527735,0.28064538340584,-0.28064538340584,-0.959811527735,102496.9431680135,102496.9431680135,102674.1832659631,42910831.94760001,42910831.94760001,273011.9389673876,15.0,128.0,128.0,256,256,o21013,3.89376e-05,6.24,-5:14:20.444,ICRS,17.58157104787457,22.5,HWP(NIR),89,87305672.0,87305672.0,240706.5685909142,Subaru,NS_IR,UTC,5.0,53.69771575927734,1315.174871363924,510849.3125,2176.604736328125,963.1201171875,67.30010630265161,53309.82421875,121058408.0,19277.48046875,116034416.0,0.0064663987109964,07:19:34.922,07:19:40.397,07:19:29.446,T,10000.0,501.0,100000.0,10000.0,1.0,5.0,675-50,B,0.0,2,22.5,3.0,1.0,EmptySlot,5.0,4.0,HD173667_02_20210714_675-50_EmptySlot_0,10,/data/20210714/,3.0,152.0,165.0,1165174656.0,1165174656.0,24376395.23863944,675.0838654091856,48.5,699.3999999999999,650.8999999999999,2,32.63258,182.0,182.0,510849.3125,36911367.39866923,0,0.0,0.0,0.0,0.0,0,0,104.0,90,90,94,4,102586648.82122803,76990196.40423584,1005.9521484375,25596452.416992188,21288.586087740845,3616.5011657853165,0.0,,
HD173667_02_20210714_675-50_EmptySlot_010_cam2_FLC1_fix_coll.fits,True,-32,3,366,366,1,True,1.187,57.36742,OFF,82.56295,DARKS_256_10ms_em5_20210715_625-50_EmptySlot_00_cam2_fix_coll.fits,150,e-/s,-1.7333333333333e-06,1.7333333333333e-06,median,183.5,183.5,-78.58518333333335,20.54630555555556,RA---TAN,DEC--TAN,deg,deg,ACQUISITION,2021-07-14T07:19:44,2021-07-14,0.00015,20:32:46.7,-163.7012730269808,VCAM2 - Ultra 897,5.0,7.92,0.0718429257239067,0.0,5.0,3.0,12.4,8.1,SCEXAO,348.72,35708928.0,MIRROR,152.63,15629312.0,ao188cmtx.oct,10.0,OPEN,1.0,1.0,TRACK,93.12207,+20:32:46.71,ADI,55.937,-39.0,18:45:39.730,0.0,ON,0.0,0.01,IN,160.12304,80.12299,+20:32:47,1.0,ADI,163.025,-39.0,18:45:39.7,SYNC,0.0,ao188ttctrl.oct,0.001,0.0,0.9,1.414213562373095,2000.0,0.01,SCI,675-50,Unknown,675-50,Nasmyth-IR,-0.12,VMPA00010335,294912.0,4.5,21:19:34.922,21:19:40.397,21:19:29.446,140.4,VAMPIRES,20.546305555556,180.0,IR,1105680.375,1105680.375,18237.30753507642,10614.9384765625,10614.9384765625,30.46653537644135,5018.490234375,5018.490234375,11.00658809779589,59409.30526529514,59409.30532866898,59409.3052019213,0.0,500,1002,15.47297286987305,17.19219207763672,159018.046875,159018.046875,2851.40750629331,HD173667,Observation,IMAG_POL,NAOJ,"""[Summit] Vievard, Skaf [Hilo] Guyon, Lozi, Deo, Ahn""",4.8,622.5,277.95,10.8,-85.1012730269808,-85.09975579396979,-0.0103137458651616,-85.08944204810463,-78.6,-0.959811527735,0.28064538340584,-0.28064538340584,-0.959811527735,110322.6004500103,110322.6004500103,110538.9907152967,52617838.31280001,52617838.31280001,336733.0395771472,15.0,128.0,128.0,256,256,o21013,3.89376e-05,6.24,-5:14:20.444,ICRS,17.58157104787457,22.5,HWP(NIR),89,106149384.0,106149384.0,304665.3799683351,Subaru,NS_IR,UTC,5.0,50.63901901245117,1281.279042059847,616015.375,2637.982421875,1145.251220703125,63.46659842809345,66746.78125,143163312.0,18179.408203125,176076832.0,0.0098124594299775,07:19:34.922,07:19:40.397,07:19:29.446,T,10000.0,501.0,100000.0,10000.0,2.0,5.0,675-50,A,0.0,1,22.5,3.0,1.0,EmptySlot,5.0,4.0,HD173667_02_20210714_675-50_EmptySlot_0,10,/data/20210714/,3.0,152.0,165.0,1719863808.0,1719863808.0,34119818.5241697,675.0838654091856,48.5,699.3999999999999,650.8999999999999,2,32.63258,182.0,182.0,616015.375,45189488.03397733,0,0.0,0.0,0.0,0.0,0,0,107.0,90,90,94,4,123047967.39520264,93503567.30303955,1161.1082763671875,29544400.092163086,23915.623463946788,3909.727356428645,0.0,,
HD173667_02_20210714_675-50_EmptySlot_010_cam2_FLC2_fix_coll.fits,True,-32,3,366,366,1,True,1.187,57.36742,OFF,82.56295,DARKS_256_10ms_em5_20210715_625-50_EmptySlot_00_cam2_fix_coll.fits,150,e-/s,-1.7333333333333e-06,1.7333333333333e-06,median,183.5,183.5,-78.58518333333335,20.54630555555556,RA---TAN,DEC--TAN,deg,deg,ACQUISITION,2021-07-14T07:19:44,2021-07-14,0.00015,20:32:46.7,-163.7012730269808,VCAM2 - Ultra 897,5.0,7.92,0.0718429257239067,0.0,5.0,3.0,12.4,8.1,SCEXAO,348.72,35708928.0,MIRROR,152.63,15629312.0,ao188cmtx.oct,10.0,OPEN,1.0,1.0,TRACK,93.12207,+20:32:46.71,ADI,55.937,-39.0,18:45:39.730,0.0,ON,0.0,0.01,IN,160.12304,80.12299,+20:32:47,1.0,ADI,163.025,-39.0,18:45:39.7,SYNC,0.0,ao188ttctrl.oct,0.001,0.0,0.9,1.414213562373095,2000.0,0.01,SCI,675-50,Unknown,675-50,Nasmyth-IR,-0.12,VMPA00010335,294912.0,4.5,21:19:34.922,21:19:40.397,21:19:29.446,140.4,VAMPIRES,20.546305555556,180.0,IR,1134462.5,1134462.5,19610.778749236,10887.7841796875,10887.7841796875,31.04058141169046,5133.240234375,5133.240234375,10.8712359715541,59409.30526529514,59409.30532866898,59409.3052019213,0.0,500,1002,15.47297286987305,17.19219207763672,164186.6875,164186.6875,3058.778878291344,HD173667,Observation,IMAG_POL,NAOJ,"""[Summit] Vievard, Skaf [Hilo] Guyon, Lozi, Deo, Ahn""",4.8,622.5,277.95,10.8,-85.1012730269808,-85.09975579396979,-0.0103137458651616,-85.08944204810463,-78.6,-0.959811527735,0.28064538340584,-0.28064538340584,-0.959811527735,111598.353805649,111598.353805649,111816.8508259873,54038442.7296,54038442.7296,343915.1406063947,15.0,128.0,128.0,256,256,o21013,3.89376e-05,6.24,-5:14:20.444,ICRS,17.58157104787457,22.5,HWP(NIR),89,108877840.0,108877840.0,310405.7913194927,Subaru,NS_IR,UTC,5.0,50.75003433227539,1293.694836381532,640870.75,2709.262451171875,1176.782104492188,63.60573549788774,69063.1796875,146392288.0,18219.263671875,187110272.0,0.0104273340909045,07:19:34.922,07:19:40.397,07:19:29.446,T,10000.0,501.0,100000.0,10000.0,2.0,5.0,675-50,B,0.0,2,22.5,3.0,1.0,EmptySlot,5.0,4.0,HD173667_02_20210714_675-50_EmptySlot_0,10,/data/20210714/,3.0,152.0,165.0,1822520832.0,1822520832.0,37537669.53625984,675.0838654091856,48.5,699.3999999999999,650.8999999999999,2,32.63258,182.0,182.0,640870.75,46405648.15361355,0,0.0,0.0,0.0,0.0,0,0,106.0,90,90,94,4,126029735.45159912,95907121.65124512,1183.8323364257812,30122613.800354004,24410.47984059829,3928.9322568635944,0.0,,
HD173667_02_20210714_675-50_EmptySlot_011_cam1_FLC1_fix_coll.fits,True,-32,3,366,366,1,True,1.186,57.44655,OFF,82.57557,DARKS_256_10ms_em5_20210715_625-50_EmptySlot_00_cam1_fix_coll.fits,150,e-/s,-1.7333333333333e-06,1.7333333333333e-06,median,183.5,183.5,-78.58520000000001,20.54631388888889,RA---TAN,DEC--TAN,deg,deg,ACQUISITION,2021-07-14T07:20:03,2021-07-14,0.00015,20:32:46.73,-163.7203811609085,VCAM1 - Ultra 897,5.0,7.92,0.0718429257239067,0.0,5.0,3.0,12.4,8.1,SCEXAO,348.72,35708928.0,MIRROR,152.63,15629312.0,ao188cmtx.oct,10.0,OPEN,1.0,1.0,TRACK,93.16294,+20:32:46.71,ADI,55.918,-39.0,18:45:39.730,0.0,ON,0.0,0.01,IN,160.05899,80.06199,+20:32:47,1.0,ADI,163.025,-39.0,18:45:39.7,SYNC,0.0,ao188ttctrl.oct,0.001,0.0,0.9,1.414213562373095,2000.0,0.01,SCI,675-50,Unknown,675-50,Nasmyth-IR,-0.12,VMPA00010337,294912.0,4.5,21:19:55.194,21:20:00.680,21:19:49.708,140.4,VAMPIRES,20.546313888889,180.0,IR,1173606.625,1173606.625,15561.00808433641,9518.4462890625,9518.4462890625,13.34366605156321,4355.18994140625,4355.18994140625,9.663710813744984,59409.30549993055,59409.30556342593,59409.30543643518,0.0,500,1002,16.63701896667481,18.48557662963867,174730.6875,174730.6875,2303.231248981778,HD173667,Observation,IMAG_POL,NAOJ,"""[Summit] Vievard, Skaf [Hilo] Guyon, Lozi, Deo, Ahn""",4.9,622.5,277.95,10.8,-85.12038116090851,-85.1186202474599,-0.0103997717942832,-85.10822047566562,-78.6,-0.95990506955065,0.28032527080335,-0.28032527080335,-0.95990506955065,109021.7823056471,109021.7823056471,109071.0677300287,49683658.6332,49683658.6332,159471.8929846406,15.0,128.0,128.0,256,256,o21013,3.89376e-05,6.24,-5:14:20.448,ICRS,17.58157104787457,67.5,HWP(NIR),89,95184456.0,95184456.0,133436.6410155472,Subaru,NS_IR,UTC,5.0,53.90414810180664,1944.910247721404,810706.625,2318.31640625,944.5148315429688,67.55883087594275,83646.9453125,127896880.0,19351.58984375,193920080.0,0.0108068329946895,07:19:55.194,07:20:00.680,07:19:49.708,T,10000.0,501.0,100000.0,10000.0,1.0,5.0,675-50,A,0.0,1,67.5,3.0,1.0,EmptySlot,5.0,4.0,HD173667_02_20210714_675-50_EmptySlot_0,11,/data/20210714/,4.0,152.0,165.0,1670549376.0,1670549376.0,23212329.01784842,675.0838654091856,48.5,699.3999999999999,650.8999999999999,2,32.55345,182.0,183.0,810706.625,43889401.11432976,"(-0.004007217247029418, 0.0)",-0.002009123851539233,-0.08243802800257807,0.0,0.0,0,0,105.0,90,90,94,4,110380067.19891357,85553010.76489258,975.7145385742188,24827056.434020996,23477.865292034956,3643.9859289045794,0.00013308045905298987,,
HD173667_02_20210714_675-50_EmptySlot_011_cam1_FLC2_fix_coll.fits,True,-32,3,366,366,1,True,1.186,57.44655,OFF,82.57557,DARKS_256_10ms_em5_20210715_625-50_EmptySlot_00_cam1_fix_coll.fits,150,e-/s,-1.7333333333333e-06,1.7333333333333e-06,median,183.5,183.5,-78.58520000000001,20.54631388888889,RA---TAN,DEC--TAN,deg,deg,ACQUISITION,2021-07-14T07:20:03,2021-07-14,0.00015,20:32:46.73,-163.7203811609085,VCAM1 - Ultra 897,5.0,7.92,0.0718429257239067,0.0,5.0,3.0,12.4,8.1,SCEXAO,348.72,35708928.0,MIRROR,152.63,15629312.0,ao188cmtx.oct,10.0,OPEN,1.0,1.0,TRACK,93.16294,+20:32:46.71,ADI,55.918,-39.0,18:45:39.730,0.0,ON,0.0,0.01,IN,160.05899,80.06199,+20:32:47,1.0,ADI,163.025,-39.0,18:45:39.7,SYNC,0.0,ao188ttctrl.oct,0.001,0.0,0.9,1.414213562373095,2000.0,0.01,SCI,675-50,Unknown,675-50,Nasmyth-IR,-0.12,VMPA00010337,294912.0,4.5,21:19:55.194,21:20:00.680,21:19:49.708,140.4,VAMPIRES,20.546313888889,180.0,IR,1166697.5,1166697.5,14610.2417631009,9421.724609375,9421.724609375,13.741504361852,4317.47998046875,4317.47998046875,9.958702143678272,59409.30549993055,59409.30556342593,59409.30543643518,0.0,500,1002,16.63701896667481,18.48557662963867,173190.0,173190.0,2198.299217124521,HD173667,Observation,IMAG_POL,NAOJ,"""[Summit] Vievard, Skaf [Hilo] Guyon, Lozi, Deo, Ahn""",4.9,622.5,277.95,10.8,-85.12038116090851,-85.1186202474599,-0.0103997717942832,-85.10822047566562,-78.6,-0.95990506955065,0.28032527080335,-0.28032527080335,-0.95990506955065,108551.286436437,108551.286436437,108600.9940489253,49172159.5812,49172159.5812,159204.2896975841,15.0,128.0,128.0,256,256,o21013,3.89376e-05,6.24,-5:14:20.448,ICRS,17.58157104787457,67.5,HWP(NIR),89,94217248.0,94217248.0,137415.0419807749,Subaru,NS_IR,UTC,5.0,53.87540817260742,1910.579117610832,798241.125,2301.185791015625,942.4647216796876,67.52281071637192,81606.7578125,126956416.0,19341.271484375,187792320.0,0.010465343454506,07:19:55.194,07:20:00.680,07:19:49.708,T,10000.0,501.0,100000.0,10000.0,1.0,5.0,675-50,B,0.0,2,67.5,3.0,1.0,EmptySlot,5.0,4.0,HD173667_02_20210714_675-50_EmptySlot_0,11,/data/20210714/,4.0,152.0,165.0,1638393472.0,1638393472.0,21911411.1435839,675.0838654091856,48.5,699.3999999999999,650.8999999999999,2,32.55345,182.0,183.0,798241.125,43379493.850431874,0,0.0,0.0,0.0,0.0,0,0,104.0,90,90,94,4,109353139.80413818,84606391.82180786,972.5583801269531,24746747.982330322,23402.41075457748,3615.2853100939174,0.0,,
HD173667_02_20210714_675-50_EmptySlot_011_cam2_FLC1_fix_coll.fits,True,-32,3,366,366,1,True,1.186,57.44655,OFF,82.57557,DARKS_256_10ms_em5_20210715_625-50_EmptySlot_00_cam2_fix_coll.fits,150,e-/s,-1.7333333333333e-06,1.7333333333333e-06,median,183.5,183.5,-78.58520000000001,20.54631388888889,RA---TAN,DEC--TAN,deg,deg,ACQUISITION,2021-07-14T07:20:05,2021-07-14,0.00015,20:32:46.73,-163.7203811609085,VCAM2 - Ultra 897,5.0,7.92,0.0718429257239067,0.0,5.0,3.0,12.4,8.1,SCEXAO,348.72,35708928.0,MIRROR,152.63,15629312.0,ao188cmtx.oct,10.0,OPEN,1.0,1.0,TRACK,93.16294,+20:32:46.71,ADI,55.918,-39.0,18:45:39.730,0.0,ON,0.0,0.01,IN,160.05899,80.06199,+20:32:47,1.0,ADI,163.025,-39.0,18:45:39.7,SYNC,0.0,ao188ttctrl.oct,0.001,0.0,0.9,1.414213562373095,2000.0,0.01,SCI,675-50,Unknown,675-50,Nasmyth-IR,-0.12,VMPA00010339,294912.0,4.5,21:19:55.194,21:20:00.680,21:19:49.708,140.4,VAMPIRES,20.546313888889,180.0,IR,1397364.25,1397364.25,18469.82366617424,11316.181640625,11316.181640625,14.95008927722003,5016.10498046875,5016.10498046875,11.24730114312276,59409.30549993055,59409.30556342593,59409.30543643518,0.0,500,1002,15.47297286987305,17.19219207763672,209127.515625,209127.515625,2717.588445944538,HD173667,Observation,IMAG_POL,NAOJ,"""[Summit] Vievard, Skaf [Hilo] Guyon, Lozi, Deo, Ahn""",4.9,622.5,277.95,10.8,-85.12038116090851,-85.1186202474599,-0.0103997717942832,-85.10822047566562,-78.6,-0.95990506955065,0.28032527080335,-0.28032527080335,-0.95990506955065,116545.4806753157,116545.4806753157,116602.0460756716,59503662.6804,59503662.6804,188793.8350928449,15.0,128.0,128.0,256,256,o21013,3.89376e-05,6.24,-5:14:20.448,ICRS,17.58157104787457,67.5,HWP(NIR),89,113161824.0,113161824.0,149500.8999564422,Subaru,NS_IR,UTC,5.0,50.81488418579102,1869.541518445782,968420.6875,2772.967529296875,1127.077514648438,63.68701273610171,102020.8515625,148581152.0,18242.54296875,282900512.0,0.0157655596434167,07:19:55.194,07:20:00.680,07:19:49.708,T,10000.0,501.0,100000.0,10000.0,2.0,5.0,675-50,A,0.0,1,67.5,3.0,1.0,EmptySlot,5.0,4.0,HD173667_02_20210714_675-50_EmptySlot_0,11,/data/20210714/,4.0,152.0,165.0,2376747776.0,2376747776.0,32586893.39197733,675.0838654091856,48.5,699.3999999999999,650.8999999999999,2,32.55345,182.0,182.0,968420.6875,52256136.69454178,0,0.0,0.0,0.0,0.0,0,0,106.0,90,90,94,4,129731102.2164917,101213508.2006836,1120.7543334960938,28517594.015808105,25847.310973046984,3915.82351859452,0.0,,
HD173667_02_20210714_675-50_EmptySlot_011_cam2_FLC2_fix_coll.fits,True,-32,3,366,366,1,True,1.186,57.44655,OFF,82.57557,DARKS_256_10ms_em5_20210715_625-50_EmptySlot_00_cam2_fix_coll.fits,150,e-/s,-1.7333333333333e-06,1.7333333333333e-06,median,183.5,183.5,-78.58520000000001,20.54631388888889,RA---TAN,DEC--TAN,deg,deg,ACQUISITION,2021-07-14T07:20:05,2021-07-14,0.00015,20:32:46.73,-163.7203811609085,VCAM2 - Ultra 897,5.0,7.92,0.0718429257239067,0.0,5.0,3.0,12.4,8.1,SCEXAO,348.72,35708928.0,MIRROR,152.63,15629312.0,ao188cmtx.oct,10.0,OPEN,1.0,1.0,TRACK,93.16294,+20:32:46.71,ADI,55.918,-39.0,18:45:39.730,0.0,ON,0.0,0.01,IN,160.05899,80.06199,+20:32:47,1.0,ADI,163.025,-39.0,18:45:39.7,SYNC,0.0,ao188ttctrl.oct,0.001,0.0,0.9,1.414213562373095,2000.0,0.01,SCI,675-50,Unknown,675-50,Nasmyth-IR,-0.12,VMPA00010339,294912.0,4.5,21:19:55.194,21:20:00.680,21:19:49.708,140.4,VAMPIRES,20.546313888889,180.0,IR,1365877.375,1365877.375,17006.97961003897,11112.3349609375,11112.3349609375,14.58574967817864,4943.7001953125,4943.7001953125,11.15216180064748,59409.30549993055,59409.30556342593,59409.30543643518,0.0,500,1002,15.47297286987305,17.19219207763672,203790.984375,203790.984375,2556.236051694693,HD173667,Observation,IMAG_POL,NAOJ,"""[Summit] Vievard, Skaf [Hilo] Guyon, Lozi, Deo, Ahn""",4.9,622.5,277.95,10.8,-85.12038116090851,-85.1186202474599,-0.0103997717942832,-85.10822047566562,-78.6,-0.95990506955065,0.28032527080335,-0.28032527080335,-0.95990506955065,115537.9157177308,115537.9157177308,115594.681473896,58334121.82080001,58334121.82080001,186770.9969901581,15.0,128.0,128.0,256,256,o21013,3.89376e-05,6.24,-5:14:20.448,ICRS,17.58157104787457,67.5,HWP(NIR),89,111123352.0,111123352.0,145857.4843349236,Subaru,NS_IR,UTC,5.0,50.73787307739258,1822.791863500301,933348.5,2730.262451171875,1112.176879882812,63.59049362521562,98086.4921875,146284736.0,18214.896484375,267801872.0,0.014924138368596,07:19:55.194,07:20:00.680,07:19:49.708,T,10000.0,501.0,100000.0,10000.0,2.0,5.0,675-50,B,0.0,2,67.5,3.0,1.0,EmptySlot,5.0,4.0,HD173667_02_20210714_675-50_EmptySlot_0,11,/data/20210714/,4.0,152.0,165.0,2273541120.0,2273541120.0,30009855.45843331,675.0838654091856,48.5,699.3999999999999,650.8999999999999,2,32.55345,182.0,182.0,933348.5,51233751.07222439,0,0.0,0.0,0.006379845626605616,-0.010989308358581926,0,0,105.0,90,90,94,4,127562360.71496582,99521716.01647949,1102.010009765625,28040644.698486328,25870.80245786026,3846.8739490622975,0.0,,
HD173667_02_20210714_675-50_EmptySlot_012_cam1_FLC1_fix_coll.fits,True,-32,3,366,366,1,True,1.185,57.53035,OFF,82.58894,DARKS_256_10ms_em5_20210715_625-50_EmptySlot_00_cam1_fix_coll.fits,150,e-/s,-1.7333333333333e-06,1.7333333333333e-06,median,183.5,183.5,-78.58520833333337,20.54630833333334,RA---TAN,DEC--TAN,deg,deg,ACQUISITION,2021-07-14T07:20:25,2021-07-14,0.00015,20:32:46.71,-163.7406917064496,VCAM1 - Ultra 897,5.0,7.92,0.0718429257239067,0.0,5.0,3.0,12.4,8.1,SCEXAO,348.72,35708928.0,MIRROR,152.63,15629312.0,ao188cmtx.oct,10.0,OPEN,1.0,1.0,TRACK,93.20705,+20:32:46.71,ADI,55.898,-39.0,18:45:39.730,0.0,ON,0.0,0.01,IN,159.99799,79.99805,+20:32:47,1.0,ADI,163.025,-39.0,18:45:39.7,SYNC,0.0,ao188ttctrl.oct,0.001,0.0,0.9,1.414213562373095,2000.0,0.01,SCI,675-50,Unknown,675-50,Nasmyth-IR,-0.12,VMPA00010341,294912.0,4.5,21:20:16.761,21:20:22.225,21:20:11.297,140.4,VAMPIRES,20.546308333333,180.0,IR,1258436.5,1258436.5,14732.03759075035,9856.6318359375,9856.6318359375,14.91258900877657,4351.72509765625,4351.72509765625,9.704358282356967,59409.30574954861,59409.30581278935,59409.30568630787,0.0,500,1002,16.63701896667481,18.48557662963867,194838.78125,194838.78125,2277.138257305274,HD173667,Observation,IMAG_POL,NAOJ,"""[Summit] Vievard, Skaf [Hilo] Guyon, Lozi, Deo, Ahn""",4.8,622.5,277.95,10.8,-85.14069170644963,-85.1392583540876,-0.0103238166789054,-85.1289345374087,-78.6,-0.96000438059144,0.27998498039224,-0.27998498039224,-0.96000438059144,111899.8907940947,111899.8907940947,111960.560295484,52877138.24160001,52877138.24160001,182914.635271122,15.0,128.0,128.0,256,256,o21013,3.89376e-05,6.24,-5:14:20.45,ICRS,17.58157104787457,0.0,HWP(NIR),89,98566328.0,98566328.0,149125.9001762756,Subaru,NS_IR,UTC,5.0,53.9869384765625,2231.54163595126,913083.875,2357.366455078125,920.815185546875,67.66259322305791,97441.375,130612248.0,19381.310546875,229705024.0,0.0128010664620659,07:20:16.761,07:20:22.225,07:20:11.297,T,10000.0,501.0,100000.0,10000.0,1.0,5.0,675-50,A,0.0,1,0.0,4.0,1.0,EmptySlot,5.0,4.0,HD173667_02_20210714_675-50_EmptySlot_0,12,/data/20210714/,1.0,152.0,165.0,1928913536.0,1928913536.0,24060552.24678654,675.0838654091856,48.5,699.3999999999999,650.8999999999999,2,32.46965,182.0,183.0,913083.875,46965643.07001714,"(0.004258168483425667, 0.0)",0.0020240435543368157,-0.0833620839862896,0.0,0.0,0,0,105.0,90,90,94,4,113297595.96685791,89009442.70391846,954.535400390625,24288153.262939453,24172.155284738175,3682.3130438896887,0.00013059234050779247,,
HD173667_02_20210714_675-50_EmptySlot_012_cam1_FLC2_fix_coll.fits,True,-32,3,366,366,1,True,1.185,57.53035,OFF,82.58894,DARKS_256_10ms_em5_20210715_625-50_EmptySlot_00_cam1_fix_coll.fits,150,e-/s,-1.7333333333333e-06,1.7333333333333e-06,median,183.5,183.5,-78.58520833333337,20.54630833333334,RA---TAN,DEC--TAN,deg,deg,ACQUISITION,2021-07-14T07:20:25,2021-07-14,0.00015,20:32:46.71,-163.7406917064496,VCAM1 - Ultra 897,5.0,7.92,0.0718429257239067,0.0,5.0,3.0,12.4,8.1,SCEXAO,348.72,35708928.0,MIRROR,152.63,15629312.0,ao188cmtx.oct,10.0,OPEN,1.0,1.0,TRACK,93.20705,+20:32:46.71,ADI,55.898,-39.0,18:45:39.730,0.0,ON,0.0,0.01,IN,159.99799,79.99805,+20:32:47,1.0,ADI,163.025,-39.0,18:45:39.7,SYNC,0.0,ao188ttctrl.oct,0.001,0.0,0.9,1.414213562373095,2000.0,0.01,SCI,675-50,Unknown,675-50,Nasmyth-IR,-0.12,VMPA00010341,294912.0,4.5,21:20:16.761,21:20:22.225,21:20:11.297,140.4,VAMPIRES,20.546308333333,180.0,IR,1228876.875,1228876.875,14458.78868635738,9662.931640625,9662.931640625,14.93365177555926,4285.43994140625,4285.43994140625,9.45113286446069,59409.30574954861,59409.30581278935,59409.30568630787,0.0,500,1002,16.63701896667481,18.48557662963867,189538.265625,189538.265625,2244.935035187441,HD173667,Observation,IMAG_POL,NAOJ,"""[Summit] Vievard, Skaf [Hilo] Guyon, Lozi, Deo, Ahn""",4.8,622.5,277.95,10.8,-85.14069170644963,-85.1392583540876,-0.0103238166789054,-85.1289345374087,-78.6,-0.96000438059144,0.27998498039224,-0.27998498039224,-0.96000438059144,110921.4144964466,110921.4144964466,110982.1981043702,51786507.59280001,51786507.59280001,180708.1617372578,15.0,128.0,128.0,256,256,o21013,3.89376e-05,6.24,-5:14:20.45,ICRS,17.58157104787457,0.0,HWP(NIR),89,96629312.0,96629312.0,149336.5042387364,Subaru,NS_IR,UTC,5.0,53.91725540161133,2159.581277403922,867775.4375,2332.6572265625,919.2462158203124,67.57525844009,93431.3671875,128128192.0,19356.294921875,217943360.0,0.0121456091283661,07:20:16.761,07:20:22.225,07:20:11.297,T,10000.0,501.0,100000.0,10000.0,1.0,5.0,675-50,B,0.0,2,0.0,4.0,1.0,EmptySlot,5.0,4.0,HD173667_02_20210714_675-50_EmptySlot_0,12,/data/20210714/,1.0,152.0,165.0,1840227584.0,1840227584.0,23386729.44034185,675.0838654091856,48.5,699.3999999999999,650.8999999999999,2,32.46965,182.0,183.0,867775.4375,45949611.14882171,0,0.0,0.0,0.0,0.0,0,0,104.0,90,90,94,4,111145571.87359619,87106145.65991211,944.7603149414062,24039426.213684082,23735.962901755094,3669.7961662836638,0.0,,
HD173667_02_20210714_675-50_EmptySlot_012_cam2_FLC1_fix_coll.fits,True,-32,3,366,366,1,True,1.185,57.53035,OFF,82.58894,DARKS_256_10ms_em5_20210715_625-50_EmptySlot_00_cam2_fix_coll.fits,150,e-/s,-1.7333333333333e-06,1.7333333333333e-06,median,183.5,183.5,-78.58520833333337,20.54630833333334,RA---TAN,DEC--TAN,deg,deg,ACQUISITION,2021-07-14T07:20:26,2021-07-14,0.00015,20:32:46.71,-163.7406917064496,VCAM2 - Ultra 897,5.0,7.92,0.0718429257239067,0.0,5.0,3.0,12.4,8.1,SCEXAO,348.72,35708928.0,MIRROR,152.63,15629312.0,ao188cmtx.oct,10.0,OPEN,1.0,1.0,TRACK,93.20705,+20:32:46.71,ADI,55.898,-39.0,18:45:39.730,0.0,ON,0.0,0.01,IN,159.99799,79.99805,+20:32:47,1.0,ADI,163.025,-39.0,18:45:39.7,SYNC,0.0,ao188ttctrl.oct,0.001,0.0,0.9,1.414213562373095,2000.0,0.01,SCI,675-50,Unknown,675-50,Nasmyth-IR,-0.12,VMPA00010343,294912.0,4.5,21:20:16.761,21:20:22.225,21:20:11.297,140.4,VAMPIRES,20.546308333333,180.0,IR,1481256.375,1481256.375,17471.44167490036,11638.9228515625,11638.9228515625,16.90280824527118,4978.259765625,4978.259765625,10.46900441003267,59409.30574954861,59409.30581278935,59409.30568630787,0.0,500,1002,15.47297286987305,17.19219207763672,230354.515625,230354.515625,2671.762853137841,HD173667,Observation,IMAG_POL,NAOJ,"""[Summit] Vievard, Skaf [Hilo] Guyon, Lozi, Deo, Ahn""",4.8,622.5,277.95,10.8,-85.14069170644963,-85.1392583540876,-0.0103238166789054,-85.1289345374087,-78.6,-0.96000438059144,0.27998498039224,-0.27998498039224,-0.96000438059144,119382.7650252105,119382.7650252105,119452.0904588956,62867931.7536,62867931.7536,215363.6898104096,15.0,128.0,128.0,256,256,o21013,3.89376e-05,6.24,-5:14:20.45,ICRS,17.58157104787457,0.0,HWP(NIR),89,116389232.0,116389232.0,169028.1014723916,Subaru,NS_IR,UTC,5.0,50.88152313232422,2143.058917994582,1049278.125,2801.14892578125,1085.015502929688,63.77053226988759,117980.4921875,150724224.0,18266.466796875,330480928.0,0.0184171345062667,07:20:16.761,07:20:22.225,07:20:11.297,T,10000.0,501.0,100000.0,10000.0,2.0,5.0,675-50,A,0.0,1,0.0,4.0,1.0,EmptySlot,5.0,4.0,HD173667_02_20210714_675-50_EmptySlot_0,12,/data/20210714/,1.0,152.0,165.0,2692403968.0,2692403968.0,33219864.48867115,675.0838654091856,48.5,699.3999999999999,650.8999999999999,2,32.46965,182.0,183.0,1049278.125,55735468.81599794,0,0.0,0.0,0.0,0.0,0,0,106.0,90,90,94,4,132370322.8894043,104637093.05175781,1089.928466796875,27733229.837646484,26338.668191552777,3972.755656845116,0.0,,
HD173667_02_20210714_675-50_EmptySlot_012_cam2_FLC2_fix_coll.fits,True,-32,3,366,366,1,True,1.185,57.53035,OFF,82.58894,DARKS_256_10ms_em5_20210715_625-50_EmptySlot_00_cam2_fix_coll.fits,150,e-/s,-1.7333333333333e-06,1.7333333333333e-06,median,183.5,183.5,-78.58520833333337,20.54630833333334,RA---TAN,DEC--TAN,deg,deg,ACQUISITION,2021-07-14T07:20:26,2021-07-14,0.00015,20:32:46.71,-163.7406917064496,VCAM2 - Ultra 897,5.0,7.92,0.0718429257239067,0.0,5.0,3.0,12.4,8.1,SCEXAO,348.72,35708928.0,MIRROR,152.63,15629312.0,ao188cmtx.oct,10.0,OPEN,1.0,1.0,TRACK,93.20705,+20:32:46.71,ADI,55.898,-39.0,18:45:39.730,0.0,ON,0.0,0.01,IN,159.99799,79.99805,+20:32:47,1.0,ADI,163.025,-39.0,18:45:39.7,SYNC,0.0,ao188ttctrl.oct,0.001,0.0,0.9,1.414213562373095,2000.0,0.01,SCI,675-50,Unknown,675-50,Nasmyth-IR,-0.12,VMPA00010343,294912.0,4.5,21:20:16.761,21:20:22.225,21:20:11.297,140.4,VAMPIRES,20.546308333333,180.0,IR,1461539.625,1461539.625,16951.10306636622,11517.1240234375,11517.1240234375,16.47339284465317,4949.009765625,4949.009765625,10.87696466743762,59409.30574954861,59409.30581278935,59409.30568630787,0.0,500,1002,15.47297286987305,17.19219207763672,226871.125,226871.125,2677.143741094321,HD173667,Observation,IMAG_POL,NAOJ,"""[Summit] Vievard, Skaf [Hilo] Guyon, Lozi, Deo, Ahn""",4.8,622.5,277.95,10.8,-85.14069170644963,-85.1392583540876,-0.0103238166789054,-85.1289345374087,-78.6,-0.96000438059144,0.27998498039224,-0.27998498039224,-0.96000438059144,118735.3885053478,118735.3885053478,118804.9082417657,62096736.1176,62096736.1176,213936.1549709421,15.0,128.0,128.0,256,256,o21013,3.89376e-05,6.24,-5:14:20.45,ICRS,17.58157104787457,0.0,HWP(NIR),89,115171248.0,115171248.0,164733.9341677213,Subaru,NS_IR,UTC,5.0,50.83412551879883,2084.274839293328,1006296.625,2795.3017578125,1090.110595703125,63.7111281707812,114611.53125,149132144.0,18249.451171875,320373824.0,0.0178538829596091,07:20:16.761,07:20:22.225,07:20:11.297,T,10000.0,501.0,100000.0,10000.0,2.0,5.0,675-50,B,0.0,2,0.0,4.0,1.0,EmptySlot,5.0,4.0,HD173667_02_20210714_675-50_EmptySlot_0,12,/data/20210714/,1.0,152.0,165.0,2624370432.0,2624370432.0,32976892.2689234,675.0838654091856,48.5,699.3999999999999,650.8999999999999,2,32.46965,182.0,183.0,1006296.625,54999707.43910883,0,0.0,0.0,0.0,0.0,0,0,105.0,90,90,94,4,131056790.21081543,103511563.57598877,1082.5398559570312,27545226.63482666,26015.787586196006,3978.7979984473764,0.0,,
HD173667_02_20210714_675-50_EmptySlot_013_cam1_FLC1_fix_coll.fits,True,-32,3,366,366,1,True,1.184,57.60984,OFF,82.60154,DARKS_256_10ms_em5_20210715_625-50_EmptySlot_00_cam1_fix_coll.fits,150,e-/s,-1.7333333333333e-06,1.7333333333333e-06,median,183.5,183.5,-78.58518750000003,20.54633055555556,RA---TAN,DEC--TAN,deg,deg,ACQUISITION,2021-07-14T07:20:45,2021-07-14,0.00015,20:32:46.79,-163.7598323095653,VCAM1 - Ultra 897,5.0,7.92,0.0718429257239067,0.0,5.0,3.0,12.4,8.1,SCEXAO,348.72,35708928.0,MIRROR,152.63,15629312.0,ao188cmtx.oct,10.0,OPEN,1.0,1.0,TRACK,93.24827,+20:32:46.71,ADI,55.878,-39.0,18:45:39.730,0.0,ON,0.0,0.01,IN,159.93604,79.93904,+20:32:47,1.0,ADI,163.025,-39.0,18:45:39.7,SYNC,0.0,ao188ttctrl.oct,0.001,0.0,0.9,1.414213562373095,2000.0,0.01,SCI,675-50,Unknown,675-50,Nasmyth-IR,-0.12,VMPA00010345,294912.0,4.5,21:20:37.157,21:20:42.619,21:20:31.694,140.4,VAMPIRES,20.546330555556,180.0,IR,1052879.0,1052879.0,15158.00714292157,9536.169921875,9536.169921875,17.7110450059836,4472.865234375,4472.865234375,10.82804931564223,59409.30598560764,59409.30604883102,59409.30592238426,0.0,500,1002,16.63701896667481,18.48557662963867,153101.1875,153101.1875,2359.77232410659,HD173667,Observation,IMAG_POL,NAOJ,"""[Summit] Vievard, Skaf [Hilo] Guyon, Lozi, Deo, Ahn""",4.9,622.5,277.95,10.9,-85.15983230956532,-85.15815504868769,-0.0104101040728465,-85.14774494461484,-78.6,-0.96009786063634,0.27966425942819,-0.27966425942819,-0.96009786063634,107965.7466381109,107965.7466381109,108077.5474167082,48604948.10639999,48604948.10639999,236960.7197946284,15.0,128.0,128.0,256,256,o21013,3.89376e-05,6.24,-5:14:20.445,ICRS,17.58157104787457,45.0,HWP(NIR),89,95361696.0,95361696.0,177110.4586197837,Subaru,NS_IR,UTC,5.0,53.94137573242188,1591.773670039081,659286.375,2334.155517578125,970.3955688476562,67.60548879169157,68879.359375,129258536.0,19364.953125,160775136.0,0.0089597221930317,07:20:37.157,07:20:42.619,07:20:31.694,T,10000.0,501.0,100000.0,10000.0,1.0,5.0,675-50,A,0.0,1,45.0,4.0,1.0,EmptySlot,5.0,4.0,HD173667_02_20210714_675-50_EmptySlot_0,13,/data/20210714/,2.0,152.0,165.0,1472255360.0,1472255360.0,24381200.81705125,675.0838654091856,48.5,699.3999999999999,650.8999999999999,2,32.39016,182.0,183.0,659286.375,42598077.94872995,"(0.03154574284556985, 0.0)",0.014951630302282875,-0.08621559744118645,0.0,0.0,0,0,104.0,90,90,94,4,111023228.07458496,85323632.08886719,1010.0057373046875,25699595.985717773,23719.9575629371,3597.12414587904,0.00013207840057512154,,
HD173667_02_20210714_675-50_EmptySlot_013_cam1_FLC2_fix_coll.fits,True,-32,3,366,366,1,True,1.184,57.60984,OFF,82.60154,DARKS_256_10ms_em5_20210715_625-50_EmptySlot_00_cam1_fix_coll.fits,150,e-/s,-1.7333333333333e-06,1.7333333333333e-06,median,183.5,183.5,-78.58518750000003,20.54633055555556,RA---TAN,DEC--TAN,deg,deg,ACQUISITION,2021-07-14T07:20:45,2021-07-14,0.00015,20:32:46.79,-163.7598323095653,VCAM1 - Ultra 897,5.0,7.92,0.0718429257239067,0.0,5.0,3.0,12.4,8.1,SCEXAO,348.72,35708928.0,MIRROR,152.63,15629312.0,ao188cmtx.oct,10.0,OPEN,1.0,1.0,TRACK,93.24827,+20:32:46.71,ADI,55.878,-39.0,18:45:39.730,0.0,ON,0.0,0.01,IN,159.93604,79.93904,+20:32:47,1.0,ADI,163.025,-39.0,18:45:39.7,SYNC,0.0,ao188ttctrl.oct,0.001,0.0,0.9,1.414213562373095,2000.0,0.01,SCI,675-50,Unknown,675-50,Nasmyth-IR,-0.12,VMPA00010345,294912.0,4.5,21:20:37.157,21:20:42.619,21:20:31.694,140.4,VAMPIRES,20.546330555556,180.0,IR,990968.8125,990968.8125,14107.25224698719,9091.28125,9091.28125,17.21399346228152,4290.83984375,4290.83984375,10.3297872053532,59409.30598560764,59409.30604883102,59409.30592238426,0.0,500,1002,16.63701896667481,18.48557662963867,144065.96875,144065.96875,2173.352210286486,HD173667,Observation,IMAG_POL,NAOJ,"""[Summit] Vievard, Skaf [Hilo] Guyon, Lozi, Deo, Ahn""",4.9,622.5,277.95,10.9,-85.15983230956532,-85.15815504868769,-0.0104101040728465,-85.14774494461484,-78.6,-0.96009786063634,0.27966425942819,-0.27966425942819,-0.96009786063634,105804.8886871226,105804.8886871226,105912.2659994459,46288535.616,46288535.616,225306.7355011789,15.0,128.0,128.0,256,256,o21013,3.89376e-05,6.24,-5:14:20.445,ICRS,17.58157104787457,45.0,HWP(NIR),89,90912816.0,90912816.0,172139.9366536191,Subaru,NS_IR,UTC,5.0,53.77613067626953,1562.829681667252,627554.1875,2245.123046875,941.4641723632812,67.39838482669435,65247.25390625,123863440.0,19305.630859375,146488112.0,0.0081635308839155,07:20:37.157,07:20:42.619,07:20:31.694,T,10000.0,501.0,100000.0,10000.0,1.0,5.0,675-50,B,0.0,2,45.0,4.0,1.0,EmptySlot,5.0,4.0,HD173667_02_20210714_675-50_EmptySlot_0,13,/data/20210714/,2.0,152.0,165.0,1320732800.0,1320732800.0,21459985.86932696,675.0838654091856,48.5,699.3999999999999,650.8999999999999,2,32.39016,182.0,183.0,627554.1875,40641959.45967576,0,0.0,0.0,0.0,0.0,0,0,104.0,90,90,94,4,106251279.16204834,81483553.49798584,973.3828125,24767725.6640625,22768.47467908294,3578.7884189204633,0.0,,
HD173667_02_20210714_675-50_EmptySlot_013_cam2_FLC1_fix_coll.fits,True,-32,3,366,366,1,True,1.184,57.60984,OFF,82.60154,DARKS_256_10ms_em5_20210715_625-50_EmptySlot_00_cam2_fix_coll.fits,150,e-/s,-1.7333333333333e-06,1.7333333333333e-06,median,183.5,183.5,-78.58518750000003,20.54633055555556,RA---TAN,DEC--TAN,deg,deg,ACQUISITION,2021-07-14T07:20:47,2021-07-14,0.00015,20:32:46.79,-163.7598323095653,VCAM2 - Ultra 897,5.0,7.92,0.0718429257239067,0.0,5.0,3.0,12.4,8.1,SCEXAO,348.72,35708928.0,MIRROR,152.63,15629312.0,ao188cmtx.oct,10.0,OPEN,1.0,1.0,TRACK,93.24827,+20:32:46.71,ADI,55.878,-39.0,18:45:39.730,0.0,ON,0.0,0.01,IN,159.93604,79.93904,+20:32:47,1.0,ADI,163.025,-39.0,18:45:39.7,SYNC,0.0,ao188ttctrl.oct,0.001,0.0,0.9,1.414213562373095,2000.0,0.01,SCI,675-50,Unknown,675-50,Nasmyth-IR,-0.12,VMPA00010347,294912.0,4.5,21:20:37.157,21:20:42.619,21:20:31.694,140.4,VAMPIRES,20.546330555556,180.0,IR,1216744.125,1216744.125,17504.61514088906,11004.2978515625,11004.2978515625,20.99961396681604,5021.68505859375,5021.68505859375,11.55032288319986,59409.30598560764,59409.30604883102,59409.30592238426,0.0,500,1002,15.47297286987305,17.19219207763672,177357.34375,177357.34375,2703.803960327306,HD173667,Observation,IMAG_POL,NAOJ,"""[Summit] Vievard, Skaf [Hilo] Guyon, Lozi, Deo, Ahn""",4.9,622.5,277.95,10.9,-85.15983230956532,-85.15815504868769,-0.0104101040728465,-85.14774494461484,-78.6,-0.96009786063634,0.27966425942819,-0.27966425942819,-0.96009786063634,113833.893749268,113833.893749268,113961.9601848825,56460340.20960001,56460340.20960001,274590.6818101421,15.0,128.0,128.0,256,256,o21013,3.89376e-05,6.24,-5:14:20.445,ICRS,17.58157104787457,45.0,HWP(NIR),89,110042984.0,110042984.0,209996.1426597748,Subaru,NS_IR,UTC,5.0,50.72641372680664,1528.332727033674,751127.1875,2716.076171875,1126.442504882812,63.57613145912181,81832.4765625,146138480.0,18210.783203125,222263248.0,0.0123863490670654,07:20:37.157,07:20:42.619,07:20:31.694,T,10000.0,501.0,100000.0,10000.0,2.0,5.0,675-50,A,0.0,1,45.0,4.0,1.0,EmptySlot,5.0,4.0,HD173667_02_20210714_675-50_EmptySlot_0,13,/data/20210714/,2.0,152.0,165.0,1968626432.0,1968626432.0,32324873.45077003,675.0838654091856,48.5,699.3999999999999,650.8999999999999,2,32.39016,182.0,182.0,751127.1875,49357415.01780298,0,0.0,0.0,0.0,0.0,0,0,105.0,90,90,94,4,126994324.84802246,98332545.08728027,1126.4208984375,28661779.760742188,24858.213457953403,3955.736612110341,0.0,,
HD173667_02_20210714_675-50_EmptySlot_013_cam2_FLC2_fix_coll.fits,True,-32,3,366,366,1,True,1.184,57.60984,OFF,82.60154,DARKS_256_10ms_em5_20210715_625-50_EmptySlot_00_cam2_fix_coll.fits,150,e-/s,-1.7333333333333e-06,1.7333333333333e-06,median,183.5,183.5,-78.58518750000003,20.54633055555556,RA---TAN,DEC--TAN,deg,deg,ACQUISITION,2021-07-14T07:20:47,2021-07-14,0.00015,20:32:46.79,-163.7598323095653,VCAM2 - Ultra 897,5.0,7.92,0.0718429257239067,0.0,5.0,3.0,12.4,8.1,SCEXAO,348.72,35708928.0,MIRROR,152.63,15629312.0,ao188cmtx.oct,10.0,OPEN,1.0,1.0,TRACK,93.24827,+20:32:46.71,ADI,55.878,-39.0,18:45:39.730,0.0,ON,0.0,0.01,IN,159.93604,79.93904,+20:32:47,1.0,ADI,163.025,-39.0,18:45:39.7,SYNC,0.0,ao188ttctrl.oct,0.001,0.0,0.9,1.414213562373095,2000.0,0.01,SCI,675-50,Unknown,675-50,Nasmyth-IR,-0.12,VMPA00010347,294912.0,4.5,21:20:37.157,21:20:42.619,21:20:31.694,140.4,VAMPIRES,20.546330555556,180.0,IR,1206680.5,1206680.5,17043.67628063471,11215.869140625,11215.869140625,21.03015381858149,5117.93994140625,5117.93994140625,11.73874409224871,59409.30598560764,59409.30604883102,59409.30592238426,0.0,500,1002,15.47297286987305,17.19219207763672,177314.65625,177314.65625,2645.399786375929,HD173667,Observation,IMAG_POL,NAOJ,"""[Summit] Vievard, Skaf [Hilo] Guyon, Lozi, Deo, Ahn""",4.9,622.5,277.95,10.9,-85.15983230956532,-85.15815504868769,-0.0104101040728465,-85.14774494461484,-78.6,-0.96009786063634,0.27966425942819,-0.27966425942819,-0.96009786063634,114751.1813136476,114751.1813136476,114881.0295018722,57512043.15839999,57512043.15839999,279847.1860174913,15.0,128.0,128.0,256,256,o21013,3.89376e-05,6.24,-5:14:20.445,ICRS,17.58157104787457,45.0,HWP(NIR),89,112158688.0,112158688.0,210301.522463462,Subaru,NS_IR,UTC,5.0,50.82081985473633,1502.249085391086,746137.5625,2771.431640625,1154.064208984375,63.6944519939053,81922.734375,149127968.0,18244.67578125,227043248.0,0.0126527302572682,07:20:37.157,07:20:42.619,07:20:31.694,T,10000.0,501.0,100000.0,10000.0,2.0,5.0,675-50,B,0.0,2,45.0,4.0,1.0,EmptySlot,5.0,4.0,HD173667_02_20210714_675-50_EmptySlot_0,13,/data/20210714/,2.0,152.0,165.0,2005733888.0,2005733888.0,32303722.03655727,675.0838654091856,48.5,699.3999999999999,650.8999999999999,2,32.39016,182.0,182.0,746137.5625,50183375.05207463,0,0.0,0.0,0.0,0.0,0,0,105.0,90,90,94,4,129427991.80932617,99951170.68017578,1158.452392578125,29476821.12915039,25046.79413902198,3990.5774018582106,0.0,,
HD173667_02_20210714_675-50_EmptySlot_014_cam1_FLC1_fix_coll.fits,True,-32,3,366,366,1,True,1.183,57.68626,OFF,82.61369,DARKS_256_10ms_em5_20210715_625-50_EmptySlot_00_cam1_fix_coll.fits,150,e-/s,-1.7333333333333e-06,1.7333333333333e-06,median,183.5,183.5,-78.58521250000005,20.54631944444445,RA---TAN,DEC--TAN,deg,deg,ACQUISITION,2021-07-14T07:21:05,2021-07-14,0.00015,20:32:46.75,-163.7782993238782,VCAM1 - Ultra 897,5.0,7.92,0.0718429257239067,0.0,5.0,3.0,12.4,8.1,SCEXAO,348.72,35708928.0,MIRROR,152.63,15629312.0,ao188cmtx.oct,10.0,OPEN,1.0,1.0,TRACK,93.27139,+20:32:46.71,ADI,55.86,-39.0,18:45:39.730,0.0,ON,0.0,0.01,IN,159.87799,79.88004,+20:32:47,1.0,ADI,163.025,-39.0,18:45:39.7,SYNC,0.0,ao188ttctrl.oct,0.001,0.0,0.9,1.414213562373095,2000.0,0.01,SCI,675-50,Unknown,675-50,Nasmyth-IR,-0.12,VMPA00010349,294912.0,4.5,21:20:56.712,21:21:02.192,21:20:51.231,140.4,VAMPIRES,20.546319444444,180.0,IR,1363122.375,1363122.375,19721.35650335082,10174.373046875,10174.373046875,19.70684076454612,4337.59521484375,4337.59521484375,10.76880866338066,59409.30621193866,59409.30627537037,59409.30614850694,0.0,500,1002,16.63701896667481,18.48557662963867,222172.15625,222172.15625,3593.475838326009,HD173667,Observation,IMAG_POL,NAOJ,"""[Summit] Vievard, Skaf [Hilo] Guyon, Lozi, Deo, Ahn""",4.6,622.5,277.95,11.1,-85.17829932387816,-85.17693702067362,-0.0103337185914824,-85.16660330208214,-78.6,-0.96018794940961,0.2793547955711,-0.2793547955711,-0.96018794940961,114768.738500262,114768.738500262,114882.3237369429,56191041.936,56191041.936,259644.3320470681,15.0,128.0,128.0,256,256,o21013,3.89376e-05,6.24,-5:14:20.451,ICRS,17.58157104787457,22.5,HWP(NIR),89,101743728.0,101743728.0,197068.4050905789,Subaru,NS_IR,UTC,5.0,54.08869552612305,2407.574852572725,901522.5,2345.249267578125,898.2919921875,67.79012677184366,104390.8203125,134223312.0,19417.841796875,244822496.0,0.0136435372119021,07:20:56.712,07:21:02.192,07:20:51.231,T,10000.0,501.0,100000.0,10000.0,1.0,5.0,675-50,A,0.0,1,22.5,4.0,1.0,EmptySlot,5.0,4.0,HD173667_02_20210714_675-50_EmptySlot_0,14,/data/20210714/,3.0,152.0,165.0,2283966976.0,2283966976.0,39869774.66565342,675.0838654091856,48.5,699.3999999999999,650.8999999999999,2,32.31374,182.0,183.0,901522.5,49530045.03563474,"(0.04046905233556283, 0.0)",0.019727962775671737,-0.089010382597567,0.0,0.0,0,0,106.0,90,90,94,4,115933341.27722168,91448236.97409058,962.2756652832031,24485104.303131104,23914.223121694406,3824.010360224955,0.00012683958945738008,,
HD173667_02_20210714_675-50_EmptySlot_014_cam1_FLC2_fix_coll.fits,True,-32,3,366,366,1,True,1.183,57.68626,OFF,82.61369,DARKS_256_10ms_em5_20210715_625-50_EmptySlot_00_cam1_fix_coll.fits,150,e-/s,-1.7333333333333e-06,1.7333333333333e-06,median,183.5,183.5,-78.58521250000005,20.54631944444445,RA---TAN,DEC--TAN,deg,deg,ACQUISITION,2021-07-14T07:21:05,2021-07-14,0.00015,20:32:46.75,-163.7782993238782,VCAM1 - Ultra 897,5.0,7.92,0.0718429257239067,0.0,5.0,3.0,12.4,8.1,SCEXAO,348.72,35708928.0,MIRROR,152.63,15629312.0,ao188cmtx.oct,10.0,OPEN,1.0,1.0,TRACK,93.27139,+20:32:46.71,ADI,55.86,-39.0,18:45:39.730,0.0,ON,0.0,0.01,IN,159.87799,79.88004,+20:32:47,1.0,ADI,163.025,-39.0,18:45:39.7,SYNC,0.0,ao188ttctrl.oct,0.001,0.0,0.9,1.414213562373095,2000.0,0.01,SCI,675-50,Unknown,675-50,Nasmyth-IR,-0.12,VMPA00010349,294912.0,4.5,21:20:56.712,21:21:02.192,21:20:51.231,140.4,VAMPIRES,20.546319444444,180.0,IR,1295891.875,1295891.875,18170.99414411869,9601.47265625,9601.47265625,18.78264346197809,4115.7451171875,4115.7451171875,10.49907272768787,59409.30621193866,59409.30627537037,59409.30614850694,0.0,500,1002,16.63701896667481,18.48557662963867,210258.109375,210258.109375,3320.602872861766,HD173667,Observation,IMAG_POL,NAOJ,"""[Summit] Vievard, Skaf [Hilo] Guyon, Lozi, Deo, Ahn""",4.6,622.5,277.95,11.1,-85.17829932387816,-85.17693702067362,-0.0103337185914824,-85.16660330208214,-78.6,-0.96018794940961,0.2793547955711,-0.2793547955711,-0.96018794940961,111941.9338838037,111941.9338838037,112051.43392171,52978780.602,52978780.602,245572.4562706647,15.0,128.0,128.0,256,256,o21013,3.89376e-05,6.24,-5:14:20.451,ICRS,17.58157104787457,22.5,HWP(NIR),89,96014728.0,96014728.0,187826.4230900554,Subaru,NS_IR,UTC,5.0,53.86848449707031,2418.115504660193,873734.3125,2230.041259765625,852.6014404296875,67.51413317593907,100104.8671875,126572688.0,19338.78515625,223237984.0,0.0124406694302063,07:20:56.712,07:21:02.192,07:20:51.231,T,10000.0,501.0,100000.0,10000.0,1.0,5.0,675-50,B,0.0,2,22.5,4.0,1.0,EmptySlot,5.0,4.0,HD173667_02_20210714_675-50_EmptySlot_0,14,/data/20210714/,3.0,152.0,165.0,2039255168.0,2039255168.0,34787089.83032575,675.0838654091856,48.5,699.3999999999999,650.8999999999999,2,32.31374,182.0,183.0,873734.3125,46778902.374942586,0,0.0,0.0,0.0,0.0,0,0,105.0,90,90,94,4,109554601.29492188,86462364.58502197,907.5353393554688,23092236.709899902,23723.58627244547,3644.573952355867,0.0,,
HD173667_02_20210714_675-50_EmptySlot_014_cam2_FLC1_fix_coll.fits,True,-32,3,366,366,1,True,1.183,57.68626,OFF,82.61369,DARKS_256_10ms_em5_20210715_625-50_EmptySlot_00_cam2_fix_coll.fits,150,e-/s,-1.7333333333333e-06,1.7333333333333e-06,median,183.5,183.5,-78.58521250000005,20.54631944444445,RA---TAN,DEC--TAN,deg,deg,ACQUISITION,2021-07-14T07:21:06,2021-07-14,0.00015,20:32:46.75,-163.7782993238782,VCAM2 - Ultra 897,5.0,7.92,0.0718429257239067,0.0,5.0,3.0,12.4,8.1,SCEXAO,348.72,35708928.0,MIRROR,152.63,15629312.0,ao188cmtx.oct,10.0,OPEN,1.0,1.0,TRACK,93.27139,+20:32:46.71,ADI,55.86,-39.0,18:45:39.730,0.0,ON,0.0,0.01,IN,159.87799,79.88004,+20:32:47,1.0,ADI,163.025,-39.0,18:45:39.7,SYNC,0.0,ao188ttctrl.oct,0.001,0.0,0.9,1.414213562373095,2000.0,0.01,SCI,675-50,Unknown,675-50,Nasmyth-IR,-0.12,VMPA00010351,294912.0,4.5,21:20:56.712,21:21:02.192,21:20:51.231,140.4,VAMPIRES,20.546319444444,180.0,IR,1566796.25,1566796.25,22852.78243514616,11704.98046875,11704.98046875,21.43338849897711,4843.89013671875,4843.89013671875,12.58489192246735,59409.30621193866,59409.30627537037,59409.30614850694,0.0,500,1002,15.47297286987305,17.19219207763672,256117.4375,256117.4375,4128.591711720834,HD173667,Observation,IMAG_POL,NAOJ,"""[Summit] Vievard, Skaf [Hilo] Guyon, Lozi, Deo, Ahn""",4.6,622.5,277.95,11.1,-85.17829932387816,-85.17693702067362,-0.0103337185914824,-85.16660330208214,-78.6,-0.96018794940961,0.2793547955711,-0.2793547955711,-0.96018794940961,121138.4549668479,121138.4549668479,121265.8904386144,65051038.458,65051038.458,298145.9566619521,15.0,128.0,128.0,256,256,o21013,3.89376e-05,6.24,-5:14:20.451,ICRS,17.58157104787457,22.5,HWP(NIR),89,117049784.0,117049784.0,214333.8909293266,Subaru,NS_IR,UTC,5.0,50.87432479858398,2330.64974372476,1048556.0625,2716.92431640625,1024.08349609375,63.76151049644584,124467.484375,150528480.0,18263.880859375,338168736.0,0.0188455628420597,07:20:56.712,07:21:02.192,07:20:51.231,T,10000.0,501.0,100000.0,10000.0,2.0,5.0,675-50,A,0.0,1,22.5,4.0,1.0,EmptySlot,5.0,4.0,HD173667_02_20210714_675-50_EmptySlot_0,14,/data/20210714/,3.0,152.0,165.0,3027373568.0,3027373568.0,52437801.88252842,675.0838654091856,48.5,699.3999999999999,650.8999999999999,2,32.31374,182.0,182.0,1048556.0625,57195603.62944953,0,0.0,0.0,0.0,0.0,0,0,107.0,90,90,94,4,131979927.51068115,104978662.29675293,1061.1619262695312,27001265.213928223,25210.782103436453,4164.03830178848,0.0,,
HD173667_02_20210714_675-50_EmptySlot_014_cam2_FLC2_fix_coll.fits,True,-32,3,366,366,1,True,1.183,57.68626,OFF,82.61369,DARKS_256_10ms_em5_20210715_625-50_EmptySlot_00_cam2_fix_coll.fits,150,e-/s,-1.7333333333333e-06,1.7333333333333e-06,median,183.5,183.5,-78.58521250000005,20.54631944444445,RA---TAN,DEC--TAN,deg,deg,ACQUISITION,2021-07-14T07:21:06,2021-07-14,0.00015,20:32:46.75,-163.7782993238782,VCAM2 - Ultra 897,5.0,7.92,0.0718429257239067,0.0,5.0,3.0,12.4,8.1,SCEXAO,348.72,35708928.0,MIRROR,152.63,15629312.0,ao188cmtx.oct,10.0,OPEN,1.0,1.0,TRACK,93.27139,+20:32:46.71,ADI,55.86,-39.0,18:45:39.730,0.0,ON,0.0,0.01,IN,159.87799,79.88004,+20:32:47,1.0,ADI,163.025,-39.0,18:45:39.7,SYNC,0.0,ao188ttctrl.oct,0.001,0.0,0.9,1.414213562373095,2000.0,0.01,SCI,675-50,Unknown,675-50,Nasmyth-IR,-0.12,VMPA00010351,294912.0,4.5,21:20:56.712,21:21:02.192,21:20:51.231,140.4,VAMPIRES,20.546319444444,180.0,IR,1601559.5,1601559.5,22350.036091425,11995.494140625,11995.494140625,22.19933868118925,4954.72509765625,4954.72509765625,12.62137951852353,59409.30621193866,59409.30627537037,59409.30614850694,0.0,500,1002,15.47297286987305,17.19219207763672,262037.0625,262037.0625,4091.396118457611,HD173667,Observation,IMAG_POL,NAOJ,"""[Summit] Vievard, Skaf [Hilo] Guyon, Lozi, Deo, Ahn""",4.6,622.5,277.95,11.1,-85.17829932387816,-85.17693702067362,-0.0103337185914824,-85.16660330208214,-78.6,-0.96018794940961,0.2793547955711,-0.2793547955711,-0.96018794940961,122445.379543163,122445.379543163,122575.8626795191,66648009.30119999,66648009.30119999,306369.4425340547,15.0,128.0,128.0,256,256,o21013,3.89376e-05,6.24,-5:14:20.451,ICRS,17.58157104787457,22.5,HWP(NIR),89,119954952.0,119954952.0,221993.3852614938,Subaru,NS_IR,UTC,5.0,50.99249267578125,2330.185882527701,1082602.875,2803.688720703125,1057.292236328125,63.90961196751373,128119.171875,154071104.0,18306.3046875,359206272.0,0.0200179485907236,07:20:56.712,07:21:02.192,07:20:51.231,T,10000.0,501.0,100000.0,10000.0,2.0,5.0,675-50,B,0.0,2,22.5,4.0,1.0,EmptySlot,5.0,4.0,HD173667_02_20210714_675-50_EmptySlot_0,14,/data/20210714/,3.0,152.0,165.0,3174133504.0,3174133504.0,53510496.2836539,675.0838654091856,48.5,699.3999999999999,650.8999999999999,2,32.31374,182.0,182.0,1082602.875,58613873.2546185,0,0.0,0.0,0.0,0.0,0,0,106.0,90,90,94,4,135210570.12286377,107698286.56298828,1081.2451782226562,27512283.55987549,26181.97843970291,4113.451044619008,0.0,,
HD173667_02_20210714_675-50_EmptySlot_015_cam1_FLC1_fix_coll.fits,True,-32,3,366,366,1,True,1.182,57.76577,OFF,82.6263,DARKS_256_10ms_em5_20210715_625-50_EmptySlot_00_cam1_fix_coll.fits,150,e-/s,-1.7333333333333e-06,1.7333333333333e-06,median,183.5,183.5,-78.58520416666668,20.54632222222223,RA---TAN,DEC--TAN,deg,deg,ACQUISITION,2021-07-14T07:21:25,2021-07-14,0.00015,20:32:46.76,-163.7974988658039,VCAM1 - Ultra 897,5.0,7.92,0.0718429257239067,0.0,5.0,3.0,12.4,8.0,SCEXAO,348.72,35708928.0,MIRROR,152.63,15629312.0,ao188cmtx.oct,10.0,OPEN,1.0,1.0,TRACK,93.33156,+20:32:46.71,ADI,55.84,-39.0,18:45:39.730,0.0,ON,0.0,0.01,IN,159.81803,79.81799,+20:32:47,1.0,ADI,163.025,-39.0,18:45:39.7,SYNC,0.0,ao188ttctrl.oct,0.001,0.0,0.9,1.414213562373095,2000.0,0.01,SCI,675-50,Unknown,675-50,Nasmyth-IR,-0.12,VMPA00010353,294912.0,4.5,21:21:17.165,21:21:22.603,21:21:11.727,140.4,VAMPIRES,20.546322222222,180.0,IR,1095221.5,1095221.5,17771.71905097135,9471.3388671875,9471.3388671875,23.27252165556867,4410.08984375,4410.08984375,10.34821456731133,59409.30644866898,59409.3065116088,59409.30638572916,0.0,500,1002,16.63701896667481,18.48557662963867,164260.03125,164260.03125,3000.425539947893,HD173667,Observation,IMAG_POL,NAOJ,"""[Summit] Vievard, Skaf [Hilo] Guyon, Lozi, Deo, Ahn""",4.8,622.5,277.95,11.2,-85.19749886580391,-85.19582404680841,-0.0104201755493136,-85.1854038712591,-78.6,-0.96028150595577,0.27903302549935,-0.27903302549935,-0.96028150595577,107905.3714092126,107905.3714092126,108060.7883908302,48586930.2828,48586930.2828,278758.82411581,15.0,128.0,128.0,256,256,o21013,3.89376e-05,6.24,-5:14:20.449,ICRS,17.58157104787457,67.5,HWP(NIR),89,94713392.0,94713392.0,232725.2146340658,Subaru,NS_IR,UTC,5.0,53.90962600708008,1664.556389545149,646079.0625,2297.67724609375,951.9290771484376,67.56569641206482,70944.90625,127792216.0,19353.556640625,163008496.0,0.0090841835099671,07:21:17.165,07:21:22.603,07:21:11.727,T,10000.0,501.0,100000.0,10000.0,1.0,5.0,675-50,A,0.0,1,67.5,4.0,1.0,EmptySlot,5.0,4.0,HD173667_02_20210714_675-50_EmptySlot_0,15,/data/20210714/,4.0,152.0,165.0,1581931904.0,1581931904.0,31696367.33461367,675.0838654091856,48.5,699.3999999999999,650.8999999999999,2,32.23423,182.0,183.0,646079.0625,42241948.67253012,"(-0.004014675955690036, 0.0)",-0.002534149109823824,-0.08280029498331186,0.0,0.0,0,0,104.0,90,90,94,4,109758971.71820068,84500973.21051025,992.6507568359375,25257998.50769043,22819.80882873737,3702.965868149463,0.00013297739089570342,,
HD173667_02_20210714_675-50_EmptySlot_015_cam1_FLC2_fix_coll.fits,True,-32,3,366,366,1,True,1.182,57.76577,OFF,82.6263,DARKS_256_10ms_em5_20210715_625-50_EmptySlot_00_cam1_fix_coll.fits,150,e-/s,-1.7333333333333e-06,1.7333333333333e-06,median,183.5,183.5,-78.58520416666668,20.54632222222223,RA---TAN,DEC--TAN,deg,deg,ACQUISITION,2021-07-14T07:21:25,2021-07-14,0.00015,20:32:46.76,-163.7974988658039,VCAM1 - Ultra 897,5.0,7.92,0.0718429257239067,0.0,5.0,3.0,12.4,8.0,SCEXAO,348.72,35708928.0,MIRROR,152.63,15629312.0,ao188cmtx.oct,10.0,OPEN,1.0,1.0,TRACK,93.33156,+20:32:46.71,ADI,55.84,-39.0,18:45:39.730,0.0,ON,0.0,0.01,IN,159.81803,79.81799,+20:32:47,1.0,ADI,163.025,-39.0,18:45:39.7,SYNC,0.0,ao188ttctrl.oct,0.001,0.0,0.9,1.414213562373095,2000.0,0.01,SCI,675-50,Unknown,675-50,Nasmyth-IR,-0.12,VMPA00010353,294912.0,4.5,21:21:17.165,21:21:22.603,21:21:11.727,140.4,VAMPIRES,20.546322222222,180.0,IR,1095121.625,1095121.625,17757.18740420258,9371.431640625,9371.431640625,22.88050006996257,4367.7451171875,4367.7451171875,10.74658241518268,59409.30644866898,59409.3065116088,59409.30638572916,0.0,500,1002,16.63701896667481,18.48557662963867,163817.40625,163817.40625,2944.676172641366,HD173667,Observation,IMAG_POL,NAOJ,"""[Summit] Vievard, Skaf [Hilo] Guyon, Lozi, Deo, Ahn""",4.8,622.5,277.95,11.2,-85.19749886580391,-85.19582404680841,-0.0104201755493136,-85.1854038712591,-78.6,-0.96028150595577,0.27903302549935,-0.27903302549935,-0.96028150595577,107462.0581869173,107462.0581869173,107615.9470741867,48107108.79,48107108.79,275393.9725213996,15.0,128.0,128.0,256,256,o21013,3.89376e-05,6.24,-5:14:20.449,ICRS,17.58157104787457,67.5,HWP(NIR),89,93714320.0,93714320.0,228805.0073379525,Subaru,NS_IR,UTC,5.0,53.87617874145508,1652.989828663296,627683.25,2280.0205078125,950.0411376953124,67.52377648120246,69953.9375,126812464.0,19341.548828125,159496416.0,0.0088884613236727,07:21:17.165,07:21:22.603,07:21:11.727,T,10000.0,501.0,100000.0,10000.0,1.0,5.0,675-50,B,0.0,2,67.5,4.0,1.0,EmptySlot,5.0,4.0,HD173667_02_20210714_675-50_EmptySlot_0,15,/data/20210714/,4.0,152.0,165.0,1560406912.0,1560406912.0,30706369.52494279,675.0838654091856,48.5,699.3999999999999,650.8999999999999,2,32.23423,182.0,183.0,627683.25,41815127.91696929,0,0.0,0.0,0.0,0.0,0,0,104.0,90,90,94,4,108753163.01824951,83653287.23242188,986.4364624023438,25099875.785827637,24162.44090077112,3462.1207176859425,0.0,,
HD173667_02_20210714_675-50_EmptySlot_015_cam2_FLC1_fix_coll.fits,True,-32,3,366,366,1,True,1.182,57.76577,OFF,82.6263,DARKS_256_10ms_em5_20210715_625-50_EmptySlot_00_cam2_fix_coll.fits,150,e-/s,-1.7333333333333e-06,1.7333333333333e-06,median,183.5,183.5,-78.58520416666668,20.54632222222223,RA---TAN,DEC--TAN,deg,deg,ACQUISITION,2021-07-14T07:21:27,2021-07-14,0.00015,20:32:46.76,-163.7974988658039,VCAM2 - Ultra 897,5.0,7.92,0.0718429257239067,0.0,5.0,3.0,12.4,8.0,SCEXAO,348.72,35708928.0,MIRROR,152.63,15629312.0,ao188cmtx.oct,10.0,OPEN,1.0,1.0,TRACK,93.33156,+20:32:46.71,ADI,55.84,-39.0,18:45:39.730,0.0,ON,0.0,0.01,IN,159.81803,79.81799,+20:32:47,1.0,ADI,163.025,-39.0,18:45:39.7,SYNC,0.0,ao188ttctrl.oct,0.001,0.0,0.9,1.414213562373095,2000.0,0.01,SCI,675-50,Unknown,675-50,Nasmyth-IR,-0.12,VMPA00010355,294912.0,4.5,21:21:17.165,21:21:22.603,21:21:11.727,140.4,VAMPIRES,20.546322222222,180.0,IR,1304100.0,1304100.0,20946.75948866783,11255.458984375,11255.458984375,28.31607779450589,5076.31494140625,5076.31494140625,12.06102230274117,59409.30644866898,59409.3065116088,59409.30638572916,0.0,500,1002,15.47297286987305,17.19219207763672,196704.015625,196704.015625,3551.255381054598,HD173667,Observation,IMAG_POL,NAOJ,"""[Summit] Vievard, Skaf [Hilo] Guyon, Lozi, Deo, Ahn""",4.8,622.5,277.95,11.2,-85.19749886580391,-85.19582404680841,-0.0104201755493136,-85.1854038712591,-78.6,-0.96028150595577,0.27903302549935,-0.27903302549935,-0.96028150595577,115298.1383048085,115298.1383048085,115479.9029387128,58201801.57080001,58201801.57080001,332781.241893519,15.0,128.0,128.0,256,256,o21013,3.89376e-05,6.24,-5:14:20.449,ICRS,17.58157104787457,67.5,HWP(NIR),89,112554584.0,112554584.0,283160.8011792027,Subaru,NS_IR,UTC,5.0,50.8131103515625,1599.996668328065,758562.75,2753.21484375,1131.62109375,63.68478956458586,86692.875,148158752.0,18241.90625,238684112.0,0.0133014556144457,07:21:17.165,07:21:22.603,07:21:11.727,T,10000.0,501.0,100000.0,10000.0,2.0,5.0,675-50,A,0.0,1,67.5,4.0,1.0,EmptySlot,5.0,4.0,HD173667_02_20210714_675-50_EmptySlot_0,15,/data/20210714/,4.0,152.0,165.0,2251533824.0,2251533824.0,44720586.76490277,675.0838654091856,48.5,699.3999999999999,650.8999999999999,2,32.23423,182.0,182.0,758562.75,50357175.17090704,0,0.0,0.0,0.0,0.0,0,0,105.0,90,90,94,4,128937233.26702881,100145712.58221436,1131.519775390625,28791520.684814453,24847.563527285252,4030.4037243830276,0.0,,
HD173667_02_20210714_675-50_EmptySlot_015_cam2_FLC2_fix_coll.fits,True,-32,3,366,366,1,True,1.182,57.76577,OFF,82.6263,DARKS_256_10ms_em5_20210715_625-50_EmptySlot_00_cam2_fix_coll.fits,150,e-/s,-1.7333333333333e-06,1.7333333333333e-06,median,183.5,183.5,-78.58520416666668,20.54632222222223,RA---TAN,DEC--TAN,deg,deg,ACQUISITION,2021-07-14T07:21:27,2021-07-14,0.00015,20:32:46.76,-163.7974988658039,VCAM2 - Ultra 897,5.0,7.92,0.0718429257239067,0.0,5.0,3.0,12.4,8.0,SCEXAO,348.72,35708928.0,MIRROR,152.63,15629312.0,ao188cmtx.oct,10.0,OPEN,1.0,1.0,TRACK,93.33156,+20:32:46.71,ADI,55.84,-39.0,18:45:39.730,0.0,ON,0.0,0.01,IN,159.81803,79.81799,+20:32:47,1.0,ADI,163.025,-39.0,18:45:39.7,SYNC,0.0,ao188ttctrl.oct,0.001,0.0,0.9,1.414213562373095,2000.0,0.01,SCI,675-50,Unknown,675-50,Nasmyth-IR,-0.12,VMPA00010355,294912.0,4.5,21:21:17.165,21:21:22.603,21:21:11.727,140.4,VAMPIRES,20.546322222222,180.0,IR,1282062.5,1282062.5,20679.26007406201,11040.919921875,11040.919921875,27.46275254638341,4990.90478515625,4990.90478515625,11.57688301437059,59409.30644866898,59409.3065116088,59409.30638572916,0.0,500,1002,15.47297286987305,17.19219207763672,192737.90625,192737.90625,3399.257961512807,HD173667,Observation,IMAG_POL,NAOJ,"""[Summit] Vievard, Skaf [Hilo] Guyon, Lozi, Deo, Ahn""",4.8,622.5,277.95,11.2,-85.19749886580391,-85.19582404680841,-0.0104201755493136,-85.1854038712591,-78.6,-0.96028150595577,0.27903302549935,-0.27903302549935,-0.96028150595577,114324.2733326304,114324.2733326304,114501.0032184655,57076299.9144,57076299.9144,323770.8075907833,15.0,128.0,128.0,256,256,o21013,3.89376e-05,6.24,-5:14:20.449,ICRS,17.58157104787457,67.5,HWP(NIR),89,110409200.0,110409200.0,274627.5185634681,Subaru,NS_IR,UTC,5.0,50.71651840209961,1617.696737727674,744259.1875,2677.346923828125,1095.4931640625,63.56372950877316,85398.90625,145291584.0,18207.23046875,228642496.0,0.0127418536015505,07:21:17.165,07:21:22.603,07:21:11.727,T,10000.0,501.0,100000.0,10000.0,2.0,5.0,675-50,B,0.0,2,67.5,4.0,1.0,EmptySlot,5.0,4.0,HD173667_02_20210714_675-50_EmptySlot_0,15,/data/20210714/,4.0,152.0,165.0,2163249664.0,2163249664.0,41991241.47602477,675.0838654091856,48.5,699.3999999999999,650.8999999999999,2,32.23423,182.0,182.0,744259.1875,49446775.79325825,0,0.0,0.0,0.006463793373973029,-0.01113105594274778,0,0,106.0,90,90,94,4,126446620.36767578,98368833.17529297,1103.4697265625,28077787.192382812,25603.700792585405,3841.9771412021682,0.0,,
HD173667_02_20210714_675-50_EmptySlot_016_cam1_FLC1_fix_coll.fits,True,-32,3,366,366,1,True,1.181,57.85073,OFF,82.63976,DARKS_256_10ms_em5_20210715_625-50_EmptySlot_00_cam1_fix_coll.fits,150,e-/s,-1.7333333333333e-06,1.7333333333333e-06,median,183.5,183.5,-78.58518750000003,20.54631111111112,RA---TAN,DEC--TAN,deg,deg,ACQUISITION,2021-07-14T07:21:47,2021-07-14,0.00015,20:32:46.72,-163.8180257233989,VCAM1 - Ultra 897,5.0,7.92,0.0718429257239067,0.0,5.0,3.0,12.4,8.0,SCEXAO,348.72,35708928.0,MIRROR,152.63,15629312.0,ao188cmtx.oct,10.0,OPEN,1.0,1.0,TRACK,93.36338,+20:32:46.71,ADI,55.82,-39.0,18:45:39.730,0.0,ON,0.0,0.01,IN,159.75504,79.75499,+20:32:47,1.0,ADI,163.025,-39.0,18:45:39.7,SYNC,0.0,ao188ttctrl.oct,0.001,0.0,0.9,1.414213562373095,2000.0,0.01,SCI,675-50,Unknown,675-50,Nasmyth-IR,-0.12,VMPA00010357,294912.0,4.5,21:21:38.980,21:21:44.430,21:21:33.529,140.4,VAMPIRES,20.546311111111,180.0,IR,1026741.625,1026741.625,14370.83015737746,9387.814453125,9387.814453125,14.84181112467432,4466.205078125,4466.205078125,10.09019533302652,59409.30670115162,59409.30676423611,59409.30663806713,0.0,500,1002,16.63701896667481,18.48557662963867,147133.0625,147133.0625,2103.174963740762,HD173667,Observation,IMAG_POL,NAOJ,"""[Summit] Vievard, Skaf [Hilo] Guyon, Lozi, Deo, Ahn""",5.0,622.7,277.95,11.2,-85.21802572339895,-85.21648848845432,-0.0103443630732442,-85.20614412538107,-78.6,-0.96038141104757,0.27868897594682,-0.27868897594682,-0.96038141104757,106408.9831169196,106408.9831169196,106491.6032845918,46903436.5284,46903436.5284,198379.3200698014,15.0,128.0,128.0,256,256,o21013,3.89376e-05,6.24,-5:14:20.445,ICRS,17.58157104787457,0.0,HWP(NIR),89,93878152.0,93878152.0,148418.1063990176,Subaru,NS_IR,UTC,5.0,53.90189361572266,1580.757294452633,691511.125,2316.87890625,975.4267578125,67.55600529666131,67946.09375,128308760.0,19350.779296875,157422880.0,0.0087729067237546,07:21:38.979,07:21:44.430,07:21:33.529,T,10000.0,501.0,100000.0,10000.0,1.0,5.0,675-50,A,0.0,1,0.0,5.0,1.0,EmptySlot,5.0,4.0,HD173667_02_20210714_675-50_EmptySlot_0,16,/data/20210714/,1.0,152.0,165.0,1390576512.0,1390576512.0,21221995.2512622,675.0838654091856,48.5,699.3999999999999,650.8999999999999,2,32.14927,182.0,183.0,691511.125,41384986.66128372,"(0.00403288948165928, 0.0)",0.0012295204296590438,-0.08304318856926773,0.0,0.0,0,0,104.0,90,90,94,4,109888617.38293457,83970637.63470459,1018.5883178710938,25917979.74822998,22797.194217316715,3683.375981896957,0.00012992884043282259,,
HD173667_02_20210714_675-50_EmptySlot_016_cam1_FLC2_fix_coll.fits,True,-32,3,366,366,1,True,1.181,57.85073,OFF,82.63976,DARKS_256_10ms_em5_20210715_625-50_EmptySlot_00_cam1_fix_coll.fits,150,e-/s,-1.7333333333333e-06,1.7333333333333e-06,median,183.5,183.5,-78.58518750000003,20.54631111111112,RA---TAN,DEC--TAN,deg,deg,ACQUISITION,2021-07-14T07:21:47,2021-07-14,0.00015,20:32:46.72,-163.8180257233989,VCAM1 - Ultra 897,5.0,7.92,0.0718429257239067,0.0,5.0,3.0,12.4,8.0,SCEXAO,348.72,35708928.0,MIRROR,152.63,15629312.0,ao188cmtx.oct,10.0,OPEN,1.0,1.0,TRACK,93.36338,+20:32:46.71,ADI,55.82,-39.0,18:45:39.730,0.0,ON,0.0,0.01,IN,159.75504,79.75499,+20:32:47,1.0,ADI,163.025,-39.0,18:45:39.7,SYNC,0.0,ao188ttctrl.oct,0.001,0.0,0.9,1.414213562373095,2000.0,0.01,SCI,675-50,Unknown,675-50,Nasmyth-IR,-0.12,VMPA00010357,294912.0,4.5,21:21:38.980,21:21:44.430,21:21:33.529,140.4,VAMPIRES,20.546311111111,180.0,IR,998376.3125,998376.3125,13557.96075077188,9205.8994140625,9205.8994140625,14.97669854074378,4395.509765625,4395.509765625,10.42544039035384,59409.30670115162,59409.30676423611,59409.30663806713,0.0,500,1002,16.63701896667481,18.48557662963867,142515.234375,142515.234375,1988.815634351804,HD173667,Observation,IMAG_POL,NAOJ,"""[Summit] Vievard, Skaf [Hilo] Guyon, Lozi, Deo, Ahn""",5.0,622.7,277.95,11.2,-85.21802572339895,-85.21648848845432,-0.0103443630732442,-85.20614412538107,-78.6,-0.96038141104757,0.27868897594682,-0.27868897594682,-0.96038141104757,105543.0137473574,105543.0137473574,105624.8156672087,45984127.17600001,45984127.17600001,194793.6188072587,15.0,128.0,128.0,256,256,o21013,3.89376e-05,6.24,-5:14:20.445,ICRS,17.58157104787457,0.0,HWP(NIR),89,92058992.0,92058992.0,149766.9920457646,Subaru,NS_IR,UTC,5.0,53.83600234985352,1554.85089700477,651759.5,2294.78173828125,970.9336547851562,67.4734228416219,66276.15625,126054656.0,19327.125,152089312.0,0.008475676139682,07:21:38.979,07:21:44.430,07:21:33.529,T,10000.0,501.0,100000.0,10000.0,1.0,5.0,675-50,B,0.0,2,0.0,5.0,1.0,EmptySlot,5.0,4.0,HD173667_02_20210714_675-50_EmptySlot_0,16,/data/20210714/,1.0,152.0,165.0,1320763264.0,1320763264.0,19681983.39355009,675.0838654091856,48.5,699.3999999999999,650.8999999999999,2,32.14927,182.0,183.0,651759.5,40597486.60499458,0,0.0,0.0,0.0,0.0,0,0,104.0,90,90,94,4,107985425.67578125,82567313.44952393,998.9432983398438,25418112.226257324,22968.500114297964,3594.806497535532,0.0,,
HD173667_02_20210714_675-50_EmptySlot_016_cam2_FLC1_fix_coll.fits,True,-32,3,366,366,1,True,1.181,57.85073,OFF,82.63976,DARKS_256_10ms_em5_20210715_625-50_EmptySlot_00_cam2_fix_coll.fits,150,e-/s,-1.7333333333333e-06,1.7333333333333e-06,median,183.5,183.5,-78.58518750000003,20.54631111111112,RA---TAN,DEC--TAN,deg,deg,ACQUISITION,2021-07-14T07:21:49,2021-07-14,0.00015,20:32:46.72,-163.8180257233989,VCAM2 - Ultra 897,5.0,7.92,0.0718429257239067,0.0,5.0,3.0,12.4,8.0,SCEXAO,348.72,35708928.0,MIRROR,152.63,15629312.0,ao188cmtx.oct,10.0,OPEN,1.0,1.0,TRACK,93.36338,+20:32:46.71,ADI,55.82,-39.0,18:45:39.730,0.0,ON,0.0,0.01,IN,159.75504,79.75499,+20:32:47,1.0,ADI,163.025,-39.0,18:45:39.7,SYNC,0.0,ao188ttctrl.oct,0.001,0.0,0.9,1.414213562373095,2000.0,0.01,SCI,675-50,Unknown,675-50,Nasmyth-IR,-0.12,VMPA00010359,294912.0,4.5,21:21:38.980,21:21:44.430,21:21:33.529,140.4,VAMPIRES,20.546311111111,180.0,IR,1206224.5,1206224.5,16794.4623119149,11101.4541015625,11101.4541015625,17.77556943337632,5132.384765625,5132.384765625,11.08377638917984,59409.30670115162,59409.30676423611,59409.30663806713,0.0,500,1002,15.47297286987305,17.19219207763672,173702.6875,173702.6875,2466.0208409856,HD173667,Observation,IMAG_POL,NAOJ,"""[Summit] Vievard, Skaf [Hilo] Guyon, Lozi, Deo, Ahn""",5.0,622.7,277.95,11.2,-85.21802572339895,-85.21648848845432,-0.0103443630732442,-85.20614412538107,-78.6,-0.96038141104757,0.27868897594682,-0.27868897594682,-0.96038141104757,113277.7338709303,113277.7338709303,113376.1556782521,55795095.45,55795095.45,237513.6679119247,15.0,128.0,128.0,256,256,o21013,3.89376e-05,6.24,-5:14:20.445,ICRS,17.58157104787457,0.0,HWP(NIR),89,111014536.0,111014536.0,177755.7095757109,Subaru,NS_IR,UTC,5.0,50.79037857055664,1511.055069918861,795813.5625,2750.183349609375,1158.365600585938,63.65629950208486,81820.1875,148603408.0,18233.74609375,225020528.0,0.0125400075457521,07:21:38.979,07:21:44.430,07:21:33.529,T,10000.0,501.0,100000.0,10000.0,2.0,5.0,675-50,A,0.0,1,0.0,5.0,1.0,EmptySlot,5.0,4.0,HD173667_02_20210714_675-50_EmptySlot_0,16,/data/20210714/,1.0,152.0,165.0,1941029376.0,1941029376.0,29324987.5494924,675.0838654091856,48.5,699.3999999999999,650.8999999999999,2,32.14927,182.0,182.0,795813.5625,49062763.13372205,0,0.0,0.0,0.0,0.0,0,0,106.0,90,90,94,4,128611142.79730225,98829658.793396,1170.42578125,29781484.00390625,24613.66852335596,4015.234815550406,0.0,,
HD173667_02_20210714_675-50_EmptySlot_016_cam2_FLC2_fix_coll.fits,True,-32,3,366,366,1,True,1.181,57.85073,OFF,82.63976,DARKS_256_10ms_em5_20210715_625-50_EmptySlot_00_cam2_fix_coll.fits,150,e-/s,-1.7333333333333e-06,1.7333333333333e-06,median,183.5,183.5,-78.58518750000003,20.54631111111112,RA---TAN,DEC--TAN,deg,deg,ACQUISITION,2021-07-14T07:21:49,2021-07-14,0.00015,20:32:46.72,-163.8180257233989,VCAM2 - Ultra 897,5.0,7.92,0.0718429257239067,0.0,5.0,3.0,12.4,8.0,SCEXAO,348.72,35708928.0,MIRROR,152.63,15629312.0,ao188cmtx.oct,10.0,OPEN,1.0,1.0,TRACK,93.36338,+20:32:46.71,ADI,55.82,-39.0,18:45:39.730,0.0,ON,0.0,0.01,IN,159.75504,79.75499,+20:32:47,1.0,ADI,163.025,-39.0,18:45:39.7,SYNC,0.0,ao188ttctrl.oct,0.001,0.0,0.9,1.414213562373095,2000.0,0.01,SCI,675-50,Unknown,675-50,Nasmyth-IR,-0.12,VMPA00010359,294912.0,4.5,21:21:38.980,21:21:44.430,21:21:33.529,140.4,VAMPIRES,20.546311111111,180.0,IR,1185982.0,1185982.0,16023.31094605704,10956.36328125,10956.36328125,17.41927252756699,5068.125,5068.125,11.02010290684569,59409.30670115162,59409.30676423611,59409.30663806713,0.0,500,1002,15.47297286987305,17.19219207763672,170996.21875,170996.21875,2361.136150880054,HD173667,Observation,IMAG_POL,NAOJ,"""[Summit] Vievard, Skaf [Hilo] Guyon, Lozi, Deo, Ahn""",5.0,622.7,277.95,11.2,-85.21802572339895,-85.21648848845432,-0.0103443630732442,-85.20614412538107,-78.6,-0.96038141104757,0.27868897594682,-0.27868897594682,-0.96038141104757,112727.0921285055,112727.0921285055,112825.0203620294,55171145.8116,55171145.8116,235070.2257665912,15.0,128.0,128.0,256,256,o21013,3.89376e-05,6.24,-5:14:20.445,ICRS,17.58157104787457,0.0,HWP(NIR),89,109563624.0,109563624.0,174192.7253193431,Subaru,NS_IR,UTC,5.0,50.70735549926758,1519.879153696122,775902.375,2727.656982421875,1139.212036132812,63.55224551311493,81757.546875,145528688.0,18203.94140625,223006544.0,0.0124277716765116,07:21:38.979,07:21:44.430,07:21:33.529,T,10000.0,501.0,100000.0,10000.0,2.0,5.0,675-50,B,0.0,2,0.0,5.0,1.0,EmptySlot,5.0,4.0,HD173667_02_20210714_675-50_EmptySlot_0,16,/data/20210714/,1.0,152.0,165.0,1885975808.0,1885975808.0,27786386.74011682,675.0838654091856,48.5,699.3999999999999,650.8999999999999,2,32.14927,182.0,182.0,775902.375,48521913.01071177,0,0.0,0.0,0.0,0.0,0,0,105.0,90,90,94,4,126754262.17150879,97872946.29290771,1135.0487670898438,28881315.878601074,23962.69864584698,4084.3874781970876,0.0,,
HD173667_02_20210714_675-50_EmptySlot_017_cam1_FLC1_fix_coll.fits,True,-32,3,366,366,1,True,1.18,57.93258,OFF,82.6527,DARKS_256_10ms_em5_20210715_625-50_EmptySlot_00_cam1_fix_coll.fits,150,e-/s,-1.7333333333333e-06,1.7333333333333e-06,median,183.5,183.5,-78.58517916666672,20.54630277777778,RA---TAN,DEC--TAN,deg,deg,ACQUISITION,2021-07-14T07:22:08,2021-07-14,0.00015,20:32:46.69,-163.837816052007,VCAM1 - Ultra 897,5.0,7.92,0.0718429257239067,0.0,5.0,3.0,12.4,8.0,SCEXAO,348.72,35708928.0,MIRROR,152.63,15629312.0,ao188cmtx.oct,10.0,OPEN,1.0,1.0,TRACK,93.40598,+20:32:46.71,ADI,55.801,-39.0,18:45:39.730,0.0,ON,0.0,0.01,IN,159.69299,79.69504,+20:32:47,1.0,ADI,163.025,-39.0,18:45:39.7,SYNC,0.0,ao188ttctrl.oct,0.001,0.0,0.9,1.414213562373095,2000.0,0.01,SCI,675-50,Unknown,675-50,Nasmyth-IR,-0.12,VMPA00010361,294912.0,4.5,21:21:59.822,21:22:05.295,21:21:54.349,140.4,VAMPIRES,20.546302777778,180.0,IR,1305268.25,1305268.25,17555.36829380836,9909.32421875,9909.32421875,20.22793304153901,4352.759765625,4352.759765625,10.53342374878143,59409.30694238426,59409.30700572917,59409.30687903935,0.0,500,1002,16.63701896667481,18.48557662963867,207723.296875,207723.296875,3054.501699513132,HD173667,Observation,IMAG_POL,NAOJ,"""[Summit] Vievard, Skaf [Hilo] Guyon, Lozi, Deo, Ahn""",5.1,622.7,277.95,11.1,-85.23781605200702,-85.23627393119123,-0.0103497931871885,-85.22592413800405,-78.6,-0.96047761471053,0.27835723744853,-0.27835723744853,-0.96047761471053,112378.3982805744,112378.3982805744,112484.3583928151,53464802.46479999,53464802.46479999,246576.290941995,15.0,128.0,128.0,256,256,o21013,3.89376e-05,6.24,-5:14:20.443,ICRS,17.58157104787457,45.0,HWP(NIR),89,99093240.0,99093240.0,202279.3379053444,Subaru,NS_IR,UTC,5.0,54.03034591674805,2229.793878771452,859897.625,2372.937744140625,945.8597412109376,67.71699638150713,97929.453125,131975680.0,19396.89453125,232380496.0,0.0129501659214203,07:21:59.822,07:22:05.295,07:21:54.349,T,10000.0,501.0,100000.0,10000.0,1.0,5.0,675-50,A,0.0,1,45.0,5.0,1.0,EmptySlot,5.0,4.0,HD173667_02_20210714_675-50_EmptySlot_0,17,/data/20210714/,2.0,152.0,165.0,2077780096.0,2077780096.0,33556973.38141727,675.0838654091856,48.5,699.3999999999999,650.8999999999999,2,32.06742,182.0,183.0,859897.625,47132111.32350245,"(0.03442424281799761, 0.0)",0.016088709988301683,-0.08524907674942614,0.0,0.0,0,0,104.0,90,90,94,4,113870099.69177246,88776277.65411377,986.1985473632812,25093822.03765869,23830.93614535632,3725.253473578404,0.00012804234790712285,,
HD173667_02_20210714_675-50_EmptySlot_017_cam1_FLC2_fix_coll.fits,True,-32,3,366,366,1,True,1.18,57.93258,OFF,82.6527,DARKS_256_10ms_em5_20210715_625-50_EmptySlot_00_cam1_fix_coll.fits,150,e-/s,-1.7333333333333e-06,1.7333333333333e-06,median,183.5,183.5,-78.58517916666672,20.54630277777778,RA---TAN,DEC--TAN,deg,deg,ACQUISITION,2021-07-14T07:22:08,2021-07-14,0.00015,20:32:46.69,-163.837816052007,VCAM1 - Ultra 897,5.0,7.92,0.0718429257239067,0.0,5.0,3.0,12.4,8.0,SCEXAO,348.72,35708928.0,MIRROR,152.63,15629312.0,ao188cmtx.oct,10.0,OPEN,1.0,1.0,TRACK,93.40598,+20:32:46.71,ADI,55.801,-39.0,18:45:39.730,0.0,ON,0.0,0.01,IN,159.69299,79.69504,+20:32:47,1.0,ADI,163.025,-39.0,18:45:39.7,SYNC,0.0,ao188ttctrl.oct,0.001,0.0,0.9,1.414213562373095,2000.0,0.01,SCI,675-50,Unknown,675-50,Nasmyth-IR,-0.12,VMPA00010361,294912.0,4.5,21:21:59.822,21:22:05.295,21:21:54.349,140.4,VAMPIRES,20.546302777778,180.0,IR,1238777.375,1238777.375,17345.7620766825,9420.0810546875,9420.0810546875,19.01073495172884,4165.69482421875,4165.69482421875,10.22125247274171,59409.30694238426,59409.30700572917,59409.30687903935,0.0,500,1002,16.63701896667481,18.48557662963867,197197.921875,197197.921875,2981.972388963576,HD173667,Observation,IMAG_POL,NAOJ,"""[Summit] Vievard, Skaf [Hilo] Guyon, Lozi, Deo, Ahn""",5.1,622.7,277.95,11.1,-85.23781605200702,-85.23627393119123,-0.0103497931871885,-85.22592413800405,-78.6,-0.96047761471053,0.27835723744853,-0.27835723744853,-0.96047761471053,109977.7576111438,109977.7576111438,110079.8574928761,50789303.172,50789303.172,234371.7169954808,15.0,128.0,128.0,256,256,o21013,3.89376e-05,6.24,-5:14:20.443,ICRS,17.58157104787457,45.0,HWP(NIR),89,94200800.0,94200800.0,190107.3689518636,Subaru,NS_IR,UTC,5.0,53.84529495239258,2205.895543918334,828930.6875,2254.760498046875,899.2465209960938,67.48506939175655,92371.4140625,125903568.0,19330.4609375,208275408.0,0.0116068307684114,07:21:59.822,07:22:05.295,07:21:54.349,T,10000.0,501.0,100000.0,10000.0,1.0,5.0,675-50,B,0.0,2,45.0,5.0,1.0,EmptySlot,5.0,4.0,HD173667_02_20210714_675-50_EmptySlot_0,17,/data/20210714/,2.0,152.0,165.0,1876018048.0,1876018048.0,31164851.47196584,675.0838654091856,48.5,699.3999999999999,650.8999999999999,2,32.06742,182.0,183.0,828930.6875,44791927.56093288,0,0.0,0.0,0.0,0.0,0,0,104.0,90,90,94,4,108510792.67468262,84599442.52667236,939.7268676757812,23911350.148010254,22840.203075751528,3703.970680387163,0.0,,
HD173667_02_20210714_675-50_EmptySlot_017_cam2_FLC1_fix_coll.fits,True,-32,3,366,366,1,True,1.18,57.93258,OFF,82.6527,DARKS_256_10ms_em5_20210715_625-50_EmptySlot_00_cam2_fix_coll.fits,150,e-/s,-1.7333333333333e-06,1.7333333333333e-06,median,183.5,183.5,-78.58517916666672,20.54630277777778,RA---TAN,DEC--TAN,deg,deg,ACQUISITION,2021-07-14T07:22:10,2021-07-14,0.00015,20:32:46.69,-163.837816052007,VCAM2 - Ultra 897,5.0,7.92,0.0718429257239067,0.0,5.0,3.0,12.4,8.0,SCEXAO,348.72,35708928.0,MIRROR,152.63,15629312.0,ao188cmtx.oct,10.0,OPEN,1.0,1.0,TRACK,93.40598,+20:32:46.71,ADI,55.801,-39.0,18:45:39.730,0.0,ON,0.0,0.01,IN,159.69299,79.69504,+20:32:47,1.0,ADI,163.025,-39.0,18:45:39.7,SYNC,0.0,ao188ttctrl.oct,0.001,0.0,0.9,1.414213562373095,2000.0,0.01,SCI,675-50,Unknown,675-50,Nasmyth-IR,-0.12,VMPA00010363,294912.0,4.5,21:21:59.822,21:22:05.295,21:21:54.349,140.4,VAMPIRES,20.546302777778,180.0,IR,1507100.375,1507100.375,20324.13893821538,11399.4609375,11399.4609375,22.70456257294386,4859.72998046875,4859.72998046875,12.0641695029097,59409.30694238426,59409.30700572917,59409.30687903935,0.0,500,1002,15.47297286987305,17.19219207763672,240610.65625,240610.65625,3516.149113807851,HD173667,Observation,IMAG_POL,NAOJ,"""[Summit] Vievard, Skaf [Hilo] Guyon, Lozi, Deo, Ahn""",5.1,622.7,277.95,11.1,-85.23781605200702,-85.23627393119123,-0.0103497931871885,-85.22592413800405,-78.6,-0.96047761471053,0.27835723744853,-0.27835723744853,-0.96047761471053,118548.3060630407,118548.3060630407,118669.332142731,61936039.01880001,61936039.01880001,285720.8447390873,15.0,128.0,128.0,256,256,o21013,3.89376e-05,6.24,-5:14:20.443,ICRS,17.58157104787457,45.0,HWP(NIR),89,113994616.0,113994616.0,227045.6243318961,Subaru,NS_IR,UTC,5.0,50.79549407958984,2159.339470929292,1019149.25,2730.66796875,1072.805297851562,63.66271084187574,116081.9296875,147554368.0,18235.58203125,316981216.0,0.0176648187426779,07:21:59.822,07:22:05.295,07:21:54.349,T,10000.0,501.0,100000.0,10000.0,2.0,5.0,675-50,A,0.0,1,45.0,5.0,1.0,EmptySlot,5.0,4.0,HD173667_02_20210714_675-50_EmptySlot_0,17,/data/20210714/,2.0,152.0,165.0,2769043200.0,2769043200.0,44560912.19168196,675.0838654091856,48.5,699.3999999999999,650.8999999999999,2,32.06742,182.0,182.0,1019149.25,54329046.16159357,0,0.0,0.0,0.0,0.0,0,0,105.0,90,90,94,4,129284983.05969238,101884467.09716797,1076.8526611328125,27400515.962524414,25336.2501818704,4021.2922735532657,0.0,,
HD173667_02_20210714_675-50_EmptySlot_017_cam2_FLC2_fix_coll.fits,True,-32,3,366,366,1,True,1.18,57.93258,OFF,82.6527,DARKS_256_10ms_em5_20210715_625-50_EmptySlot_00_cam2_fix_coll.fits,150,e-/s,-1.7333333333333e-06,1.7333333333333e-06,median,183.5,183.5,-78.58517916666672,20.54630277777778,RA---TAN,DEC--TAN,deg,deg,ACQUISITION,2021-07-14T07:22:10,2021-07-14,0.00015,20:32:46.69,-163.837816052007,VCAM2 - Ultra 897,5.0,7.92,0.0718429257239067,0.0,5.0,3.0,12.4,8.0,SCEXAO,348.72,35708928.0,MIRROR,152.63,15629312.0,ao188cmtx.oct,10.0,OPEN,1.0,1.0,TRACK,93.40598,+20:32:46.71,ADI,55.801,-39.0,18:45:39.730,0.0,ON,0.0,0.01,IN,159.69299,79.69504,+20:32:47,1.0,ADI,163.025,-39.0,18:45:39.7,SYNC,0.0,ao188ttctrl.oct,0.001,0.0,0.9,1.414213562373095,2000.0,0.01,SCI,675-50,Unknown,675-50,Nasmyth-IR,-0.12,VMPA00010363,294912.0,4.5,21:21:59.822,21:22:05.295,21:21:54.349,140.4,VAMPIRES,20.546302777778,180.0,IR,1515795.25,1515795.25,21352.21032206052,11611.994140625,11611.994140625,23.56104320996037,4951.35009765625,4951.35009765625,12.13914001446977,59409.30694238426,59409.30700572917,59409.30687903935,0.0,500,1002,15.47297286987305,17.19219207763672,242596.109375,242596.109375,3634.345920170383,HD173667,Observation,IMAG_POL,NAOJ,"""[Summit] Vievard, Skaf [Hilo] Guyon, Lozi, Deo, Ahn""",5.1,622.7,277.95,11.1,-85.23781605200702,-85.23627393119123,-0.0103497931871885,-85.22592413800405,-78.6,-0.96047761471053,0.27835723744853,-0.27835723744853,-0.96047761471053,119479.3355085165,119479.3355085165,119602.3990383733,63047525.9184,63047525.9184,291507.6899167307,15.0,128.0,128.0,256,256,o21013,3.89376e-05,6.24,-5:14:20.443,ICRS,17.58157104787457,45.0,HWP(NIR),89,116119944.0,116119944.0,235610.4355061135,Subaru,NS_IR,UTC,5.0,50.88643646240234,2142.558729360258,990593.5625,2767.959716796875,1085.219604492188,63.7766902159358,116544.1484375,150820592.0,18268.23046875,322589504.0,0.0179773590005105,07:21:59.822,07:22:05.295,07:21:54.349,T,10000.0,501.0,100000.0,10000.0,2.0,5.0,675-50,B,0.0,2,45.0,5.0,1.0,EmptySlot,5.0,4.0,HD173667_02_20210714_675-50_EmptySlot_0,17,/data/20210714/,2.0,152.0,165.0,2845705984.0,2845705984.0,46964299.59048947,675.0838654091856,48.5,699.3999999999999,650.8999999999999,2,32.06742,182.0,182.0,990593.5625,55341723.64285121,0,0.0,0.0,0.0,0.0,0,0,106.0,90,90,94,4,131827910.47198486,103806323.12182617,1101.2610473632812,28021587.35015869,24992.09684150751,4153.565976481893,0.0,,
HD173667_02_20210714_675-50_EmptySlot_018_cam1_FLC1_fix_coll.fits,True,-32,3,366,366,1,True,1.179,58.01057,OFF,82.66496,DARKS_256_10ms_em5_20210715_625-50_EmptySlot_00_cam1_fix_coll.fits,150,e-/s,-1.7333333333333e-06,1.7333333333333e-06,median,183.5,183.5,-78.58520833333337,20.54631944444445,RA---TAN,DEC--TAN,deg,deg,ACQUISITION,2021-07-14T07:22:28,2021-07-14,0.00015,20:32:46.75,-163.8567260922478,VCAM1 - Ultra 897,5.0,7.92,0.0718429257239067,0.0,5.0,3.0,12.4,8.0,SCEXAO,348.72,35708928.0,MIRROR,152.63,15629312.0,ao188cmtx.oct,10.0,OPEN,1.0,1.0,TRACK,93.44571,+20:32:46.71,ADI,55.782,-39.0,18:45:39.730,0.0,ON,0.0,0.01,IN,159.63503,79.63499,+20:32:47,1.0,ADI,163.025,-39.0,18:45:39.7,SYNC,0.0,ao188ttctrl.oct,0.001,0.0,0.9,1.414213562373095,2000.0,0.01,SCI,675-50,Unknown,675-50,Nasmyth-IR,-0.12,VMPA00010365,294912.0,4.5,21:22:19.964,21:22:25.397,21:22:14.531,140.4,VAMPIRES,20.546319444444,180.0,IR,732175.5625,732175.5625,14928.35457637743,8624.111328125,8624.111328125,37.75652368979067,4590.81005859375,4590.81005859375,10.22069973377022,59409.30717550926,59409.3072383912,59409.30711262731,0.0,500,1002,16.63701896667481,18.48557662963867,94660.4765625,94660.4765625,2239.583670315976,HD173667,Observation,IMAG_POL,NAOJ,"""[Summit] Vievard, Skaf [Hilo] Guyon, Lozi, Deo, Ahn""",5.3,622.7,277.95,11.2,-85.25672609224777,-85.25522150314147,-0.0104366460194,-85.24478485712207,-78.6,-0.96056943210588,0.27804022389537,-0.27804022389537,-0.96056943210588,97619.09660235042,97619.09660235042,98034.23599070092,38254798.24919999,38254798.24919999,378897.0370456898,15.0,128.0,128.0,256,256,o21013,3.89376e-05,6.24,-5:14:20.45,ICRS,17.58157104787457,22.5,HWP(NIR),89,86241096.0,86241096.0,377565.2209571877,Subaru,NS_IR,UTC,5.0,53.77860641479492,865.2235816549728,416876.59375,2247.113037109375,1067.062255859375,67.40148770478852,36152.94921875,124979928.0,19306.51953125,81239760.0,0.0045273522930098,07:22:19.964,07:22:25.397,07:22:14.531,T,10000.0,501.0,100000.0,10000.0,1.0,5.0,675-50,A,0.0,1,22.5,5.0,1.0,EmptySlot,5.0,4.0,HD173667_02_20210714_675-50_EmptySlot_0,18,/data/20210714/,3.0,152.0,165.0,850237120.0,850237120.0,22014944.31088002,675.0838654091856,48.5,699.3999999999999,650.8999999999999,2,31.98943,182.0,183.0,416876.59375,32698546.36752462,"(0.04151277248160959, 0.0)",0.018656671204638396,-0.08739418863709049,0.0,0.0,0,0,104.0,90,90,94,4,104115817.27044678,75695171.74859619,1116.9442138671875,28420645.521850586,23070.645587551946,3281.0166261423765,0.00014577437821572931,,
HD173667_02_20210714_675-50_EmptySlot_018_cam1_FLC2_fix_coll.fits,True,-32,3,366,366,1,True,1.179,58.01057,OFF,82.66496,DARKS_256_10ms_em5_20210715_625-50_EmptySlot_00_cam1_fix_coll.fits,150,e-/s,-1.7333333333333e-06,1.7333333333333e-06,median,183.5,183.5,-78.58520833333337,20.54631944444445,RA---TAN,DEC--TAN,deg,deg,ACQUISITION,2021-07-14T07:22:28,2021-07-14,0.00015,20:32:46.75,-163.8567260922478,VCAM1 - Ultra 897,5.0,7.92,0.0718429257239067,0.0,5.0,3.0,12.4,8.0,SCEXAO,348.72,35708928.0,MIRROR,152.63,15629312.0,ao188cmtx.oct,10.0,OPEN,1.0,1.0,TRACK,93.44571,+20:32:46.71,ADI,55.782,-39.0,18:45:39.730,0.0,ON,0.0,0.01,IN,159.63503,79.63499,+20:32:47,1.0,ADI,163.025,-39.0,18:45:39.7,SYNC,0.0,ao188ttctrl.oct,0.001,0.0,0.9,1.414213562373095,2000.0,0.01,SCI,675-50,Unknown,675-50,Nasmyth-IR,-0.12,VMPA00010365,294912.0,4.5,21:22:19.964,21:22:25.397,21:22:14.531,140.4,VAMPIRES,20.546319444444,180.0,IR,692118.0625,692118.0625,14077.46502644192,8132.95849609375,8132.95849609375,35.89082084851529,4342.31982421875,4342.31982421875,9.6463745994602,59409.30717550926,59409.3072383912,59409.30711262731,0.0,500,1002,16.63701896667481,18.48557662963867,89709.859375,89709.859375,2080.544732958789,HD173667,Observation,IMAG_POL,NAOJ,"""[Summit] Vievard, Skaf [Hilo] Guyon, Lozi, Deo, Ahn""",5.3,622.7,277.95,11.2,-85.25672609224777,-85.25522150314147,-0.0104366460194,-85.24478485712207,-78.6,-0.96056943210588,0.27804022389537,-0.27804022389537,-0.96056943210588,95474.0815881712,95474.0815881712,95865.27107495842,36152308.692,36152308.692,355758.8052504998,15.0,128.0,128.0,256,256,o21013,3.89376e-05,6.24,-5:14:20.45,ICRS,17.58157104787457,22.5,HWP(NIR),89,81329584.0,81329584.0,358908.207655362,Subaru,NS_IR,UTC,5.0,53.5580940246582,863.1966886278315,377898.25,2114.422119140625,995.67919921875,67.12511640877693,34078.17578125,117124184.0,19227.35546875,72055648.0,0.0040155375052451,07:22:19.964,07:22:25.397,07:22:14.531,T,10000.0,501.0,100000.0,10000.0,1.0,5.0,675-50,B,0.0,2,22.5,5.0,1.0,EmptySlot,5.0,4.0,HD173667_02_20210714_675-50_EmptySlot_0,18,/data/20210714/,3.0,152.0,165.0,759528576.0,759528576.0,19296010.15450527,675.0838654091856,48.5,699.3999999999999,650.8999999999999,2,31.98943,182.0,183.0,377898.25,30872531.695481427,0,0.0,0.0,0.0,0.0,0,0,104.0,90,90,94,4,98026064.24658203,71625193.25170898,1037.566162109375,26400870.994873047,22469.91285782169,3187.6044070538765,0.0,,
HD173667_02_20210714_675-50_EmptySlot_018_cam2_FLC1_fix_coll.fits,True,-32,3,366,366,1,True,1.179,58.01057,OFF,82.66496,DARKS_256_10ms_em5_20210715_625-50_EmptySlot_00_cam2_fix_coll.fits,150,e-/s,-1.7333333333333e-06,1.7333333333333e-06,median,183.5,183.5,-78.58520833333337,20.54631944444445,RA---TAN,DEC--TAN,deg,deg,ACQUISITION,2021-07-14T07:22:30,2021-07-14,0.00015,20:32:46.75,-163.8567260922478,VCAM2 - Ultra 897,5.0,7.92,0.0718429257239067,0.0,5.0,3.0,12.4,8.0,SCEXAO,348.72,35708928.0,MIRROR,152.63,15629312.0,ao188cmtx.oct,10.0,OPEN,1.0,1.0,TRACK,93.44571,+20:32:46.71,ADI,55.782,-39.0,18:45:39.730,0.0,ON,0.0,0.01,IN,159.63503,79.63499,+20:32:47,1.0,ADI,163.025,-39.0,18:45:39.7,SYNC,0.0,ao188ttctrl.oct,0.001,0.0,0.9,1.414213562373095,2000.0,0.01,SCI,675-50,Unknown,675-50,Nasmyth-IR,-0.12,VMPA00010367,294912.0,4.5,21:22:19.964,21:22:25.397,21:22:14.531,140.4,VAMPIRES,20.546319444444,180.0,IR,842166.5,842166.5,17050.20979175647,9908.21875,9908.21875,44.46510976281354,5126.93994140625,5126.93994140625,11.39549046137894,59409.30717550926,59409.3072383912,59409.30711262731,0.0,500,1002,15.47297286987305,17.19219207763672,109566.796875,109566.796875,2576.806828930827,HD173667,Observation,IMAG_POL,NAOJ,"""[Summit] Vievard, Skaf [Hilo] Guyon, Lozi, Deo, Ahn""",5.3,622.7,277.95,11.2,-85.25672609224777,-85.25522150314147,-0.0104366460194,-85.24478485712207,-78.6,-0.96056943210588,0.27804022389537,-0.27804022389537,-0.96056943210588,102286.9132211515,102286.9132211515,102777.0596726789,44339667.34320001,44339667.34320001,440055.836432229,15.0,128.0,128.0,256,256,o21013,3.89376e-05,6.24,-5:14:20.45,ICRS,17.58157104787457,22.5,HWP(NIR),89,99082192.0,99082192.0,444651.0615977431,Subaru,NS_IR,UTC,5.0,50.48033142089844,844.9169331309531,478504.21875,2582.344482421875,1211.83642578125,63.26771302618386,43222.11328125,138948208.0,18122.439453125,111614384.0,0.0062200779191775,07:22:19.964,07:22:25.397,07:22:14.531,T,10000.0,501.0,100000.0,10000.0,2.0,5.0,675-50,A,0.0,1,22.5,5.0,1.0,EmptySlot,5.0,4.0,HD173667_02_20210714_675-50_EmptySlot_0,18,/data/20210714/,3.0,152.0,165.0,1131051392.0,1131051392.0,29083569.48643173,675.0838654091856,48.5,699.3999999999999,650.8999999999999,2,31.98943,182.0,182.0,478504.21875,37719560.64802272,0,0.0,0.0,0.0,0.0,0,0,105.0,90,90,94,4,117877920.81604004,86791349.34387207,1221.71630859375,31086571.47216797,23961.464346062727,3622.122091137279,0.0,,
HD173667_02_20210714_675-50_EmptySlot_018_cam2_FLC2_fix_coll.fits,True,-32,3,366,366,1,True,1.179,58.01057,OFF,82.66496,DARKS_256_10ms_em5_20210715_625-50_EmptySlot_00_cam2_fix_coll.fits,150,e-/s,-1.7333333333333e-06,1.7333333333333e-06,median,183.5,183.5,-78.58520833333337,20.54631944444445,RA---TAN,DEC--TAN,deg,deg,ACQUISITION,2021-07-14T07:22:30,2021-07-14,0.00015,20:32:46.75,-163.8567260922478,VCAM2 - Ultra 897,5.0,7.92,0.0718429257239067,0.0,5.0,3.0,12.4,8.0,SCEXAO,348.72,35708928.0,MIRROR,152.63,15629312.0,ao188cmtx.oct,10.0,OPEN,1.0,1.0,TRACK,93.44571,+20:32:46.71,ADI,55.782,-39.0,18:45:39.730,0.0,ON,0.0,0.01,IN,159.63503,79.63499,+20:32:47,1.0,ADI,163.025,-39.0,18:45:39.7,SYNC,0.0,ao188ttctrl.oct,0.001,0.0,0.9,1.414213562373095,2000.0,0.01,SCI,675-50,Unknown,675-50,Nasmyth-IR,-0.12,VMPA00010367,294912.0,4.5,21:22:19.964,21:22:25.397,21:22:14.531,140.4,VAMPIRES,20.546319444444,180.0,IR,856877.625,856877.625,17207.08114071797,10141.3232421875,10141.3232421875,45.69256150174172,5232.14990234375,5232.14990234375,11.38938508412226,59409.30717550926,59409.3072383912,59409.30711262731,0.0,500,1002,15.47297286987305,17.19219207763672,112200.4140625,112200.4140625,2578.654380097236,HD173667,Observation,IMAG_POL,NAOJ,"""[Summit] Vievard, Skaf [Hilo] Guyon, Lozi, Deo, Ahn""",5.3,622.7,277.95,11.2,-85.25672609224777,-85.25522150314147,-0.0104366460194,-85.24478485712207,-78.6,-0.96056943210588,0.27804022389537,-0.27804022389537,-0.96056943210588,103350.8957218986,103350.8957218986,103851.293085853,45449413.1604,45449413.1604,451072.2189566987,15.0,128.0,128.0,256,256,o21013,3.89376e-05,6.24,-5:14:20.45,ICRS,17.58157104787457,22.5,HWP(NIR),89,101413224.0,101413224.0,456925.6437107114,Subaru,NS_IR,UTC,5.0,50.57994842529297,852.1181776769226,481053.375,2638.21484375,1237.563720703125,63.39256442610855,44445.890625,141949152.0,18158.201171875,117257808.0,0.006534576245943,07:22:19.964,07:22:25.397,07:22:14.531,T,10000.0,501.0,100000.0,10000.0,2.0,5.0,675-50,B,0.0,2,22.5,5.0,1.0,EmptySlot,5.0,4.0,HD173667_02_20210714_675-50_EmptySlot_0,18,/data/20210714/,3.0,152.0,165.0,1185869952.0,1185869952.0,29948101.34299967,675.0838654091856,48.5,699.3999999999999,650.8999999999999,2,31.98943,182.0,182.0,481053.375,38724124.29220767,0,0.0,0.0,0.0,0.0,0,0,105.0,90,90,94,4,120574302.31750488,88744798.65631104,1250.9138793945312,31829503.661193848,24599.63100611706,3607.5662530971845,0.0,,
HD173667_02_20210714_675-50_EmptySlot_019_cam1_FLC1_fix_coll.fits,True,-32,3,366,366,1,True,1.178,58.09165,OFF,82.67773,DARKS_256_10ms_em5_20210715_625-50_EmptySlot_00_cam1_fix_coll.fits,150,e-/s,-1.7333333333333e-06,1.7333333333333e-06,median,183.5,183.5,-78.58520416666668,20.54631111111112,RA---TAN,DEC--TAN,deg,deg,ACQUISITION,2021-07-14T07:22:49,2021-07-14,0.00015,20:32:46.72,-163.8763716447274,VCAM1 - Ultra 897,5.0,7.92,0.0718429257239067,0.0,5.0,3.0,12.4,8.0,SCEXAO,348.72,35708928.0,MIRROR,152.63,15629312.0,ao188cmtx.oct,10.0,OPEN,1.0,1.0,TRACK,93.48595,+20:32:46.71,ADI,55.762,-39.0,18:45:39.730,0.0,ON,0.0,0.01,IN,159.57203,79.57199,+20:32:47,1.0,ADI,163.025,-39.0,18:45:39.7,SYNC,0.0,ao188ttctrl.oct,0.001,0.0,0.9,1.414213562373095,2000.0,0.01,SCI,675-50,Unknown,675-50,Nasmyth-IR,-0.12,VMPA00010369,294912.0,4.5,21:22:40.670,21:22:46.107,21:22:35.232,140.4,VAMPIRES,20.546311111111,180.0,IR,1186895.25,1186895.25,17832.93560448287,9605.7197265625,9605.7197265625,20.0440415624812,4390.64990234375,4390.64990234375,11.02695550530457,59409.30741515625,59409.30747809028,59409.30735222223,0.0,500,1002,16.63701896667481,18.48557662963867,176094.34375,176094.34375,2893.030514151982,HD173667,Observation,IMAG_POL,NAOJ,"""[Summit] Vievard, Skaf [Hilo] Guyon, Lozi, Deo, Ahn""",5.2,622.7,277.95,11.3,-85.2763716447274,-85.27502861512062,-0.0103607090008921,-85.26466790611973,-78.6,-0.96066470995223,0.27771084791991,-0.27771084791991,-0.96066470995223,108966.2548054269,108966.2548054269,109101.1662461988,49716432.0576,49716432.0576,258256.0890053051,15.0,128.0,128.0,256,256,o21013,3.89376e-05,6.24,-5:14:20.449,ICRS,17.58157104787457,67.5,HWP(NIR),89,96057208.0,96057208.0,200440.4179613283,Subaru,NS_IR,UTC,5.0,53.93938446044922,1867.708909781111,787005.75,2301.538330078125,936.990234375,67.602993102377,79693.2265625,129028848.0,19364.23828125,183417024.0,0.0102215157231317,07:22:40.670,07:22:46.107,07:22:35.232,T,10000.0,501.0,100000.0,10000.0,1.0,5.0,675-50,A,0.0,1,67.5,5.0,1.0,EmptySlot,5.0,4.0,HD173667_02_20210714_675-50_EmptySlot_0,19,/data/20210714/,4.0,152.0,165.0,1710588672.0,1710588672.0,29939557.77447123,675.0838654091856,48.5,699.3999999999999,650.8999999999999,2,31.90835,182.0,183.0,787005.75,43504437.78312038,"(-0.00355191549504609, 0.0)",-0.0019641578411783746,-0.08313419142663322,0.0,0.0,0,0,104.0,90,90,94,4,110805066.3079834,85648042.54928589,988.6824035644531,25157023.75869751,22931.128554935185,3735.0120969450895,0.00012792050389971415,,
HD173667_02_20210714_675-50_EmptySlot_019_cam1_FLC2_fix_coll.fits,True,-32,3,366,366,1,True,1.178,58.09165,OFF,82.67773,DARKS_256_10ms_em5_20210715_625-50_EmptySlot_00_cam1_fix_coll.fits,150,e-/s,-1.7333333333333e-06,1.7333333333333e-06,median,183.5,183.5,-78.58520416666668,20.54631111111112,RA---TAN,DEC--TAN,deg,deg,ACQUISITION,2021-07-14T07:22:49,2021-07-14,0.00015,20:32:46.72,-163.8763716447274,VCAM1 - Ultra 897,5.0,7.92,0.0718429257239067,0.0,5.0,3.0,12.4,8.0,SCEXAO,348.72,35708928.0,MIRROR,152.63,15629312.0,ao188cmtx.oct,10.0,OPEN,1.0,1.0,TRACK,93.48595,+20:32:46.71,ADI,55.762,-39.0,18:45:39.730,0.0,ON,0.0,0.01,IN,159.57203,79.57199,+20:32:47,1.0,ADI,163.025,-39.0,18:45:39.7,SYNC,0.0,ao188ttctrl.oct,0.001,0.0,0.9,1.414213562373095,2000.0,0.01,SCI,675-50,Unknown,675-50,Nasmyth-IR,-0.12,VMPA00010369,294912.0,4.5,21:22:40.670,21:22:46.107,21:22:35.232,140.4,VAMPIRES,20.546311111111,180.0,IR,1161898.375,1161898.375,17130.20931627898,9483.6484375,9483.6484375,19.50338778504794,4329.5849609375,4329.5849609375,10.22059259794488,59409.30741515625,59409.30747809028,59409.30735222223,0.0,500,1002,16.63701896667481,18.48557662963867,173091.484375,173091.484375,2797.727899408455,HD173667,Observation,IMAG_POL,NAOJ,"""[Summit] Vievard, Skaf [Hilo] Guyon, Lozi, Deo, Ahn""",5.2,622.7,277.95,11.3,-85.2763716447274,-85.27502861512062,-0.0103607090008921,-85.26466790611973,-78.6,-0.96066470995223,0.27771084791991,-0.27771084791991,-0.96066470995223,108477.7273661176,108477.7273661176,108611.5420722463,49183814.0412,49183814.0412,255580.2350100468,15.0,128.0,128.0,256,256,o21013,3.89376e-05,6.24,-5:14:20.449,ICRS,17.58157104787457,67.5,HWP(NIR),89,94836480.0,94836480.0,195033.8739198911,Subaru,NS_IR,UTC,5.0,53.88256454467773,1877.214332020929,806901.8125,2281.65625,927.1974487304688,67.53177989865952,79490.609375,126857800.0,19343.83984375,181370240.0,0.0101074519662262,07:22:40.670,07:22:46.107,07:22:35.232,T,10000.0,501.0,100000.0,10000.0,1.0,5.0,675-50,B,0.0,2,67.5,5.0,1.0,EmptySlot,5.0,4.0,HD173667_02_20210714_675-50_EmptySlot_0,19,/data/20210714/,4.0,152.0,165.0,1660924160.0,1660924160.0,28783162.16127023,675.0838654091856,48.5,699.3999999999999,650.8999999999999,2,31.90835,182.0,183.0,806901.8125,43043794.05060441,0,0.0,0.0,0.0,0.0,0,0,104.0,90,90,94,4,109279721.0055542,84515677.5982666,973.2380981445312,24764043.407287598,22811.40647459571,3704.9744255089595,0.0,,
HD173667_02_20210714_675-50_EmptySlot_019_cam2_FLC1_fix_coll.fits,True,-32,3,366,366,1,True,1.178,58.09165,OFF,82.67773,DARKS_256_10ms_em5_20210715_625-50_EmptySlot_00_cam2_fix_coll.fits,150,e-/s,-1.7333333333333e-06,1.7333333333333e-06,median,183.5,183.5,-78.58520416666668,20.54631111111112,RA---TAN,DEC--TAN,deg,deg,ACQUISITION,2021-07-14T07:22:50,2021-07-14,0.00015,20:32:46.72,-163.8763716447274,VCAM2 - Ultra 897,5.0,7.92,0.0718429257239067,0.0,5.0,3.0,12.4,8.0,SCEXAO,348.72,35708928.0,MIRROR,152.63,15629312.0,ao188cmtx.oct,10.0,OPEN,1.0,1.0,TRACK,93.48595,+20:32:46.71,ADI,55.762,-39.0,18:45:39.730,0.0,ON,0.0,0.01,IN,159.57203,79.57199,+20:32:47,1.0,ADI,163.025,-39.0,18:45:39.7,SYNC,0.0,ao188ttctrl.oct,0.001,0.0,0.9,1.414213562373095,2000.0,0.01,SCI,675-50,Unknown,675-50,Nasmyth-IR,-0.12,VMPA00010371,294912.0,4.5,21:22:40.670,21:22:46.107,21:22:35.232,140.4,VAMPIRES,20.546311111111,180.0,IR,1408397.625,1408397.625,20909.58066591444,11404.6064453125,11404.6064453125,23.2428839283962,5041.21484375,5041.21484375,12.0616146205526,59409.30741515625,59409.30747809028,59409.30735222223,0.0,500,1002,15.47297286987305,17.19219207763672,210794.375,210794.375,3424.475916900304,HD173667,Observation,IMAG_POL,NAOJ,"""[Summit] Vievard, Skaf [Hilo] Guyon, Lozi, Deo, Ahn""",5.2,622.7,277.95,11.3,-85.2763716447274,-85.27502861512062,-0.0103607090008921,-85.26466790611973,-78.6,-0.96066470995223,0.27771084791991,-0.27771084791991,-0.96066470995223,116435.7681885903,116435.7681885903,116594.1230768438,59495212.64520001,59495212.64520001,308511.8493236225,15.0,128.0,128.0,256,256,o21013,3.89376e-05,6.24,-5:14:20.449,ICRS,17.58157104787457,67.5,HWP(NIR),89,114046064.0,114046064.0,232428.8685450077,Subaru,NS_IR,UTC,5.0,50.84564590454102,1814.650929381096,922196.125,2756.35546875,1111.578491210938,63.72556683309922,98372.6953125,149557088.0,18253.587890625,271150112.0,0.0151107300330907,07:22:40.670,07:22:46.107,07:22:35.232,T,10000.0,501.0,100000.0,10000.0,2.0,5.0,675-50,A,0.0,1,67.5,5.0,1.0,EmptySlot,5.0,4.0,HD173667_02_20210714_675-50_EmptySlot_0,19,/data/20210714/,4.0,152.0,165.0,2430757376.0,2430757376.0,42101884.26617672,675.0838654091856,48.5,699.3999999999999,650.8999999999999,2,31.90835,182.0,182.0,922196.125,51904612.98048737,0,0.0,0.0,0.0,0.0,0,0,105.0,90,90,94,4,130141704.71917725,101441686.01861572,1127.9237060546875,28700018.700561523,24342.624264196344,4167.245277980088,0.0,,
HD173667_02_20210714_675-50_EmptySlot_019_cam2_FLC2_fix_coll.fits,True,-32,3,366,366,1,True,1.178,58.09165,OFF,82.67773,DARKS_256_10ms_em5_20210715_625-50_EmptySlot_00_cam2_fix_coll.fits,150,e-/s,-1.7333333333333e-06,1.7333333333333e-06,median,183.5,183.5,-78.58520416666668,20.54631111111112,RA---TAN,DEC--TAN,deg,deg,ACQUISITION,2021-07-14T07:22:50,2021-07-14,0.00015,20:32:46.72,-163.8763716447274,VCAM2 - Ultra 897,5.0,7.92,0.0718429257239067,0.0,5.0,3.0,12.4,8.0,SCEXAO,348.72,35708928.0,MIRROR,152.63,15629312.0,ao188cmtx.oct,10.0,OPEN,1.0,1.0,TRACK,93.48595,+20:32:46.71,ADI,55.762,-39.0,18:45:39.730,0.0,ON,0.0,0.01,IN,159.57203,79.57199,+20:32:47,1.0,ADI,163.025,-39.0,18:45:39.7,SYNC,0.0,ao188ttctrl.oct,0.001,0.0,0.9,1.414213562373095,2000.0,0.01,SCI,675-50,Unknown,675-50,Nasmyth-IR,-0.12,VMPA00010371,294912.0,4.5,21:22:40.670,21:22:46.107,21:22:35.232,140.4,VAMPIRES,20.546311111111,180.0,IR,1362823.375,1362823.375,20067.04562495986,11190.353515625,11190.353515625,22.58280304864415,4953.68994140625,4953.68994140625,12.56382369653432,59409.30741515625,59409.30747809028,59409.30735222223,0.0,500,1002,15.47297286987305,17.19219207763672,203841.65625,203841.65625,3288.404542142633,HD173667,Observation,IMAG_POL,NAOJ,"""[Summit] Vievard, Skaf [Hilo] Guyon, Lozi, Deo, Ahn""",5.2,622.7,277.95,11.3,-85.2763716447274,-85.27502861512062,-0.0103607090008921,-85.26466790611973,-78.6,-0.96066470995223,0.27771084791991,-0.27771084791991,-0.96066470995223,115469.4090538587,115469.4090538587,115626.5797107819,58371481.1124,58371481.1124,303766.9804998809,15.0,128.0,128.0,256,256,o21013,3.89376e-05,6.24,-5:14:20.449,ICRS,17.58157104787457,67.5,HWP(NIR),89,111903536.0,111903536.0,225828.0182361082,Subaru,NS_IR,UTC,5.0,50.74485778808594,1794.814089912456,902921.1875,2705.203857421875,1087.728759765625,63.59924766187267,95681.3828125,146156752.0,18217.404296875,258837648.0,0.0144245775614068,07:22:40.670,07:22:46.107,07:22:35.232,T,10000.0,501.0,100000.0,10000.0,2.0,5.0,675-50,B,0.0,2,67.5,5.0,1.0,EmptySlot,5.0,4.0,HD173667_02_20210714_675-50_EmptySlot_0,19,/data/20210714/,4.0,152.0,165.0,2306383104.0,2306383104.0,39727441.96235347,675.0838654091856,48.5,699.3999999999999,650.8999999999999,2,31.90835,182.0,183.0,902921.1875,50988783.55368206,0,0.0,0.0,0.00742959477932132,-0.010310414522908385,0,0,105.0,90,90,94,4,127535399.05505371,99580253.84295654,1098.6498413085938,27955145.212097168,24812.968119619014,4013.2342637485935,0.0,0.006463793373973029,-0.011025158696644352
