FILE_NAME,SIMPLE,BITPIX,NAXIS,NAXIS1,NAXIS2,DATE-OBS,OBJECT,UT,UT-END,UT-STR,HST,HST-END,HST-STR,MJD,MJD-END,MJD-STR,FRAMEID,EXPTIME,DATA-TYP,OBSERVAT,TELESCOP,INSTRUME,TIMESYS,PROP-ID,OBSERVER,OBS-ALOC,OBS-MOD,RADESYS,LONPOLE,RA,DEC,EQUINOX,TELFOCUS,FOC-VAL,AIRMASS,ZD,AZIMUTH,ALTITUDE,FOC-POS,AUTOGUID,M2-TYPE,OUT-HUM,OUT-PRS,OUT-TMP,OUT-WND,U_CAMERA,U_AQTINT,U_AQNCYC,U_FLCOFF,U_AQSDEL,U_AQDTIM,U_HWPANG,U_NLOOPS,U_LOOPIT,U_NPOLST,U_PLSTIT,U_ORGDIR,U_OGFNAM,U_OGFNUM,U_EMGAIN,U_QWP1,U_QWP2,U_FILTER,U_MASK,U_MANGLE,U_AOHWP,D_SADC,D_SADCA1,D_SADCA2,D_SADCDC,D_SADCFC,D_SADCMD,D_SADCPA,D_SADCP,D_SADCRA,D_SADCST,D_BS1,D_BS1P,D_BS1S,D_BS2,D_BS2P,D_BS2S,D_ENSHUT,D_BNCHI,D_BNCHO,D_BNCTI,D_BNCTO,D_IMRANG,D_IMRDEC,D_IMRMOD,D_IMRPAD,D_IMRPAP,D_IMRRA,D_IMR,D_ADFG,D_DMCMTX,D_DMGAIN,D_HDFG,D_HTTG,D_LDFG,D_LOOP,D_LTTG,D_PSUBG,D_STTG,D_TTCMTX,D_TTGAIN,D_WTTG,DATE,U_FLCSTT,OG_FRMID,DETECTOR,DETGAIN,RET-ANG1,RETPLAT1,U_FLCANG,PA-STR,PA-END,PA,PARANG,WCSAXES,CRPIX1,CRPIX2,PC1_1,PC1_2,PC2_1,PC2_2,CDELT1,CDELT2,CUNIT1,CUNIT2,CTYPE1,CTYPE2,CRVAL1,CRVAL2,LATPOLE,MJDREF,COL_METH,MAX_X,MAX_Y,MAX_PIXEL_VALUE,R_15_TOTAL_COUNTS,NORM_I,DOUBLE_DIFFERENCE,DOUBLE_SUM,Q,U,Q_sem,U_sem,SCIENCE_REGION_MAX_RADIUS,APPENDIX_D_APERTURE_RADIUS,BACKGROUND_ANNULUS_INNER_RADIUS,BACKGROUND_ANNULUS_OUTER_RADIUS,BACKGROUND_ANNULUS_WIDTH,R_48_RAW_TOTAL_COUNTS,R_48_TOTAL_COUNTS,R_48_ANNULUS_R_48_TO_55_BACKGROUND_PER_PIXEL,R_48_ANNULUS_R_48_TO_55_BACKGROUND_TOTAL_COUNTS,R_48_TOTAL_COUNTS_NOISE,R_48_ANNULUS_R_48_TO_55_SNR,DOUBLE_DIFFERENCE_ERRS,APPENDIX_D_Q_OVER_I,APPENDIX_D_U_OVER_I
VDATA20220128A_00000984_calib_collapsed.fits,True,-32,2,128,128,2022-01-28,HD108767,11:10:17.087,11:10:37.510,11:09:56.664,01:10:17.094,01:10:37.517,01:09:56.670,59607.4654685,59607.465706,59607.465231,VTMP00000984,19.995,ACQUISITION,NAOJ,Subaru,VAMPIRES,UTC,o21156,"""[Summit] Millar-Blancher, Zhang [Hilo] Guyon, Deo, Vievard, Ah""",Observation,IMAG_POL,ICRS,180.0,12:29:51.765,-16:31:03.5,2000.0,NS_IR,-0.12,1.965,59.50664,124.44317,30.49336,Nasmyth-IR,OFF,IR,27.0,621.7,270.75,5.8,1.0,5000.0,4000.0,0.0,100000.0,5000.0,0.0,10.0,1.0,4.0,1.0,/mnt/data/20220128/,HD108767_01_20220128_675-50_EmptySlot_0,0,10.0,152.0,165.0,675-50,EmptySlot,1.0,T,IN,200.91198,198.93297,-16:30:56,1.0,ADI,-39.0,163.025,12:29:51.9,SYNC,SCEXAO,348.72,35708928.0,MIRROR,152.63,15629312.0,OPEN,13.0,100.0,10.5,0.0,79.74685,-16:30:55.55,ADI,86.941,-39.0,12:29:51.860,TRACK,0.0,ao188cmtx.oct,12.0,1.0,1.0,0.0,ON,0.0,0.01,0.0,ao188ttctrl.oct,0.001,0.0,2022-01-28T11:10:43,1,VMPA00017133,iXon Ultra 897 - VAMPIRES 1.0,10.0,0.0,HWP(NIR),45,-54.05699079641303,-53.95082478440906,-54.00396403346271,-132.6039640334627,2,64.5,64.5,-0.67692689526025,-0.73605025539926,0.73605025539926,-0.67692689526025,-1.7333333333333e-06,1.7333333333333e-06,deg,deg,RA---TAN,DEC--TAN,187.4656875,-16.517638888889,-16.517638888889,0.0,median,60.0,64.0,8278.0,694048.9077300336,"(0.030035724783179812, 0.0)",0.013568407194381455,-0.10439021460000901,0.0,0.0,0,0,60.0,48,48,55,7,1618508.0,1142450.0,66.0,476058.0,1437.506376868525,794.744300535711,0.0006084055397796874,,
VDATA20220128A_00000985_calib_collapsed.fits,True,-32,2,128,128,2022-01-28,HD108767,11:10:17.087,11:10:37.510,11:09:56.664,01:10:17.094,01:10:37.517,01:09:56.670,59607.4654685,59607.465706,59607.465231,VTMP00000985,19.995,ACQUISITION,NAOJ,Subaru,VAMPIRES,UTC,o21156,"""[Summit] Millar-Blancher, Zhang [Hilo] Guyon, Deo, Vievard, Ah""",Observation,IMAG_POL,ICRS,180.0,12:29:51.765,-16:31:03.5,2000.0,NS_IR,-0.12,1.965,59.50664,124.44317,30.49336,Nasmyth-IR,OFF,IR,27.0,621.7,270.75,5.8,1.0,5000.0,4000.0,0.0,100000.0,5000.0,0.0,10.0,1.0,4.0,1.0,/mnt/data/20220128/,HD108767_01_20220128_675-50_EmptySlot_0,0,10.0,152.0,165.0,675-50,EmptySlot,1.0,T,IN,200.91198,198.93297,-16:30:56,1.0,ADI,-39.0,163.025,12:29:51.9,SYNC,SCEXAO,348.72,35708928.0,MIRROR,152.63,15629312.0,OPEN,13.0,100.0,10.5,0.0,79.74685,-16:30:55.55,ADI,86.941,-39.0,12:29:51.860,TRACK,0.0,ao188cmtx.oct,12.0,1.0,1.0,0.0,ON,0.0,0.01,0.0,ao188ttctrl.oct,0.001,0.0,2022-01-28T11:10:43,2,VMPA00017133,iXon Ultra 897 - VAMPIRES 1.0,10.0,0.0,HWP(NIR),45,-54.05699079641303,-53.95082478440906,-54.00396403346271,-132.6039640334627,2,64.5,64.5,-0.67692689526025,-0.73605025539926,0.73605025539926,-0.67692689526025,-1.7333333333333e-06,1.7333333333333e-06,deg,deg,RA---TAN,DEC--TAN,187.4656875,-16.517638888889,-16.517638888889,0.0,median,59.0,64.0,7717.0,663583.9824489973,0,0.0,0.0,0.0,0.0,0,0,59.0,48,48,55,7,1551991.5,1093966.0,63.5,458025.5,1400.9588322634945,780.8694836753384,0.0,,
VDATA20220128A_00000986_calib_collapsed.fits,True,-32,2,128,128,2022-01-28,HD108767,11:10:17.087,11:10:37.510,11:09:56.664,01:10:17.094,01:10:37.517,01:09:56.670,59607.4654685,59607.465706,59607.465231,VTMP00000986,19.995,ACQUISITION,NAOJ,Subaru,VAMPIRES,UTC,o21156,"""[Summit] Millar-Blancher, Zhang [Hilo] Guyon, Deo, Vievard, Ah""",Observation,IMAG_POL,ICRS,180.0,12:29:51.765,-16:31:03.5,2000.0,NS_IR,-0.12,1.965,59.50664,124.44317,30.49336,Nasmyth-IR,OFF,IR,27.0,621.7,270.75,5.8,2.0,5000.0,4000.0,0.0,100000.0,5000.0,0.0,10.0,1.0,4.0,1.0,/mnt/data/20220128/,HD108767_01_20220128_675-50_EmptySlot_0,0,10.0,152.0,165.0,675-50,EmptySlot,1.0,T,IN,200.91198,198.93297,-16:30:56,1.0,ADI,-39.0,163.025,12:29:51.9,SYNC,SCEXAO,348.72,35708928.0,MIRROR,152.63,15629312.0,OPEN,13.0,100.0,10.5,0.0,79.74685,-16:30:55.55,ADI,86.941,-39.0,12:29:51.860,TRACK,0.0,ao188cmtx.oct,12.0,1.0,1.0,0.0,ON,0.0,0.01,0.0,ao188ttctrl.oct,0.001,0.0,2022-01-28T11:10:47,1,VMPA00017135,iXon Ultra 897 - VAMPIRES 2.0,10.0,0.0,HWP(NIR),45,-54.05699079641303,-53.95082478440906,-54.00396403346271,-132.6039640334627,2,64.5,64.5,-0.67692689526025,-0.73605025539926,0.73605025539926,-0.67692689526025,-1.7333333333333e-06,1.7333333333333e-06,deg,deg,RA---TAN,DEC--TAN,187.4656875,-16.517638888889,-16.517638888889,0.0,median,61.0,64.0,9586.0,827676.2097864449,0,0.0,0.0,0.0,0.0,0,0,61.0,48,48,55,7,1924641.0,1369240.0,77.0,555401.0,1614.882404608967,847.8883639403776,0.0,,
VDATA20220128A_00000987_calib_collapsed.fits,True,-32,2,128,128,2022-01-28,HD108767,11:10:17.087,11:10:37.510,11:09:56.664,01:10:17.094,01:10:37.517,01:09:56.670,59607.4654685,59607.465706,59607.465231,VTMP00000987,19.995,ACQUISITION,NAOJ,Subaru,VAMPIRES,UTC,o21156,"""[Summit] Millar-Blancher, Zhang [Hilo] Guyon, Deo, Vievard, Ah""",Observation,IMAG_POL,ICRS,180.0,12:29:51.765,-16:31:03.5,2000.0,NS_IR,-0.12,1.965,59.50664,124.44317,30.49336,Nasmyth-IR,OFF,IR,27.0,621.7,270.75,5.8,2.0,5000.0,4000.0,0.0,100000.0,5000.0,0.0,10.0,1.0,4.0,1.0,/mnt/data/20220128/,HD108767_01_20220128_675-50_EmptySlot_0,0,10.0,152.0,165.0,675-50,EmptySlot,1.0,T,IN,200.91198,198.93297,-16:30:56,1.0,ADI,-39.0,163.025,12:29:51.9,SYNC,SCEXAO,348.72,35708928.0,MIRROR,152.63,15629312.0,OPEN,13.0,100.0,10.5,0.0,79.74685,-16:30:55.55,ADI,86.941,-39.0,12:29:51.860,TRACK,0.0,ao188cmtx.oct,12.0,1.0,1.0,0.0,ON,0.0,0.01,0.0,ao188ttctrl.oct,0.001,0.0,2022-01-28T11:10:47,2,VMPA00017135,iXon Ultra 897 - VAMPIRES 2.0,10.0,0.0,HWP(NIR),45,-54.05699079641303,-53.95082478440906,-54.00396403346271,-132.6039640334627,2,64.5,64.5,-0.67692689526025,-0.73605025539926,0.73605025539926,-0.67692689526025,-1.7333333333333e-06,1.7333333333333e-06,deg,deg,RA---TAN,DEC--TAN,187.4656875,-16.517638888889,-16.517638888889,0.0,median,61.0,63.0,9617.0,840883.6251818981,0,0.0,0.0,0.0,0.0,0,0,61.0,48,48,55,7,1954739.5,1388519.0,78.5,566220.5,1611.2814935929953,861.7482454314935,0.0,,
VDATA20220128A_00000988_calib_collapsed.fits,True,-32,2,128,128,2022-01-28,HD108767,11:12:47.356,11:13:07.774,11:12:26.939,01:12:47.362,01:13:07.780,01:12:26.944,59607.467205,59607.467442,59607.466968,VTMP00000988,19.995,ACQUISITION,NAOJ,Subaru,VAMPIRES,UTC,o21156,"""[Summit] Millar-Blancher, Zhang [Hilo] Guyon, Deo, Vievard, Ah""",Observation,IMAG_POL,ICRS,180.0,12:29:51.767,-16:31:03.36,2000.0,NS_IR,-0.12,1.938,59.02162,124.85502,30.97838,Nasmyth-IR,OFF,IR,27.1,621.7,270.75,5.7,1.0,5000.0,4000.0,0.0,100000.0,5000.0,45.0,10.0,1.0,4.0,2.0,/mnt/data/20220128/,HD108767_01_20220128_675-50_EmptySlot_0,1,10.0,152.0,165.0,675-50,EmptySlot,1.0,T,IN,199.08101,197.10504,-16:30:56,1.0,ADI,-39.0,163.025,12:29:51.9,SYNC,SCEXAO,348.72,35708928.0,MIRROR,152.63,15629312.0,OPEN,13.0,100.0,10.5,0.0,79.99572,-16:30:55.55,ADI,87.328,-39.0,12:29:51.860,TRACK,0.0,ao188cmtx.oct,12.0,1.0,1.0,0.0,ON,0.0,0.01,0.0,ao188ttctrl.oct,0.001,0.0,2022-01-28T11:13:13,1,VMPA00017137,iXon Ultra 897 - VAMPIRES 1.0,10.0,45.0,HWP(NIR),45,-53.6665845770358,-53.55898465564146,-53.61284172342158,-132.2128417234216,2,64.5,64.5,-0.67188660924726,-0.7406540247067,0.7406540247067,-0.67188660924726,-1.7333333333333e-06,1.7333333333333e-06,deg,deg,RA---TAN,DEC--TAN,187.46569583333,-16.5176,-16.5176,0.0,median,59.0,64.0,5510.0,530122.319383675,"(-0.01056207184619315, 0.0)",-0.006416418845564186,-0.09448627435079814,0.0,0.0,0,0,59.0,48,48,55,7,1426785.5,932695.0,68.5,494090.5,1348.7752886935068,691.5125208910496,0.0006938792750122785,,
VDATA20220128A_00000989_calib_collapsed.fits,True,-32,2,128,128,2022-01-28,HD108767,11:12:47.356,11:13:07.774,11:12:26.939,01:12:47.362,01:13:07.780,01:12:26.944,59607.467205,59607.467442,59607.466968,VTMP00000989,19.995,ACQUISITION,NAOJ,Subaru,VAMPIRES,UTC,o21156,"""[Summit] Millar-Blancher, Zhang [Hilo] Guyon, Deo, Vievard, Ah""",Observation,IMAG_POL,ICRS,180.0,12:29:51.767,-16:31:03.36,2000.0,NS_IR,-0.12,1.938,59.02162,124.85502,30.97838,Nasmyth-IR,OFF,IR,27.1,621.7,270.75,5.7,1.0,5000.0,4000.0,0.0,100000.0,5000.0,45.0,10.0,1.0,4.0,2.0,/mnt/data/20220128/,HD108767_01_20220128_675-50_EmptySlot_0,1,10.0,152.0,165.0,675-50,EmptySlot,1.0,T,IN,199.08101,197.10504,-16:30:56,1.0,ADI,-39.0,163.025,12:29:51.9,SYNC,SCEXAO,348.72,35708928.0,MIRROR,152.63,15629312.0,OPEN,13.0,100.0,10.5,0.0,79.99572,-16:30:55.55,ADI,87.328,-39.0,12:29:51.860,TRACK,0.0,ao188cmtx.oct,12.0,1.0,1.0,0.0,ON,0.0,0.01,0.0,ao188ttctrl.oct,0.001,0.0,2022-01-28T11:13:13,2,VMPA00017137,iXon Ultra 897 - VAMPIRES 1.0,10.0,45.0,HWP(NIR),45,-53.6665845770358,-53.55898465564146,-53.61284172342158,-132.2128417234216,2,64.5,64.5,-0.67188660924726,-0.7406540247067,0.7406540247067,-0.67188660924726,-1.7333333333333e-06,1.7333333333333e-06,deg,deg,RA---TAN,DEC--TAN,187.46569583333,-16.5176,-16.5176,0.0,median,59.0,64.0,5604.0,527958.0035879251,0,0.0,0.0,0.0,0.0,0,0,59.0,48,48,55,7,1422572.5,932088.5,68.0,490484.0,1348.6375980715475,691.1334085100534,0.0,,
VDATA20220128A_00000990_calib_collapsed.fits,True,-32,2,128,128,2022-01-28,HD108767,11:12:47.356,11:13:07.774,11:12:26.939,01:12:47.362,01:13:07.780,01:12:26.944,59607.467205,59607.467442,59607.466968,VTMP00000990,19.995,ACQUISITION,NAOJ,Subaru,VAMPIRES,UTC,o21156,"""[Summit] Millar-Blancher, Zhang [Hilo] Guyon, Deo, Vievard, Ah""",Observation,IMAG_POL,ICRS,180.0,12:29:51.767,-16:31:03.36,2000.0,NS_IR,-0.12,1.938,59.02162,124.85502,30.97838,Nasmyth-IR,OFF,IR,27.1,621.7,270.75,5.7,2.0,5000.0,4000.0,0.0,100000.0,5000.0,45.0,10.0,1.0,4.0,2.0,/mnt/data/20220128/,HD108767_01_20220128_675-50_EmptySlot_0,1,10.0,152.0,165.0,675-50,EmptySlot,1.0,T,IN,199.08101,197.10504,-16:30:56,1.0,ADI,-39.0,163.025,12:29:51.9,SYNC,SCEXAO,348.72,35708928.0,MIRROR,152.63,15629312.0,OPEN,13.0,100.0,10.5,0.0,79.99572,-16:30:55.55,ADI,87.328,-39.0,12:29:51.860,TRACK,0.0,ao188cmtx.oct,12.0,1.0,1.0,0.0,ON,0.0,0.01,0.0,ao188ttctrl.oct,0.001,0.0,2022-01-28T11:13:17,1,VMPA00017139,iXon Ultra 897 - VAMPIRES 2.0,10.0,45.0,HWP(NIR),45,-53.6665845770358,-53.55898465564146,-53.61284172342158,-132.2128417234216,2,64.5,64.5,-0.67188660924726,-0.7406540247067,0.7406540247067,-0.67188660924726,-1.7333333333333e-06,1.7333333333333e-06,deg,deg,RA---TAN,DEC--TAN,187.46569583333,-16.5176,-16.5176,0.0,median,61.0,63.0,6808.0,648210.6438101553,0,0.0,0.0,0.0,0.0,0,0,61.0,48,48,55,7,1731956.5,1140490.5,82.0,591466.0,1515.4267845040279,752.587001669805,0.0,,
VDATA20220128A_00000991_calib_collapsed.fits,True,-32,2,128,128,2022-01-28,HD108767,11:12:47.356,11:13:07.774,11:12:26.939,01:12:47.362,01:13:07.780,01:12:26.944,59607.467205,59607.467442,59607.466968,VTMP00000991,19.995,ACQUISITION,NAOJ,Subaru,VAMPIRES,UTC,o21156,"""[Summit] Millar-Blancher, Zhang [Hilo] Guyon, Deo, Vievard, Ah""",Observation,IMAG_POL,ICRS,180.0,12:29:51.767,-16:31:03.36,2000.0,NS_IR,-0.12,1.938,59.02162,124.85502,30.97838,Nasmyth-IR,OFF,IR,27.1,621.7,270.75,5.7,2.0,5000.0,4000.0,0.0,100000.0,5000.0,45.0,10.0,1.0,4.0,2.0,/mnt/data/20220128/,HD108767_01_20220128_675-50_EmptySlot_0,1,10.0,152.0,165.0,675-50,EmptySlot,1.0,T,IN,199.08101,197.10504,-16:30:56,1.0,ADI,-39.0,163.025,12:29:51.9,SYNC,SCEXAO,348.72,35708928.0,MIRROR,152.63,15629312.0,OPEN,13.0,100.0,10.5,0.0,79.99572,-16:30:55.55,ADI,87.328,-39.0,12:29:51.860,TRACK,0.0,ao188cmtx.oct,12.0,1.0,1.0,0.0,ON,0.0,0.01,0.0,ao188ttctrl.oct,0.001,0.0,2022-01-28T11:13:17,2,VMPA00017139,iXon Ultra 897 - VAMPIRES 2.0,10.0,45.0,HWP(NIR),45,-53.6665845770358,-53.55898465564146,-53.61284172342158,-132.2128417234216,2,64.5,64.5,-0.67188660924726,-0.7406540247067,0.7406540247067,-0.67188660924726,-1.7333333333333e-06,1.7333333333333e-06,deg,deg,RA---TAN,DEC--TAN,187.46569583333,-16.5176,-16.5176,0.0,median,61.0,63.0,6689.0,631948.6957123481,0,0.0,0.0,0.0,0.0,0,0,61.0,48,48,55,7,1690496.5,1113456.5,80.0,577040.0,1494.5009395999234,745.035664077984,0.0,,
VDATA20220128A_00000992_calib_collapsed.fits,True,-32,2,128,128,2022-01-28,HD108767,11:13:51.619,11:14:12.052,11:13:31.186,01:13:51.625,01:14:12.058,01:13:31.193,59607.467957,59607.468194,59607.46772,VTMP00000992,19.995,ACQUISITION,NAOJ,Subaru,VAMPIRES,UTC,o21156,"""[Summit] Millar-Blancher, Zhang [Hilo] Guyon, Deo, Vievard, Ah""",Observation,IMAG_POL,ICRS,180.0,12:29:51.77,-16:31:03.47,2000.0,NS_IR,-0.12,1.926,58.81353,125.03426,31.18647,Nasmyth-IR,OFF,IR,26.9,621.7,270.75,5.8,1.0,5000.0,4000.0,0.0,100000.0,5000.0,22.5,10.0,1.0,4.0,3.0,/mnt/data/20220128/,HD108767_01_20220128_675-50_EmptySlot_0,2,10.0,152.0,165.0,675-50,EmptySlot,1.0,T,IN,198.35299,196.35298,-16:30:56,1.0,ADI,-39.0,163.025,12:29:51.9,SYNC,SCEXAO,348.72,35708928.0,MIRROR,152.63,15629312.0,OPEN,13.0,100.0,10.5,0.0,80.10656,-16:30:55.55,ADI,87.502,-39.0,12:29:51.860,TRACK,0.0,ao188cmtx.oct,12.0,1.0,1.0,0.0,ON,0.0,0.01,0.0,ao188ttctrl.oct,0.001,0.0,2022-01-28T11:14:18,1,VMPA00017141,iXon Ultra 897 - VAMPIRES 1.0,10.0,22.5,HWP(NIR),45,-53.49565750700233,-53.3873297018331,-53.44155119395407,-132.0415511939541,2,64.5,64.5,-0.66966936280536,-0.74265937314482,0.74265937314482,-0.66966936280536,-1.7333333333333e-06,1.7333333333333e-06,deg,deg,RA---TAN,DEC--TAN,187.46570833333,-16.517630555556,-16.517630555556,0.0,median,59.0,64.0,7206.0,625220.9428374455,"(0.020847855260765505, 0.0)",0.010498870098331984,-0.1007539343873317,0.0,0.0,0,0,59.0,48,48,55,7,1555950.5,1058253.5,69.0,497697.0,1411.5322394780148,749.7196807855714,0.0006428892259831278,,
VDATA20220128A_00000993_calib_collapsed.fits,True,-32,2,128,128,2022-01-28,HD108767,11:13:51.619,11:14:12.052,11:13:31.186,01:13:51.625,01:14:12.058,01:13:31.193,59607.467957,59607.468194,59607.46772,VTMP00000993,19.995,ACQUISITION,NAOJ,Subaru,VAMPIRES,UTC,o21156,"""[Summit] Millar-Blancher, Zhang [Hilo] Guyon, Deo, Vievard, Ah""",Observation,IMAG_POL,ICRS,180.0,12:29:51.77,-16:31:03.47,2000.0,NS_IR,-0.12,1.926,58.81353,125.03426,31.18647,Nasmyth-IR,OFF,IR,26.9,621.7,270.75,5.8,1.0,5000.0,4000.0,0.0,100000.0,5000.0,22.5,10.0,1.0,4.0,3.0,/mnt/data/20220128/,HD108767_01_20220128_675-50_EmptySlot_0,2,10.0,152.0,165.0,675-50,EmptySlot,1.0,T,IN,198.35299,196.35298,-16:30:56,1.0,ADI,-39.0,163.025,12:29:51.9,SYNC,SCEXAO,348.72,35708928.0,MIRROR,152.63,15629312.0,OPEN,13.0,100.0,10.5,0.0,80.10656,-16:30:55.55,ADI,87.502,-39.0,12:29:51.860,TRACK,0.0,ao188cmtx.oct,12.0,1.0,1.0,0.0,ON,0.0,0.01,0.0,ao188ttctrl.oct,0.001,0.0,2022-01-28T11:14:18,2,VMPA00017141,iXon Ultra 897 - VAMPIRES 1.0,10.0,22.5,HWP(NIR),45,-53.49565750700233,-53.3873297018331,-53.44155119395407,-132.0415511939541,2,64.5,64.5,-0.66966936280536,-0.74265937314482,0.74265937314482,-0.66966936280536,-1.7333333333333e-06,1.7333333333333e-06,deg,deg,RA---TAN,DEC--TAN,187.46570833333,-16.517630555556,-16.517630555556,0.0,median,60.0,64.0,7056.0,605408.0329896391,0,0.0,0.0,0.0,0.0,0,0,60.0,48,48,55,7,1504705.0,1021434.0,67.0,483271.0,1385.0656523066782,737.462515440269,0.0,,
VDATA20220128A_00000994_calib_collapsed.fits,True,-32,2,128,128,2022-01-28,HD108767,11:13:51.619,11:14:12.052,11:13:31.186,01:13:51.625,01:14:12.058,01:13:31.193,59607.467957,59607.468194,59607.46772,VTMP00000994,19.995,ACQUISITION,NAOJ,Subaru,VAMPIRES,UTC,o21156,"""[Summit] Millar-Blancher, Zhang [Hilo] Guyon, Deo, Vievard, Ah""",Observation,IMAG_POL,ICRS,180.0,12:29:51.77,-16:31:03.47,2000.0,NS_IR,-0.12,1.926,58.81353,125.03426,31.18647,Nasmyth-IR,OFF,IR,26.9,621.7,270.75,5.8,2.0,5000.0,4000.0,0.0,100000.0,5000.0,22.5,10.0,1.0,4.0,3.0,/mnt/data/20220128/,HD108767_01_20220128_675-50_EmptySlot_0,2,10.0,152.0,165.0,675-50,EmptySlot,1.0,T,IN,198.35299,196.35298,-16:30:56,1.0,ADI,-39.0,163.025,12:29:51.9,SYNC,SCEXAO,348.72,35708928.0,MIRROR,152.63,15629312.0,OPEN,13.0,100.0,10.5,0.0,80.10656,-16:30:55.55,ADI,87.502,-39.0,12:29:51.860,TRACK,0.0,ao188cmtx.oct,12.0,1.0,1.0,0.0,ON,0.0,0.01,0.0,ao188ttctrl.oct,0.001,0.0,2022-01-28T11:14:22,1,VMPA00017143,iXon Ultra 897 - VAMPIRES 2.0,10.0,22.5,HWP(NIR),45,-53.49565750700233,-53.3873297018331,-53.44155119395407,-132.0415511939541,2,64.5,64.5,-0.66966936280536,-0.74265937314482,0.74265937314482,-0.66966936280536,-1.7333333333333e-06,1.7333333333333e-06,deg,deg,RA---TAN,DEC--TAN,187.46570833333,-16.517630555556,-16.517630555556,0.0,median,61.0,63.0,8661.0,748831.543332295,0,0.0,0.0,0.0,0.0,0,0,61.0,48,48,55,7,1851239.5,1266986.5,81.0,584253.0,1566.3062842014538,808.9008597995537,0.0,,
VDATA20220128A_00000995_calib_collapsed.fits,True,-32,2,128,128,2022-01-28,HD108767,11:13:51.619,11:14:12.052,11:13:31.186,01:13:51.625,01:14:12.058,01:13:31.193,59607.467957,59607.468194,59607.46772,VTMP00000995,19.995,ACQUISITION,NAOJ,Subaru,VAMPIRES,UTC,o21156,"""[Summit] Millar-Blancher, Zhang [Hilo] Guyon, Deo, Vievard, Ah""",Observation,IMAG_POL,ICRS,180.0,12:29:51.77,-16:31:03.47,2000.0,NS_IR,-0.12,1.926,58.81353,125.03426,31.18647,Nasmyth-IR,OFF,IR,26.9,621.7,270.75,5.8,2.0,5000.0,4000.0,0.0,100000.0,5000.0,22.5,10.0,1.0,4.0,3.0,/mnt/data/20220128/,HD108767_01_20220128_675-50_EmptySlot_0,2,10.0,152.0,165.0,675-50,EmptySlot,1.0,T,IN,198.35299,196.35298,-16:30:56,1.0,ADI,-39.0,163.025,12:29:51.9,SYNC,SCEXAO,348.72,35708928.0,MIRROR,152.63,15629312.0,OPEN,13.0,100.0,10.5,0.0,80.10656,-16:30:55.55,ADI,87.502,-39.0,12:29:51.860,TRACK,0.0,ao188cmtx.oct,12.0,1.0,1.0,0.0,ON,0.0,0.01,0.0,ao188ttctrl.oct,0.001,0.0,2022-01-28T11:14:22,2,VMPA00017143,iXon Ultra 897 - VAMPIRES 2.0,10.0,22.5,HWP(NIR),45,-53.49565750700233,-53.3873297018331,-53.44155119395407,-132.0415511939541,2,64.5,64.5,-0.66966936280536,-0.74265937314482,0.74265937314482,-0.66966936280536,-1.7333333333333e-06,1.7333333333333e-06,deg,deg,RA---TAN,DEC--TAN,187.46570833333,-16.517630555556,-16.517630555556,0.0,median,61.0,63.0,8666.0,756296.413505539,0,0.0,0.0,0.0,0.0,0,0,61.0,48,48,55,7,1870194.5,1278728.5,82.0,591466.0,1574.6130191355244,812.090643516991,0.0,,
VDATA20220128A_00000996_calib_collapsed.fits,True,-32,2,128,128,2022-01-28,HD108767,11:14:57.314,11:15:17.737,11:14:36.891,01:14:57.320,01:15:17.742,01:14:36.897,59607.4687095,59607.468947,59607.468472,VTMP00000996,19.995,ACQUISITION,NAOJ,Subaru,VAMPIRES,UTC,o21156,"""[Summit] Millar-Blancher, Zhang [Hilo] Guyon, Deo, Vievard, Ah""",Observation,IMAG_POL,ICRS,180.0,12:29:51.757,-16:31:03.59,2000.0,NS_IR,-0.12,1.915,58.60327,125.21691,31.39673,Nasmyth-IR,OFF,IR,27.0,621.7,270.75,5.7,1.0,5000.0,4000.0,0.0,100000.0,5000.0,67.5,10.0,1.0,4.0,4.0,/mnt/data/20220128/,HD108767_01_20220128_675-50_EmptySlot_0,3,10.0,152.0,165.0,675-50,EmptySlot,1.0,T,IN,197.60036,195.61603,-16:30:56,1.0,ADI,-39.0,163.025,12:29:51.9,SYNC,SCEXAO,348.72,35708928.0,MIRROR,152.63,15629312.0,OPEN,13.0,100.0,10.5,0.0,80.1983,-16:30:55.55,ADI,87.674,-39.0,12:29:51.860,TRACK,0.0,ao188cmtx.oct,12.0,1.0,1.0,0.0,ON,0.0,0.01,0.0,ao188ttctrl.oct,0.001,0.0,2022-01-28T11:15:23,1,VMPA00017145,iXon Ultra 897 - VAMPIRES 1.0,10.0,67.5,HWP(NIR),45,-53.32353004588103,-53.21423744686864,-53.26894206826127,-131.8689420682613,2,64.5,64.5,-0.66742899350085,-0.74467344429249,0.74467344429249,-0.66742899350085,-1.7333333333333e-06,1.7333333333333e-06,deg,deg,RA---TAN,DEC--TAN,187.46565416667,-16.517663888889,-16.517663888889,0.0,median,59.0,64.0,4417.0,474888.90423067694,"(-0.0084042950264972, 0.0)",-0.005348111986608595,-0.10046845552238635,0.0,0.0,0,0,59.0,48,48,55,7,1375824.5,870914.5,70.0,504910.0,1329.2947425020975,655.170348722436,0.0007318956932069782,,
VDATA20220128A_00000997_calib_collapsed.fits,True,-32,2,128,128,2022-01-28,HD108767,11:14:57.314,11:15:17.737,11:14:36.891,01:14:57.320,01:15:17.742,01:14:36.897,59607.4687095,59607.468947,59607.468472,VTMP00000997,19.995,ACQUISITION,NAOJ,Subaru,VAMPIRES,UTC,o21156,"""[Summit] Millar-Blancher, Zhang [Hilo] Guyon, Deo, Vievard, Ah""",Observation,IMAG_POL,ICRS,180.0,12:29:51.757,-16:31:03.59,2000.0,NS_IR,-0.12,1.915,58.60327,125.21691,31.39673,Nasmyth-IR,OFF,IR,27.0,621.7,270.75,5.7,1.0,5000.0,4000.0,0.0,100000.0,5000.0,67.5,10.0,1.0,4.0,4.0,/mnt/data/20220128/,HD108767_01_20220128_675-50_EmptySlot_0,3,10.0,152.0,165.0,675-50,EmptySlot,1.0,T,IN,197.60036,195.61603,-16:30:56,1.0,ADI,-39.0,163.025,12:29:51.9,SYNC,SCEXAO,348.72,35708928.0,MIRROR,152.63,15629312.0,OPEN,13.0,100.0,10.5,0.0,80.1983,-16:30:55.55,ADI,87.674,-39.0,12:29:51.860,TRACK,0.0,ao188cmtx.oct,12.0,1.0,1.0,0.0,ON,0.0,0.01,0.0,ao188ttctrl.oct,0.001,0.0,2022-01-28T11:15:23,2,VMPA00017145,iXon Ultra 897 - VAMPIRES 1.0,10.0,67.5,HWP(NIR),45,-53.32353004588103,-53.21423744686864,-53.26894206826127,-131.8689420682613,2,64.5,64.5,-0.66742899350085,-0.74467344429249,0.74467344429249,-0.66742899350085,-1.7333333333333e-06,1.7333333333333e-06,deg,deg,RA---TAN,DEC--TAN,187.46565416667,-16.517663888889,-16.517663888889,0.0,median,59.0,64.0,4502.0,472608.1293872263,0,0.0,0.0,0.0,0.0,0,0,59.0,48,48,55,7,1369190.5,864280.5,70.0,504910.0,1326.1947182711372,651.6995491632625,0.0,,
VDATA20220128A_00000998_calib_collapsed.fits,True,-32,2,128,128,2022-01-28,HD108767,11:14:57.314,11:15:17.737,11:14:36.891,01:14:57.320,01:15:17.742,01:14:36.897,59607.4687095,59607.468947,59607.468472,VTMP00000998,19.995,ACQUISITION,NAOJ,Subaru,VAMPIRES,UTC,o21156,"""[Summit] Millar-Blancher, Zhang [Hilo] Guyon, Deo, Vievard, Ah""",Observation,IMAG_POL,ICRS,180.0,12:29:51.757,-16:31:03.59,2000.0,NS_IR,-0.12,1.915,58.60327,125.21691,31.39673,Nasmyth-IR,OFF,IR,27.0,621.7,270.75,5.7,2.0,5000.0,4000.0,0.0,100000.0,5000.0,67.5,10.0,1.0,4.0,4.0,/mnt/data/20220128/,HD108767_01_20220128_675-50_EmptySlot_0,3,10.0,152.0,165.0,675-50,EmptySlot,1.0,T,IN,197.60036,195.61603,-16:30:56,1.0,ADI,-39.0,163.025,12:29:51.9,SYNC,SCEXAO,348.72,35708928.0,MIRROR,152.63,15629312.0,OPEN,13.0,100.0,10.5,0.0,80.1983,-16:30:55.55,ADI,87.674,-39.0,12:29:51.860,TRACK,0.0,ao188cmtx.oct,12.0,1.0,1.0,0.0,ON,0.0,0.01,0.0,ao188ttctrl.oct,0.001,0.0,2022-01-28T11:15:27,1,VMPA00017147,iXon Ultra 897 - VAMPIRES 2.0,10.0,67.5,HWP(NIR),45,-53.32353004588103,-53.21423744686864,-53.26894206826127,-131.8689420682613,2,64.5,64.5,-0.66742899350085,-0.74467344429249,0.74467344429249,-0.66742899350085,-1.7333333333333e-06,1.7333333333333e-06,deg,deg,RA---TAN,DEC--TAN,187.46565416667,-16.517663888889,-16.517663888889,0.0,median,61.0,63.0,5415.0,584371.8047858401,0,0.0,0.0,0.0,0.0,0,0,61.0,48,48,55,7,1680926.5,1075034.5,84.0,605892.0,1500.6572361634546,716.3757812866103,0.0,,
VDATA20220128A_00000999_calib_collapsed.fits,True,-32,2,128,128,2022-01-28,HD108767,11:14:57.314,11:15:17.737,11:14:36.891,01:14:57.320,01:15:17.742,01:14:36.897,59607.4687095,59607.468947,59607.468472,VTMP00000999,19.995,ACQUISITION,NAOJ,Subaru,VAMPIRES,UTC,o21156,"""[Summit] Millar-Blancher, Zhang [Hilo] Guyon, Deo, Vievard, Ah""",Observation,IMAG_POL,ICRS,180.0,12:29:51.757,-16:31:03.59,2000.0,NS_IR,-0.12,1.915,58.60327,125.21691,31.39673,Nasmyth-IR,OFF,IR,27.0,621.7,270.75,5.7,2.0,5000.0,4000.0,0.0,100000.0,5000.0,67.5,10.0,1.0,4.0,4.0,/mnt/data/20220128/,HD108767_01_20220128_675-50_EmptySlot_0,3,10.0,152.0,165.0,675-50,EmptySlot,1.0,T,IN,197.60036,195.61603,-16:30:56,1.0,ADI,-39.0,163.025,12:29:51.9,SYNC,SCEXAO,348.72,35708928.0,MIRROR,152.63,15629312.0,OPEN,13.0,100.0,10.5,0.0,80.1983,-16:30:55.55,ADI,87.674,-39.0,12:29:51.860,TRACK,0.0,ao188cmtx.oct,12.0,1.0,1.0,0.0,ON,0.0,0.01,0.0,ao188ttctrl.oct,0.001,0.0,2022-01-28T11:15:27,2,VMPA00017147,iXon Ultra 897 - VAMPIRES 2.0,10.0,67.5,HWP(NIR),45,-53.32353004588103,-53.21423744686864,-53.26894206826127,-131.8689420682613,2,64.5,64.5,-0.66742899350085,-0.74467344429249,0.74467344429249,-0.66742899350085,-1.7333333333333e-06,1.7333333333333e-06,deg,deg,RA---TAN,DEC--TAN,187.46565416667,-16.517663888889,-16.517663888889,0.0,median,61.0,63.0,5370.0,571776.1176043957,0,0.0,0.0,-0.00999241301997282,-0.007923491042470289,0,0,61.0,48,48,55,7,1646446.5,1047767.5,83.0,598679.0,1481.723978856781,707.127315850285,0.0,,
VDATA20220128A_00001000_calib_collapsed.fits,True,-32,2,128,128,2022-01-28,HD108767,11:16:03.545,11:16:23.960,11:15:43.130,01:16:03.552,01:16:23.967,01:15:43.136,59607.4694795,59607.469711,59607.469248,VTMP00001000,19.995,ACQUISITION,NAOJ,Subaru,VAMPIRES,UTC,o21156,"""[Summit] Millar-Blancher, Zhang [Hilo] Guyon, Deo, Vievard, Ah""",Observation,IMAG_POL,ICRS,180.0,12:29:51.758,-16:31:03.52,2000.0,NS_IR,-0.12,1.903,58.38997,125.40372,31.61003,Nasmyth-IR,OFF,IR,27.2,621.7,270.75,5.7,1.0,5000.0,4000.0,0.0,100000.0,5000.0,0.0,10.0,2.0,4.0,1.0,/mnt/data/20220128/,HD108767_01_20220128_675-50_EmptySlot_0,4,10.0,152.0,165.0,675-50,EmptySlot,1.0,T,IN,196.89305,194.90901,-16:30:56,1.0,ADI,-39.0,163.025,12:29:51.9,SYNC,SCEXAO,348.72,35708928.0,MIRROR,152.63,15629312.0,OPEN,13.0,100.0,10.5,0.0,80.30669,-16:30:55.55,ADI,87.85,-39.0,12:29:51.860,TRACK,0.0,ao188cmtx.oct,12.0,1.0,1.0,0.0,ON,0.0,0.01,0.0,ao188ttctrl.oct,0.001,0.0,2022-01-28T11:16:29,1,VMPA00017149,iXon Ultra 897 - VAMPIRES 1.0,10.0,0.0,HWP(NIR),45,-53.14475076856255,-53.03747889715248,-53.09117072311773,-131.6911707231177,2,64.5,64.5,-0.6651152898481,-0.74674068538569,0.74674068538569,-0.6651152898481,-1.7333333333333e-06,1.7333333333333e-06,deg,deg,RA---TAN,DEC--TAN,187.46565833333,-16.517644444444,-16.517644444444,0.0,median,59.0,64.0,4085.0,446564.7389277729,"(0.02845745779061498, 0.0)",0.014342236624940077,-0.10540950475696233,0.0,0.0,0,0,59.0,48,48,55,7,1356543.5,837207.5,72.0,519336.0,1328.3709502730137,630.2512862298989,0.0007631982942589237,,
VDATA20220128A_00001001_calib_collapsed.fits,True,-32,2,128,128,2022-01-28,HD108767,11:16:03.545,11:16:23.960,11:15:43.130,01:16:03.552,01:16:23.967,01:15:43.136,59607.4694795,59607.469711,59607.469248,VTMP00001001,19.995,ACQUISITION,NAOJ,Subaru,VAMPIRES,UTC,o21156,"""[Summit] Millar-Blancher, Zhang [Hilo] Guyon, Deo, Vievard, Ah""",Observation,IMAG_POL,ICRS,180.0,12:29:51.758,-16:31:03.52,2000.0,NS_IR,-0.12,1.903,58.38997,125.40372,31.61003,Nasmyth-IR,OFF,IR,27.2,621.7,270.75,5.7,1.0,5000.0,4000.0,0.0,100000.0,5000.0,0.0,10.0,2.0,4.0,1.0,/mnt/data/20220128/,HD108767_01_20220128_675-50_EmptySlot_0,4,10.0,152.0,165.0,675-50,EmptySlot,1.0,T,IN,196.89305,194.90901,-16:30:56,1.0,ADI,-39.0,163.025,12:29:51.9,SYNC,SCEXAO,348.72,35708928.0,MIRROR,152.63,15629312.0,OPEN,13.0,100.0,10.5,0.0,80.30669,-16:30:55.55,ADI,87.85,-39.0,12:29:51.860,TRACK,0.0,ao188cmtx.oct,12.0,1.0,1.0,0.0,ON,0.0,0.01,0.0,ao188ttctrl.oct,0.001,0.0,2022-01-28T11:16:29,2,VMPA00017149,iXon Ultra 897 - VAMPIRES 1.0,10.0,0.0,HWP(NIR),45,-53.14475076856255,-53.03747889715248,-53.09117072311773,-131.6911707231177,2,64.5,64.5,-0.6651152898481,-0.74674068538569,0.74674068538569,-0.6651152898481,-1.7333333333333e-06,1.7333333333333e-06,deg,deg,RA---TAN,DEC--TAN,187.46565833333,-16.517644444444,-16.517644444444,0.0,median,59.0,64.0,3806.0,427622.2578365263,0,0.0,0.0,0.0,0.0,0,0,59.0,48,48,55,7,1299848.5,802151.5,69.0,497697.0,1295.1654554446125,619.3428774894497,0.0,,
VDATA20220128A_00001002_calib_collapsed.fits,True,-32,2,128,128,2022-01-28,HD108767,11:16:03.545,11:16:23.960,11:15:43.130,01:16:03.552,01:16:23.967,01:15:43.136,59607.4694795,59607.469711,59607.469248,VTMP00001002,19.995,ACQUISITION,NAOJ,Subaru,VAMPIRES,UTC,o21156,"""[Summit] Millar-Blancher, Zhang [Hilo] Guyon, Deo, Vievard, Ah""",Observation,IMAG_POL,ICRS,180.0,12:29:51.758,-16:31:03.52,2000.0,NS_IR,-0.12,1.903,58.38997,125.40372,31.61003,Nasmyth-IR,OFF,IR,27.2,621.7,270.75,5.7,2.0,5000.0,4000.0,0.0,100000.0,5000.0,0.0,10.0,2.0,4.0,1.0,/mnt/data/20220128/,HD108767_01_20220128_675-50_EmptySlot_0,4,10.0,152.0,165.0,675-50,EmptySlot,1.0,T,IN,196.89305,194.90901,-16:30:56,1.0,ADI,-39.0,163.025,12:29:51.9,SYNC,SCEXAO,348.72,35708928.0,MIRROR,152.63,15629312.0,OPEN,13.0,100.0,10.5,0.0,80.30669,-16:30:55.55,ADI,87.85,-39.0,12:29:51.860,TRACK,0.0,ao188cmtx.oct,12.0,1.0,1.0,0.0,ON,0.0,0.01,0.0,ao188ttctrl.oct,0.001,0.0,2022-01-28T11:16:35,1,VMPA00017151,iXon Ultra 897 - VAMPIRES 2.0,10.0,0.0,HWP(NIR),45,-53.14475076856255,-53.03747889715248,-53.09117072311773,-131.6911707231177,2,64.5,64.5,-0.6651152898481,-0.74674068538569,0.74674068538569,-0.6651152898481,-1.7333333333333e-06,1.7333333333333e-06,deg,deg,RA---TAN,DEC--TAN,187.46565833333,-16.517644444444,-16.517644444444,0.0,median,61.0,63.0,4809.0,533840.3107795862,0,0.0,0.0,0.0,0.0,0,0,61.0,48,48,55,7,1609982.5,1004090.5,84.0,605892.0,1473.0677716361315,681.6322502832032,0.0,,
VDATA20220128A_00001003_calib_collapsed.fits,True,-32,2,128,128,2022-01-28,HD108767,11:16:03.545,11:16:23.960,11:15:43.130,01:16:03.552,01:16:23.967,01:15:43.136,59607.4694795,59607.469711,59607.469248,VTMP00001003,19.995,ACQUISITION,NAOJ,Subaru,VAMPIRES,UTC,o21156,"""[Summit] Millar-Blancher, Zhang [Hilo] Guyon, Deo, Vievard, Ah""",Observation,IMAG_POL,ICRS,180.0,12:29:51.758,-16:31:03.52,2000.0,NS_IR,-0.12,1.903,58.38997,125.40372,31.61003,Nasmyth-IR,OFF,IR,27.2,621.7,270.75,5.7,2.0,5000.0,4000.0,0.0,100000.0,5000.0,0.0,10.0,2.0,4.0,1.0,/mnt/data/20220128/,HD108767_01_20220128_675-50_EmptySlot_0,4,10.0,152.0,165.0,675-50,EmptySlot,1.0,T,IN,196.89305,194.90901,-16:30:56,1.0,ADI,-39.0,163.025,12:29:51.9,SYNC,SCEXAO,348.72,35708928.0,MIRROR,152.63,15629312.0,OPEN,13.0,100.0,10.5,0.0,80.30669,-16:30:55.55,ADI,87.85,-39.0,12:29:51.860,TRACK,0.0,ao188cmtx.oct,12.0,1.0,1.0,0.0,ON,0.0,0.01,0.0,ao188ttctrl.oct,0.001,0.0,2022-01-28T11:16:35,2,VMPA00017151,iXon Ultra 897 - VAMPIRES 2.0,10.0,0.0,HWP(NIR),45,-53.14475076856255,-53.03747889715248,-53.09117072311773,-131.6911707231177,2,64.5,64.5,-0.6651152898481,-0.74674068538569,0.74674068538569,-0.6651152898481,-1.7333333333333e-06,1.7333333333333e-06,deg,deg,RA---TAN,DEC--TAN,187.46565833333,-16.517644444444,-16.517644444444,0.0,median,61.0,63.0,4791.0,541468.4906530562,0,0.0,0.0,0.0,0.0,0,0,61.0,48,48,55,7,1634704.5,1021599.5,85.0,613105.0,1488.0556927299187,686.5331082641271,0.0,,
VDATA20220128A_00001004_calib_collapsed.fits,True,-32,2,128,128,2022-01-28,HD108767,11:17:07.396,11:17:27.825,11:16:46.966,01:17:07.402,01:17:27.831,01:16:46.972,59607.470214,59607.470451,59607.469977,VTMP00001004,19.995,ACQUISITION,NAOJ,Subaru,VAMPIRES,UTC,o21156,"""[Summit] Millar-Blancher, Zhang [Hilo] Guyon, Deo, Vievard, Ah""",Observation,IMAG_POL,ICRS,180.0,12:29:51.761,-16:31:03.54,2000.0,NS_IR,-0.12,1.892,58.18647,125.58353,31.81353,Nasmyth-IR,OFF,IR,27.0,621.6,270.75,5.8,1.0,5000.0,4000.0,0.0,100000.0,5000.0,45.0,10.0,2.0,4.0,2.0,/mnt/data/20220128/,HD108767_01_20220128_675-50_EmptySlot_0,5,10.0,152.0,165.0,675-50,EmptySlot,1.0,T,IN,196.2191,194.23401,-16:30:56,1.0,ADI,-39.0,163.025,12:29:51.9,SYNC,SCEXAO,348.72,35708928.0,MIRROR,152.63,15629312.0,OPEN,13.0,100.0,10.5,0.0,80.40883,-16:30:55.55,ADI,88.021,-39.0,12:29:51.860,TRACK,0.0,ao188cmtx.oct,12.0,1.0,1.0,0.0,ON,0.0,0.01,0.0,ao188ttctrl.oct,0.001,0.0,2022-01-28T11:17:33,1,VMPA00017153,iXon Ultra 897 - VAMPIRES 1.0,10.0,45.0,HWP(NIR),45,-52.97565238988862,-52.86510283098948,-52.92043666797988,-131.5204366679799,2,64.5,64.5,-0.66288714893624,-0.74871932509799,0.74871932509799,-0.66288714893624,-1.7333333333333e-06,1.7333333333333e-06,deg,deg,RA---TAN,DEC--TAN,187.46567083333,-16.51765,-16.51765,0.0,median,59.0,63.0,6813.0,566857.1920565913,"(-0.008642949418786475, 0.0)",-0.005863398294971921,-0.09517367236728831,0.0,0.0,0,0,59.0,48,48,55,7,1486422.5,988725.5,69.0,497697.0,1366.2497278686546,723.6784607030874,0.000665581939350363,,
VDATA20220128A_00001005_calib_collapsed.fits,True,-32,2,128,128,2022-01-28,HD108767,11:17:07.396,11:17:27.825,11:16:46.966,01:17:07.402,01:17:27.831,01:16:46.972,59607.470214,59607.470451,59607.469977,VTMP00001005,19.995,ACQUISITION,NAOJ,Subaru,VAMPIRES,UTC,o21156,"""[Summit] Millar-Blancher, Zhang [Hilo] Guyon, Deo, Vievard, Ah""",Observation,IMAG_POL,ICRS,180.0,12:29:51.761,-16:31:03.54,2000.0,NS_IR,-0.12,1.892,58.18647,125.58353,31.81353,Nasmyth-IR,OFF,IR,27.0,621.6,270.75,5.8,1.0,5000.0,4000.0,0.0,100000.0,5000.0,45.0,10.0,2.0,4.0,2.0,/mnt/data/20220128/,HD108767_01_20220128_675-50_EmptySlot_0,5,10.0,152.0,165.0,675-50,EmptySlot,1.0,T,IN,196.2191,194.23401,-16:30:56,1.0,ADI,-39.0,163.025,12:29:51.9,SYNC,SCEXAO,348.72,35708928.0,MIRROR,152.63,15629312.0,OPEN,13.0,100.0,10.5,0.0,80.40883,-16:30:55.55,ADI,88.021,-39.0,12:29:51.860,TRACK,0.0,ao188cmtx.oct,12.0,1.0,1.0,0.0,ON,0.0,0.01,0.0,ao188ttctrl.oct,0.001,0.0,2022-01-28T11:17:33,2,VMPA00017153,iXon Ultra 897 - VAMPIRES 1.0,10.0,45.0,HWP(NIR),45,-52.97565238988862,-52.86510283098948,-52.92043666797988,-131.5204366679799,2,64.5,64.5,-0.66288714893624,-0.74871932509799,0.74871932509799,-0.66288714893624,-1.7333333333333e-06,1.7333333333333e-06,deg,deg,RA---TAN,DEC--TAN,187.46567083333,-16.51765,-16.51765,0.0,median,59.0,63.0,6801.0,565390.1562552934,0,0.0,0.0,0.0,0.0,0,0,59.0,48,48,55,7,1482309.5,984612.5,69.0,497697.0,1366.5163659777631,720.5274115363374,0.0,,
VDATA20220128A_00001006_calib_collapsed.fits,True,-32,2,128,128,2022-01-28,HD108767,11:17:07.396,11:17:27.825,11:16:46.966,01:17:07.402,01:17:27.831,01:16:46.972,59607.470214,59607.470451,59607.469977,VTMP00001006,19.995,ACQUISITION,NAOJ,Subaru,VAMPIRES,UTC,o21156,"""[Summit] Millar-Blancher, Zhang [Hilo] Guyon, Deo, Vievard, Ah""",Observation,IMAG_POL,ICRS,180.0,12:29:51.761,-16:31:03.54,2000.0,NS_IR,-0.12,1.892,58.18647,125.58353,31.81353,Nasmyth-IR,OFF,IR,27.0,621.6,270.75,5.8,2.0,5000.0,4000.0,0.0,100000.0,5000.0,45.0,10.0,2.0,4.0,2.0,/mnt/data/20220128/,HD108767_01_20220128_675-50_EmptySlot_0,5,10.0,152.0,165.0,675-50,EmptySlot,1.0,T,IN,196.2191,194.23401,-16:30:56,1.0,ADI,-39.0,163.025,12:29:51.9,SYNC,SCEXAO,348.72,35708928.0,MIRROR,152.63,15629312.0,OPEN,13.0,100.0,10.5,0.0,80.40883,-16:30:55.55,ADI,88.021,-39.0,12:29:51.860,TRACK,0.0,ao188cmtx.oct,12.0,1.0,1.0,0.0,ON,0.0,0.01,0.0,ao188ttctrl.oct,0.001,0.0,2022-01-28T11:17:38,1,VMPA00017155,iXon Ultra 897 - VAMPIRES 2.0,10.0,45.0,HWP(NIR),45,-52.97565238988862,-52.86510283098948,-52.92043666797988,-131.5204366679799,2,64.5,64.5,-0.66288714893624,-0.74871932509799,0.74871932509799,-0.66288714893624,-1.7333333333333e-06,1.7333333333333e-06,deg,deg,RA---TAN,DEC--TAN,187.46567083333,-16.51765,-16.51765,0.0,median,61.0,63.0,7997.0,691351.16602009,0,0.0,0.0,0.0,0.0,0,0,61.0,48,48,55,7,1800543.5,1209077.5,82.0,591466.0,1541.7077807148369,784.2455717771576,0.0,,
VDATA20220128A_00001007_calib_collapsed.fits,True,-32,2,128,128,2022-01-28,HD108767,11:17:07.396,11:17:27.825,11:16:46.966,01:17:07.402,01:17:27.831,01:16:46.972,59607.470214,59607.470451,59607.469977,VTMP00001007,19.995,ACQUISITION,NAOJ,Subaru,VAMPIRES,UTC,o21156,"""[Summit] Millar-Blancher, Zhang [Hilo] Guyon, Deo, Vievard, Ah""",Observation,IMAG_POL,ICRS,180.0,12:29:51.761,-16:31:03.54,2000.0,NS_IR,-0.12,1.892,58.18647,125.58353,31.81353,Nasmyth-IR,OFF,IR,27.0,621.6,270.75,5.8,2.0,5000.0,4000.0,0.0,100000.0,5000.0,45.0,10.0,2.0,4.0,2.0,/mnt/data/20220128/,HD108767_01_20220128_675-50_EmptySlot_0,5,10.0,152.0,165.0,675-50,EmptySlot,1.0,T,IN,196.2191,194.23401,-16:30:56,1.0,ADI,-39.0,163.025,12:29:51.9,SYNC,SCEXAO,348.72,35708928.0,MIRROR,152.63,15629312.0,OPEN,13.0,100.0,10.5,0.0,80.40883,-16:30:55.55,ADI,88.021,-39.0,12:29:51.860,TRACK,0.0,ao188cmtx.oct,12.0,1.0,1.0,0.0,ON,0.0,0.01,0.0,ao188ttctrl.oct,0.001,0.0,2022-01-28T11:17:38,2,VMPA00017155,iXon Ultra 897 - VAMPIRES 2.0,10.0,45.0,HWP(NIR),45,-52.97565238988862,-52.86510283098948,-52.92043666797988,-131.5204366679799,2,64.5,64.5,-0.66288714893624,-0.74871932509799,0.74871932509799,-0.66288714893624,-1.7333333333333e-06,1.7333333333333e-06,deg,deg,RA---TAN,DEC--TAN,187.46567083333,-16.51765,-16.51765,0.0,median,61.0,63.0,7884.0,677638.7574580085,0,0.0,0.0,0.0,0.0,0,0,61.0,48,48,55,7,1763642.5,1179389.5,81.0,584253.0,1522.4183462149829,774.6816129299697,0.0,,
VDATA20220128A_00001008_calib_collapsed.fits,True,-32,2,128,128,2022-01-28,HD108767,11:18:11.290,11:18:31.721,11:17:50.859,01:18:11.297,01:18:31.728,01:17:50.865,59607.470955,59607.471192,59607.470718,VTMP00001008,19.995,ACQUISITION,NAOJ,Subaru,VAMPIRES,UTC,o21156,"""[Summit] Millar-Blancher, Zhang [Hilo] Guyon, Deo, Vievard, Ah""",Observation,IMAG_POL,ICRS,180.0,12:29:51.766,-16:31:03.48,2000.0,NS_IR,-0.12,1.882,57.98277,125.765,32.01723,Nasmyth-IR,OFF,IR,26.8,621.6,270.75,5.8,1.0,5000.0,4000.0,0.0,100000.0,5000.0,22.5,10.0,2.0,4.0,3.0,/mnt/data/20220128/,HD108767_01_20220128_675-50_EmptySlot_0,6,10.0,152.0,165.0,675-50,EmptySlot,1.0,T,IN,195.58401,193.59502,-16:30:56,1.0,ADI,-39.0,163.025,12:29:51.9,SYNC,SCEXAO,348.72,35708928.0,MIRROR,152.63,15629312.0,OPEN,13.0,100.0,10.5,0.0,80.5102,-16:30:55.55,ADI,88.192,-39.0,12:29:51.860,TRACK,0.0,ao188cmtx.oct,12.0,1.0,1.0,0.0,ON,0.0,0.01,0.0,ao188ttctrl.oct,0.001,0.0,2022-01-28T11:18:37,1,VMPA00017157,iXon Ultra 897 - VAMPIRES 1.0,10.0,22.5,HWP(NIR),45,-52.80264470960966,-52.69135359492444,-52.74705869811152,-131.3470586981115,2,64.5,64.5,-0.66061848046665,-0.75072180151234,0.75072180151234,-0.66061848046665,-1.7333333333333e-06,1.7333333333333e-06,deg,deg,RA---TAN,DEC--TAN,187.46569166667,-16.517633333333,-16.517633333333,0.0,median,59.0,63.0,4560.0,464502.7398160175,"(0.022809352813356096, 0.0)",0.009155381772595223,-0.10088225425074199,0.0,0.0,0,0,59.0,48,48,55,7,1355538.5,843415.5,71.0,512123.0,1310.068308908086,643.7950557730603,0.0007473009207421497,,
VDATA20220128A_00001009_calib_collapsed.fits,True,-32,2,128,128,2022-01-28,HD108767,11:18:11.290,11:18:31.721,11:17:50.859,01:18:11.297,01:18:31.728,01:17:50.865,59607.470955,59607.471192,59607.470718,VTMP00001009,19.995,ACQUISITION,NAOJ,Subaru,VAMPIRES,UTC,o21156,"""[Summit] Millar-Blancher, Zhang [Hilo] Guyon, Deo, Vievard, Ah""",Observation,IMAG_POL,ICRS,180.0,12:29:51.766,-16:31:03.48,2000.0,NS_IR,-0.12,1.882,57.98277,125.765,32.01723,Nasmyth-IR,OFF,IR,26.8,621.6,270.75,5.8,1.0,5000.0,4000.0,0.0,100000.0,5000.0,22.5,10.0,2.0,4.0,3.0,/mnt/data/20220128/,HD108767_01_20220128_675-50_EmptySlot_0,6,10.0,152.0,165.0,675-50,EmptySlot,1.0,T,IN,195.58401,193.59502,-16:30:56,1.0,ADI,-39.0,163.025,12:29:51.9,SYNC,SCEXAO,348.72,35708928.0,MIRROR,152.63,15629312.0,OPEN,13.0,100.0,10.5,0.0,80.5102,-16:30:55.55,ADI,88.192,-39.0,12:29:51.860,TRACK,0.0,ao188cmtx.oct,12.0,1.0,1.0,0.0,ON,0.0,0.01,0.0,ao188ttctrl.oct,0.001,0.0,2022-01-28T11:18:37,2,VMPA00017157,iXon Ultra 897 - VAMPIRES 1.0,10.0,22.5,HWP(NIR),45,-52.80264470960966,-52.69135359492444,-52.74705869811152,-131.3470586981115,2,64.5,64.5,-0.66061848046665,-0.75072180151234,0.75072180151234,-0.66061848046665,-1.7333333333333e-06,1.7333333333333e-06,deg,deg,RA---TAN,DEC--TAN,187.46569166667,-16.517633333333,-16.517633333333,0.0,median,59.0,63.0,4363.0,448043.49855643633,0,0.0,0.0,0.0,0.0,0,0,59.0,48,48,55,7,1307052.5,816568.5,68.0,490484.0,1283.3370749715434,636.285287727783,0.0,,
VDATA20220128A_00001010_calib_collapsed.fits,True,-32,2,128,128,2022-01-28,HD108767,11:18:11.290,11:18:31.721,11:17:50.859,01:18:11.297,01:18:31.728,01:17:50.865,59607.470955,59607.471192,59607.470718,VTMP00001010,19.995,ACQUISITION,NAOJ,Subaru,VAMPIRES,UTC,o21156,"""[Summit] Millar-Blancher, Zhang [Hilo] Guyon, Deo, Vievard, Ah""",Observation,IMAG_POL,ICRS,180.0,12:29:51.766,-16:31:03.48,2000.0,NS_IR,-0.12,1.882,57.98277,125.765,32.01723,Nasmyth-IR,OFF,IR,26.8,621.6,270.75,5.8,2.0,5000.0,4000.0,0.0,100000.0,5000.0,22.5,10.0,2.0,4.0,3.0,/mnt/data/20220128/,HD108767_01_20220128_675-50_EmptySlot_0,6,10.0,152.0,165.0,675-50,EmptySlot,1.0,T,IN,195.58401,193.59502,-16:30:56,1.0,ADI,-39.0,163.025,12:29:51.9,SYNC,SCEXAO,348.72,35708928.0,MIRROR,152.63,15629312.0,OPEN,13.0,100.0,10.5,0.0,80.5102,-16:30:55.55,ADI,88.192,-39.0,12:29:51.860,TRACK,0.0,ao188cmtx.oct,12.0,1.0,1.0,0.0,ON,0.0,0.01,0.0,ao188ttctrl.oct,0.001,0.0,2022-01-28T11:18:42,1,VMPA00017157,iXon Ultra 897 - VAMPIRES 2.0,10.0,22.5,HWP(NIR),45,-52.80264470960966,-52.69135359492444,-52.74705869811152,-131.3470586981115,2,64.5,64.5,-0.66061848046665,-0.75072180151234,0.75072180151234,-0.66061848046665,-1.7333333333333e-06,1.7333333333333e-06,deg,deg,RA---TAN,DEC--TAN,187.46569166667,-16.517633333333,-16.517633333333,0.0,median,61.0,62.0,5330.0,556519.1967240634,0,0.0,0.0,0.0,0.0,0,0,61.0,48,48,55,7,1611444.0,1012765.0,83.0,598679.0,1454.454853044426,696.3193102076062,0.0,,
VDATA20220128A_00001011_calib_collapsed.fits,True,-32,2,128,128,2022-01-28,HD108767,11:18:11.290,11:18:31.721,11:17:50.859,01:18:11.297,01:18:31.728,01:17:50.865,59607.470955,59607.471192,59607.470718,VTMP00001011,19.995,ACQUISITION,NAOJ,Subaru,VAMPIRES,UTC,o21156,"""[Summit] Millar-Blancher, Zhang [Hilo] Guyon, Deo, Vievard, Ah""",Observation,IMAG_POL,ICRS,180.0,12:29:51.766,-16:31:03.48,2000.0,NS_IR,-0.12,1.882,57.98277,125.765,32.01723,Nasmyth-IR,OFF,IR,26.8,621.6,270.75,5.8,2.0,5000.0,4000.0,0.0,100000.0,5000.0,22.5,10.0,2.0,4.0,3.0,/mnt/data/20220128/,HD108767_01_20220128_675-50_EmptySlot_0,6,10.0,152.0,165.0,675-50,EmptySlot,1.0,T,IN,195.58401,193.59502,-16:30:56,1.0,ADI,-39.0,163.025,12:29:51.9,SYNC,SCEXAO,348.72,35708928.0,MIRROR,152.63,15629312.0,OPEN,13.0,100.0,10.5,0.0,80.5102,-16:30:55.55,ADI,88.192,-39.0,12:29:51.860,TRACK,0.0,ao188cmtx.oct,12.0,1.0,1.0,0.0,ON,0.0,0.01,0.0,ao188ttctrl.oct,0.001,0.0,2022-01-28T11:18:42,2,VMPA00017157,iXon Ultra 897 - VAMPIRES 2.0,10.0,22.5,HWP(NIR),45,-52.80264470960966,-52.69135359492444,-52.74705869811152,-131.3470586981115,2,64.5,64.5,-0.66061848046665,-0.75072180151234,0.75072180151234,-0.66061848046665,-1.7333333333333e-06,1.7333333333333e-06,deg,deg,RA---TAN,DEC--TAN,187.46569166667,-16.517633333333,-16.517633333333,0.0,median,61.0,62.0,5334.0,562122.8721866218,0,0.0,0.0,0.0,0.0,0,0,61.0,48,48,55,7,1625616.0,1019724.0,84.0,605892.0,1461.7013436237007,697.6281471234092,0.0,,
VDATA20220128A_00001012_calib_collapsed.fits,True,-32,2,128,128,2022-01-28,HD108767,11:19:17.343,11:19:37.777,11:18:56.909,01:19:17.350,01:19:37.784,01:18:56.916,59607.4717185,59607.471956,59607.471481,VTMP00001012,19.995,ACQUISITION,NAOJ,Subaru,VAMPIRES,UTC,o21156,"""[Summit] Millar-Blancher, Zhang [Hilo] Guyon, Deo, Vievard, Ah""",Observation,IMAG_POL,ICRS,180.0,12:29:51.758,-16:31:03.56,2000.0,NS_IR,-0.12,1.871,57.7722,125.95428,32.2278,Nasmyth-IR,OFF,IR,26.8,621.6,270.75,5.9,1.0,5000.0,4000.0,0.0,100000.0,5000.0,67.5,10.0,2.0,4.0,4.0,/mnt/data/20220128/,HD108767_01_20220128_675-50_EmptySlot_0,7,10.0,152.0,165.0,675-50,EmptySlot,1.0,T,IN,194.93304,192.95498,-16:30:56,1.0,ADI,-39.0,163.025,12:29:51.9,SYNC,SCEXAO,348.72,35708928.0,MIRROR,152.63,15629312.0,OPEN,13.0,100.0,10.5,0.0,80.6159,-16:30:55.55,ADI,88.371,-39.0,12:29:51.860,TRACK,0.0,ao188cmtx.oct,12.0,1.0,1.0,0.0,ON,0.0,0.01,0.0,ao188ttctrl.oct,0.001,0.0,2022-01-28T11:19:43,1,VMPA00017161,iXon Ultra 897 - VAMPIRES 1.0,10.0,67.5,HWP(NIR),45,-52.62323167945059,-52.51093344197906,-52.56714286577554,-131.1671428657755,2,64.5,64.5,-0.65825786808587,-0.75279252062108,0.75279252062108,-0.65825786808587,-1.7333333333333e-06,1.7333333333333e-06,deg,deg,RA---TAN,DEC--TAN,187.46565833333,-16.517655555556,-16.517655555556,0.0,median,59.0,63.0,3071.0,386172.568568362,"(-0.009189613205677558, 0.0)",-0.008532397213152314,-0.10103426482141065,0.0,0.0,0,0,59.0,48,48,55,7,1226849.5,721939.5,70.0,504910.0,1232.1039394392187,585.9404201958679,0.000816450282829861,,
VDATA20220128A_00001013_calib_collapsed.fits,True,-32,2,128,128,2022-01-28,HD108767,11:19:17.343,11:19:37.777,11:18:56.909,01:19:17.350,01:19:37.784,01:18:56.916,59607.4717185,59607.471956,59607.471481,VTMP00001013,19.995,ACQUISITION,NAOJ,Subaru,VAMPIRES,UTC,o21156,"""[Summit] Millar-Blancher, Zhang [Hilo] Guyon, Deo, Vievard, Ah""",Observation,IMAG_POL,ICRS,180.0,12:29:51.758,-16:31:03.56,2000.0,NS_IR,-0.12,1.871,57.7722,125.95428,32.2278,Nasmyth-IR,OFF,IR,26.8,621.6,270.75,5.9,1.0,5000.0,4000.0,0.0,100000.0,5000.0,67.5,10.0,2.0,4.0,4.0,/mnt/data/20220128/,HD108767_01_20220128_675-50_EmptySlot_0,7,10.0,152.0,165.0,675-50,EmptySlot,1.0,T,IN,194.93304,192.95498,-16:30:56,1.0,ADI,-39.0,163.025,12:29:51.9,SYNC,SCEXAO,348.72,35708928.0,MIRROR,152.63,15629312.0,OPEN,13.0,100.0,10.5,0.0,80.6159,-16:30:55.55,ADI,88.371,-39.0,12:29:51.860,TRACK,0.0,ao188cmtx.oct,12.0,1.0,1.0,0.0,ON,0.0,0.01,0.0,ao188ttctrl.oct,0.001,0.0,2022-01-28T11:19:43,2,VMPA00017161,iXon Ultra 897 - VAMPIRES 1.0,10.0,67.5,HWP(NIR),45,-52.62323167945059,-52.51093344197906,-52.56714286577554,-131.1671428657755,2,64.5,64.5,-0.65825786808587,-0.75279252062108,0.75279252062108,-0.65825786808587,-1.7333333333333e-06,1.7333333333333e-06,deg,deg,RA---TAN,DEC--TAN,187.46565833333,-16.517655555556,-16.517655555556,0.0,median,59.0,63.0,3062.0,384468.8724607396,0,0.0,0.0,0.0,0.0,0,0,59.0,48,48,55,7,1221600.5,723903.5,69.0,497697.0,1229.9698785768737,588.5538439669648,0.0,,
VDATA20220128A_00001014_calib_collapsed.fits,True,-32,2,128,128,2022-01-28,HD108767,11:19:17.343,11:19:37.777,11:18:56.909,01:19:17.350,01:19:37.784,01:18:56.916,59607.4717185,59607.471956,59607.471481,VTMP00001014,19.995,ACQUISITION,NAOJ,Subaru,VAMPIRES,UTC,o21156,"""[Summit] Millar-Blancher, Zhang [Hilo] Guyon, Deo, Vievard, Ah""",Observation,IMAG_POL,ICRS,180.0,12:29:51.758,-16:31:03.56,2000.0,NS_IR,-0.12,1.871,57.7722,125.95428,32.2278,Nasmyth-IR,OFF,IR,26.8,621.6,270.75,5.9,2.0,5000.0,4000.0,0.0,100000.0,5000.0,67.5,10.0,2.0,4.0,4.0,/mnt/data/20220128/,HD108767_01_20220128_675-50_EmptySlot_0,7,10.0,152.0,165.0,675-50,EmptySlot,1.0,T,IN,194.93304,192.95498,-16:30:56,1.0,ADI,-39.0,163.025,12:29:51.9,SYNC,SCEXAO,348.72,35708928.0,MIRROR,152.63,15629312.0,OPEN,13.0,100.0,10.5,0.0,80.6159,-16:30:55.55,ADI,88.371,-39.0,12:29:51.860,TRACK,0.0,ao188cmtx.oct,12.0,1.0,1.0,0.0,ON,0.0,0.01,0.0,ao188ttctrl.oct,0.001,0.0,2022-01-28T11:19:47,1,VMPA00017163,iXon Ultra 897 - VAMPIRES 2.0,10.0,67.5,HWP(NIR),45,-52.62323167945059,-52.51093344197906,-52.56714286577554,-131.1671428657755,2,64.5,64.5,-0.65825786808587,-0.75279252062108,0.75279252062108,-0.65825786808587,-1.7333333333333e-06,1.7333333333333e-06,deg,deg,RA---TAN,DEC--TAN,187.46565833333,-16.517655555556,-16.517655555556,0.0,median,60.0,62.0,3749.0,474254.4373921901,0,0.0,0.0,0.0,0.0,0,0,60.0,48,48,55,7,1496839.0,898160.0,83.0,598679.0,1398.80418868658,642.0913000291596,0.0,,
VDATA20220128A_00001015_calib_collapsed.fits,True,-32,2,128,128,2022-01-28,HD108767,11:19:17.343,11:19:37.777,11:18:56.909,01:19:17.350,01:19:37.784,01:18:56.916,59607.4717185,59607.471956,59607.471481,VTMP00001015,19.995,ACQUISITION,NAOJ,Subaru,VAMPIRES,UTC,o21156,"""[Summit] Millar-Blancher, Zhang [Hilo] Guyon, Deo, Vievard, Ah""",Observation,IMAG_POL,ICRS,180.0,12:29:51.758,-16:31:03.56,2000.0,NS_IR,-0.12,1.871,57.7722,125.95428,32.2278,Nasmyth-IR,OFF,IR,26.8,621.6,270.75,5.9,2.0,5000.0,4000.0,0.0,100000.0,5000.0,67.5,10.0,2.0,4.0,4.0,/mnt/data/20220128/,HD108767_01_20220128_675-50_EmptySlot_0,7,10.0,152.0,165.0,675-50,EmptySlot,1.0,T,IN,194.93304,192.95498,-16:30:56,1.0,ADI,-39.0,163.025,12:29:51.9,SYNC,SCEXAO,348.72,35708928.0,MIRROR,152.63,15629312.0,OPEN,13.0,100.0,10.5,0.0,80.6159,-16:30:55.55,ADI,88.371,-39.0,12:29:51.860,TRACK,0.0,ao188cmtx.oct,12.0,1.0,1.0,0.0,ON,0.0,0.01,0.0,ao188ttctrl.oct,0.001,0.0,2022-01-28T11:19:47,2,VMPA00017163,iXon Ultra 897 - VAMPIRES 2.0,10.0,67.5,HWP(NIR),45,-52.62323167945059,-52.51093344197906,-52.56714286577554,-131.1671428657755,2,64.5,64.5,-0.65825786808587,-0.75279252062108,0.75279252062108,-0.65825786808587,-1.7333333333333e-06,1.7333333333333e-06,deg,deg,RA---TAN,DEC--TAN,187.46565833333,-16.517655555556,-16.517655555556,0.0,median,60.0,62.0,3666.0,463481.13940729806,0,0.0,0.0,-0.010102817459955999,-0.008843889492873768,0,0,60.0,48,48,55,7,1464144.0,872678.0,82.0,591466.0,1381.9874121751818,631.4659542567372,0.0,,
VDATA20220128A_00001016_calib_collapsed.fits,True,-32,2,128,128,2022-01-28,HD108767,11:20:51.277,11:21:12.949,11:20:29.604,01:20:51.282,01:21:12.956,01:20:29.609,59607.472807,59607.473056,59607.472558,VTMP00001016,21.245,ACQUISITION,NAOJ,Subaru,VAMPIRES,UTC,o21156,"""[Summit] Millar-Blancher, Zhang [Hilo] Guyon, Deo, Vievard, Ah""",Observation,IMAG_POL,ICRS,180.0,12:29:51.759,-16:31:03.59,2000.0,NS_IR,-0.12,1.855,57.46827,126.23042,32.53173,Nasmyth-IR,OFF,IR,26.8,621.6,270.75,5.9,1.0,5000.0,4250.0,0.0,100000.0,5000.0,0.0,1.0,1.0,4.0,1.0,/mnt/data/20220128/,HD108767_02_20220128_675-50_EmptySlot_0,0,10.0,152.0,165.0,675-50,EmptySlot,1.0,T,IN,194.02896,192.04396,-16:30:56,1.0,ADI,-39.0,163.025,12:29:51.9,SYNC,SCEXAO,348.72,35708928.0,MIRROR,152.63,15629312.0,OPEN,13.0,100.0,10.5,0.0,80.76132,-16:30:55.55,ADI,88.637,-39.0,12:29:51.860,TRACK,0.0,ao188cmtx.oct,12.0,1.0,1.0,0.0,ON,0.0,0.01,0.0,ao188ttctrl.oct,0.001,0.0,2022-01-28T11:21:19,1,VMPA00017165,iXon Ultra 897 - VAMPIRES 1.0,10.0,0.0,HWP(NIR),45,-52.36791338617591,-52.24901142540524,-52.30852949719571,-130.9085294971957,2,64.5,64.5,-0.6548533287122,-0.75575599096173,0.75575599096173,-0.6548533287122,-1.7333333333333e-06,1.7333333333333e-06,deg,deg,RA---TAN,DEC--TAN,187.4656625,-16.517663888889,-16.517663888889,0.0,median,59.0,63.0,4581.0,446048.8613131982,"(0.027499423532011166, 0.0)",0.013620327567457485,-0.10284907064702814,0.0,0.0,0,0,59.0,48,48,55,7,1318207.5,813297.5,70.0,504910.0,1297.8783851137432,626.636138892724,0.0007686287198313983,,
VDATA20220128A_00001017_calib_collapsed.fits,True,-32,2,128,128,2022-01-28,HD108767,11:20:51.277,11:21:12.949,11:20:29.604,01:20:51.282,01:21:12.956,01:20:29.609,59607.472807,59607.473056,59607.472558,VTMP00001017,21.245,ACQUISITION,NAOJ,Subaru,VAMPIRES,UTC,o21156,"""[Summit] Millar-Blancher, Zhang [Hilo] Guyon, Deo, Vievard, Ah""",Observation,IMAG_POL,ICRS,180.0,12:29:51.759,-16:31:03.59,2000.0,NS_IR,-0.12,1.855,57.46827,126.23042,32.53173,Nasmyth-IR,OFF,IR,26.8,621.6,270.75,5.9,1.0,5000.0,4250.0,0.0,100000.0,5000.0,0.0,1.0,1.0,4.0,1.0,/mnt/data/20220128/,HD108767_02_20220128_675-50_EmptySlot_0,0,10.0,152.0,165.0,675-50,EmptySlot,1.0,T,IN,194.02896,192.04396,-16:30:56,1.0,ADI,-39.0,163.025,12:29:51.9,SYNC,SCEXAO,348.72,35708928.0,MIRROR,152.63,15629312.0,OPEN,13.0,100.0,10.5,0.0,80.76132,-16:30:55.55,ADI,88.637,-39.0,12:29:51.860,TRACK,0.0,ao188cmtx.oct,12.0,1.0,1.0,0.0,ON,0.0,0.01,0.0,ao188ttctrl.oct,0.001,0.0,2022-01-28T11:21:19,2,VMPA00017165,iXon Ultra 897 - VAMPIRES 1.0,10.0,0.0,HWP(NIR),45,-52.36791338617591,-52.24901142540524,-52.30852949719571,-130.9085294971957,2,64.5,64.5,-0.6548533287122,-0.75575599096173,0.75575599096173,-0.6548533287122,-1.7333333333333e-06,1.7333333333333e-06,deg,deg,RA---TAN,DEC--TAN,187.4656625,-16.517663888889,-16.517663888889,0.0,median,59.0,63.0,4339.0,427921.1801915902,0,0.0,0.0,0.0,0.0,0,0,59.0,48,48,55,7,1264683.5,781412.5,67.0,483271.0,1266.1740371821106,617.1446239247215,0.0,,
VDATA20220128A_00001018_calib_collapsed.fits,True,-32,2,128,128,2022-01-28,HD108767,11:20:51.277,11:21:12.949,11:20:29.604,01:20:51.282,01:21:12.956,01:20:29.609,59607.472807,59607.473056,59607.472558,VTMP00001018,21.245,ACQUISITION,NAOJ,Subaru,VAMPIRES,UTC,o21156,"""[Summit] Millar-Blancher, Zhang [Hilo] Guyon, Deo, Vievard, Ah""",Observation,IMAG_POL,ICRS,180.0,12:29:51.759,-16:31:03.59,2000.0,NS_IR,-0.12,1.855,57.46827,126.23042,32.53173,Nasmyth-IR,OFF,IR,26.8,621.6,270.75,5.9,2.0,5000.0,4250.0,0.0,100000.0,5000.0,0.0,1.0,1.0,4.0,1.0,/mnt/data/20220128/,HD108767_02_20220128_675-50_EmptySlot_0,0,10.0,152.0,165.0,675-50,EmptySlot,1.0,T,IN,194.02896,192.04396,-16:30:56,1.0,ADI,-39.0,163.025,12:29:51.9,SYNC,SCEXAO,348.72,35708928.0,MIRROR,152.63,15629312.0,OPEN,13.0,100.0,10.5,0.0,80.76132,-16:30:55.55,ADI,88.637,-39.0,12:29:51.860,TRACK,0.0,ao188cmtx.oct,12.0,1.0,1.0,0.0,ON,0.0,0.01,0.0,ao188ttctrl.oct,0.001,0.0,2022-01-28T11:21:23,1,VMPA00017167,iXon Ultra 897 - VAMPIRES 2.0,10.0,0.0,HWP(NIR),45,-52.36791338617591,-52.24901142540524,-52.30852949719571,-130.9085294971957,2,64.5,64.5,-0.6548533287122,-0.75575599096173,0.75575599096173,-0.6548533287122,-1.7333333333333e-06,1.7333333333333e-06,deg,deg,RA---TAN,DEC--TAN,187.4656625,-16.517663888889,-16.517663888889,0.0,median,61.0,62.0,5311.0,532839.6719406038,0,0.0,0.0,0.0,0.0,0,0,61.0,48,48,55,7,1563370.0,971904.0,82.0,591466.0,1439.2375120114323,675.2909036130513,0.0,,
VDATA20220128A_00001019_calib_collapsed.fits,True,-32,2,128,128,2022-01-28,HD108767,11:20:51.277,11:21:12.949,11:20:29.604,01:20:51.282,01:21:12.956,01:20:29.609,59607.472807,59607.473056,59607.472558,VTMP00001019,21.245,ACQUISITION,NAOJ,Subaru,VAMPIRES,UTC,o21156,"""[Summit] Millar-Blancher, Zhang [Hilo] Guyon, Deo, Vievard, Ah""",Observation,IMAG_POL,ICRS,180.0,12:29:51.759,-16:31:03.59,2000.0,NS_IR,-0.12,1.855,57.46827,126.23042,32.53173,Nasmyth-IR,OFF,IR,26.8,621.6,270.75,5.9,2.0,5000.0,4250.0,0.0,100000.0,5000.0,0.0,1.0,1.0,4.0,1.0,/mnt/data/20220128/,HD108767_02_20220128_675-50_EmptySlot_0,0,10.0,152.0,165.0,675-50,EmptySlot,1.0,T,IN,194.02896,192.04396,-16:30:56,1.0,ADI,-39.0,163.025,12:29:51.9,SYNC,SCEXAO,348.72,35708928.0,MIRROR,152.63,15629312.0,OPEN,13.0,100.0,10.5,0.0,80.76132,-16:30:55.55,ADI,88.637,-39.0,12:29:51.860,TRACK,0.0,ao188cmtx.oct,12.0,1.0,1.0,0.0,ON,0.0,0.01,0.0,ao188ttctrl.oct,0.001,0.0,2022-01-28T11:21:23,2,VMPA00017167,iXon Ultra 897 - VAMPIRES 2.0,10.0,0.0,HWP(NIR),45,-52.36791338617591,-52.24901142540524,-52.30852949719571,-130.9085294971957,2,64.5,64.5,-0.6548533287122,-0.75575599096173,0.75575599096173,-0.6548533287122,-1.7333333333333e-06,1.7333333333333e-06,deg,deg,RA---TAN,DEC--TAN,187.4656625,-16.517663888889,-16.517663888889,0.0,median,61.0,62.0,5369.0,540403.7744275874,0,0.0,0.0,0.0,0.0,0,0,61.0,48,48,55,7,1587119.0,988440.0,83.0,598679.0,1452.3849111872776,680.5633908658431,0.0,,
VDATA20220128A_00001020_calib_collapsed.fits,True,-32,2,128,128,2022-01-28,HD108767,11:22:33.295,11:22:54.991,11:22:11.598,01:22:33.300,01:22:54.998,01:22:11.603,59607.473987,59607.474236,59607.473738,VTMP00001020,21.245,ACQUISITION,NAOJ,Subaru,VAMPIRES,UTC,o21156,"""[Summit] Millar-Blancher, Zhang [Hilo] Guyon, Deo, Vievard, Ah""",Observation,IMAG_POL,ICRS,180.0,12:29:51.765,-16:31:03.46,2000.0,NS_IR,-0.12,1.839,57.14676,126.52637,32.85324,Nasmyth-IR,OFF,IR,26.8,621.6,270.75,5.9,1.0,5000.0,4250.0,0.0,100000.0,5000.0,45.0,1.0,1.0,4.0,2.0,/mnt/data/20220128/,HD108767_02_20220128_675-50_EmptySlot_0,1,10.0,152.0,165.0,675-50,EmptySlot,1.0,T,IN,193.10596,191.10595,-16:30:56,1.0,ADI,-39.0,163.025,12:29:51.9,SYNC,SCEXAO,348.72,35708928.0,MIRROR,152.63,15629312.0,OPEN,13.0,100.0,10.4,0.0,80.92445,-16:30:55.55,ADI,88.917,-39.0,12:29:51.860,TRACK,0.0,ao188cmtx.oct,12.0,1.0,1.0,0.0,ON,0.0,0.01,0.0,ao188ttctrl.oct,0.001,0.0,2022-01-28T11:23:00,1,VMPA00017169,iXon Ultra 897 - VAMPIRES 1.0,10.0,45.0,HWP(NIR),45,-52.08533918776989,-51.96515729674274,-52.02531621056816,-130.6253162105681,2,64.5,64.5,-0.65110963868874,-0.75898368783961,0.75898368783961,-0.65110963868874,-1.7333333333333e-06,1.7333333333333e-06,deg,deg,RA---TAN,DEC--TAN,187.4656875,-16.517627777778,-16.517627777778,0.0,median,59.0,64.0,6943.0,567613.4561171166,"(-0.007260769099743727, 0.0)",-0.005123604265049415,-0.09491455169492068,0.0,0.0,0,0,59.0,48,48,55,7,1490157.5,992460.5,69.0,497697.0,1385.45963354549,716.3402498131417,0.0006703268836174104,,
VDATA20220128A_00001021_calib_collapsed.fits,True,-32,2,128,128,2022-01-28,HD108767,11:22:33.295,11:22:54.991,11:22:11.598,01:22:33.300,01:22:54.998,01:22:11.603,59607.473987,59607.474236,59607.473738,VTMP00001021,21.245,ACQUISITION,NAOJ,Subaru,VAMPIRES,UTC,o21156,"""[Summit] Millar-Blancher, Zhang [Hilo] Guyon, Deo, Vievard, Ah""",Observation,IMAG_POL,ICRS,180.0,12:29:51.765,-16:31:03.46,2000.0,NS_IR,-0.12,1.839,57.14676,126.52637,32.85324,Nasmyth-IR,OFF,IR,26.8,621.6,270.75,5.9,1.0,5000.0,4250.0,0.0,100000.0,5000.0,45.0,1.0,1.0,4.0,2.0,/mnt/data/20220128/,HD108767_02_20220128_675-50_EmptySlot_0,1,10.0,152.0,165.0,675-50,EmptySlot,1.0,T,IN,193.10596,191.10595,-16:30:56,1.0,ADI,-39.0,163.025,12:29:51.9,SYNC,SCEXAO,348.72,35708928.0,MIRROR,152.63,15629312.0,OPEN,13.0,100.0,10.4,0.0,80.92445,-16:30:55.55,ADI,88.917,-39.0,12:29:51.860,TRACK,0.0,ao188cmtx.oct,12.0,1.0,1.0,0.0,ON,0.0,0.01,0.0,ao188ttctrl.oct,0.001,0.0,2022-01-28T11:23:00,2,VMPA00017169,iXon Ultra 897 - VAMPIRES 1.0,10.0,45.0,HWP(NIR),45,-52.08533918776989,-51.96515729674274,-52.02531621056816,-130.6253162105681,2,64.5,64.5,-0.65110963868874,-0.75898368783961,0.75898368783961,-0.65110963868874,-1.7333333333333e-06,1.7333333333333e-06,deg,deg,RA---TAN,DEC--TAN,187.4656875,-16.517627777778,-16.517627777778,0.0,median,59.0,63.0,6919.0,565057.5280986773,0,0.0,0.0,0.0,0.0,0,0,59.0,48,48,55,7,1483541.5,985844.5,69.0,497697.0,1372.9261511818179,718.0608360845796,0.0,,
VDATA20220128A_00001022_calib_collapsed.fits,True,-32,2,128,128,2022-01-28,HD108767,11:22:33.295,11:22:54.991,11:22:11.598,01:22:33.300,01:22:54.998,01:22:11.603,59607.473987,59607.474236,59607.473738,VTMP00001022,21.245,ACQUISITION,NAOJ,Subaru,VAMPIRES,UTC,o21156,"""[Summit] Millar-Blancher, Zhang [Hilo] Guyon, Deo, Vievard, Ah""",Observation,IMAG_POL,ICRS,180.0,12:29:51.765,-16:31:03.46,2000.0,NS_IR,-0.12,1.839,57.14676,126.52637,32.85324,Nasmyth-IR,OFF,IR,26.8,621.6,270.75,5.9,2.0,5000.0,4250.0,0.0,100000.0,5000.0,45.0,1.0,1.0,4.0,2.0,/mnt/data/20220128/,HD108767_02_20220128_675-50_EmptySlot_0,1,10.0,152.0,165.0,675-50,EmptySlot,1.0,T,IN,193.10596,191.10595,-16:30:56,1.0,ADI,-39.0,163.025,12:29:51.9,SYNC,SCEXAO,348.72,35708928.0,MIRROR,152.63,15629312.0,OPEN,13.0,100.0,10.4,0.0,80.92445,-16:30:55.55,ADI,88.917,-39.0,12:29:51.860,TRACK,0.0,ao188cmtx.oct,12.0,1.0,1.0,0.0,ON,0.0,0.01,0.0,ao188ttctrl.oct,0.001,0.0,2022-01-28T11:23:06,1,VMPA00017171,iXon Ultra 897 - VAMPIRES 2.0,10.0,45.0,HWP(NIR),45,-52.08533918776989,-51.96515729674274,-52.02531621056816,-130.6253162105681,2,64.5,64.5,-0.65110963868874,-0.75898368783961,0.75898368783961,-0.65110963868874,-1.7333333333333e-06,1.7333333333333e-06,deg,deg,RA---TAN,DEC--TAN,187.4656875,-16.517627777778,-16.517627777778,0.0,median,61.0,63.0,8563.0,690707.5783333373,0,0.0,0.0,0.0,0.0,0,0,61.0,48,48,55,7,1802586.5,1211120.5,82.0,591466.0,1558.0536083889656,777.3291583030343,0.0,,
VDATA20220128A_00001023_calib_collapsed.fits,True,-32,2,128,128,2022-01-28,HD108767,11:22:33.295,11:22:54.991,11:22:11.598,01:22:33.300,01:22:54.998,01:22:11.603,59607.473987,59607.474236,59607.473738,VTMP00001023,21.245,ACQUISITION,NAOJ,Subaru,VAMPIRES,UTC,o21156,"""[Summit] Millar-Blancher, Zhang [Hilo] Guyon, Deo, Vievard, Ah""",Observation,IMAG_POL,ICRS,180.0,12:29:51.765,-16:31:03.46,2000.0,NS_IR,-0.12,1.839,57.14676,126.52637,32.85324,Nasmyth-IR,OFF,IR,26.8,621.6,270.75,5.9,2.0,5000.0,4250.0,0.0,100000.0,5000.0,45.0,1.0,1.0,4.0,2.0,/mnt/data/20220128/,HD108767_02_20220128_675-50_EmptySlot_0,1,10.0,152.0,165.0,675-50,EmptySlot,1.0,T,IN,193.10596,191.10595,-16:30:56,1.0,ADI,-39.0,163.025,12:29:51.9,SYNC,SCEXAO,348.72,35708928.0,MIRROR,152.63,15629312.0,OPEN,13.0,100.0,10.4,0.0,80.92445,-16:30:55.55,ADI,88.917,-39.0,12:29:51.860,TRACK,0.0,ao188cmtx.oct,12.0,1.0,1.0,0.0,ON,0.0,0.01,0.0,ao188ttctrl.oct,0.001,0.0,2022-01-28T11:23:06,2,VMPA00017171,iXon Ultra 897 - VAMPIRES 2.0,10.0,45.0,HWP(NIR),45,-52.08533918776989,-51.96515729674274,-52.02531621056816,-130.6253162105681,2,64.5,64.5,-0.65110963868874,-0.75898368783961,0.75898368783961,-0.65110963868874,-1.7333333333333e-06,1.7333333333333e-06,deg,deg,RA---TAN,DEC--TAN,187.4656875,-16.517627777778,-16.517627777778,0.0,median,61.0,63.0,8289.0,677596.4071469711,0,0.0,0.0,0.0,0.0,0,0,61.0,48,48,55,7,1766359.5,1182106.5,81.0,584253.0,1534.662456143418,770.2713357376414,0.0,,
VDATA20220128A_00001024_calib_collapsed.fits,True,-32,2,128,128,2022-01-28,HD108767,11:23:37.284,11:23:58.961,11:23:15.607,01:23:37.290,01:23:58.968,01:23:15.612,59607.474728,59607.474977,59607.474479,VTMP00001024,21.245,ACQUISITION,NAOJ,Subaru,VAMPIRES,UTC,o21156,"""[Summit] Millar-Blancher, Zhang [Hilo] Guyon, Deo, Vievard, Ah""",Observation,IMAG_POL,ICRS,180.0,12:29:51.765,-16:31:03.54,2000.0,NS_IR,-0.12,1.829,56.94457,126.71466,33.05543,Nasmyth-IR,OFF,IR,26.9,621.6,270.75,5.9,1.0,5000.0,4250.0,0.0,100000.0,5000.0,22.5,1.0,1.0,4.0,3.0,/mnt/data/20220128/,HD108767_02_20220128_675-50_EmptySlot_0,2,10.0,152.0,165.0,675-50,EmptySlot,1.0,T,IN,192.54004,190.54003,-16:30:56,1.0,ADI,-39.0,163.025,12:29:51.9,SYNC,SCEXAO,348.72,35708928.0,MIRROR,152.63,15629312.0,OPEN,13.0,100.0,10.4,0.0,81.02365,-16:30:55.55,ADI,89.095,-39.0,12:29:51.860,TRACK,0.0,ao188cmtx.oct,12.0,1.0,1.0,0.0,ON,0.0,0.01,0.0,ao188ttctrl.oct,0.001,0.0,2022-01-28T11:24:05,1,VMPA00017173,iXon Ultra 897 - VAMPIRES 1.0,10.0,22.5,HWP(NIR),45,-51.9063051257355,-51.78531080937309,-51.84587649179795,-130.4458764917979,2,64.5,64.5,-0.64872945378677,-0.76101911657298,0.76101911657298,-0.64872945378677,-1.7333333333333e-06,1.7333333333333e-06,deg,deg,RA---TAN,DEC--TAN,187.4656875,-16.51765,-16.51765,0.0,median,59.0,63.0,2679.0,357833.4403013175,"(0.025756113296557734, 0.0)",0.0127927968967713,-0.10243513401010973,0.0,0.0,0,0,59.0,48,48,55,7,1206939.5,694816.5,71.0,512123.0,1241.9961423913894,559.4353124657637,0.0008690980384502081,,
VDATA20220128A_00001025_calib_collapsed.fits,True,-32,2,128,128,2022-01-28,HD108767,11:23:37.284,11:23:58.961,11:23:15.607,01:23:37.290,01:23:58.968,01:23:15.612,59607.474728,59607.474977,59607.474479,VTMP00001025,21.245,ACQUISITION,NAOJ,Subaru,VAMPIRES,UTC,o21156,"""[Summit] Millar-Blancher, Zhang [Hilo] Guyon, Deo, Vievard, Ah""",Observation,IMAG_POL,ICRS,180.0,12:29:51.765,-16:31:03.54,2000.0,NS_IR,-0.12,1.829,56.94457,126.71466,33.05543,Nasmyth-IR,OFF,IR,26.9,621.6,270.75,5.9,1.0,5000.0,4250.0,0.0,100000.0,5000.0,22.5,1.0,1.0,4.0,3.0,/mnt/data/20220128/,HD108767_02_20220128_675-50_EmptySlot_0,2,10.0,152.0,165.0,675-50,EmptySlot,1.0,T,IN,192.54004,190.54003,-16:30:56,1.0,ADI,-39.0,163.025,12:29:51.9,SYNC,SCEXAO,348.72,35708928.0,MIRROR,152.63,15629312.0,OPEN,13.0,100.0,10.4,0.0,81.02365,-16:30:55.55,ADI,89.095,-39.0,12:29:51.860,TRACK,0.0,ao188cmtx.oct,12.0,1.0,1.0,0.0,ON,0.0,0.01,0.0,ao188ttctrl.oct,0.001,0.0,2022-01-28T11:24:05,2,VMPA00017173,iXon Ultra 897 - VAMPIRES 1.0,10.0,22.5,HWP(NIR),45,-51.9063051257355,-51.78531080937309,-51.84587649179795,-130.4458764917979,2,64.5,64.5,-0.64872945378677,-0.76101911657298,0.76101911657298,-0.64872945378677,-1.7333333333333e-06,1.7333333333333e-06,deg,deg,RA---TAN,DEC--TAN,187.4656875,-16.51765,-16.51765,0.0,median,58.0,63.0,2569.0,343786.3748431561,0,0.0,0.0,0.0,0.0,0,0,58.0,48,48,55,7,1162404.5,664707.5,69.0,497697.0,1227.2035152573862,541.6440645222469,0.0,,
VDATA20220128A_00001026_calib_collapsed.fits,True,-32,2,128,128,2022-01-28,HD108767,11:23:37.284,11:23:58.961,11:23:15.607,01:23:37.290,01:23:58.968,01:23:15.612,59607.474728,59607.474977,59607.474479,VTMP00001026,21.245,ACQUISITION,NAOJ,Subaru,VAMPIRES,UTC,o21156,"""[Summit] Millar-Blancher, Zhang [Hilo] Guyon, Deo, Vievard, Ah""",Observation,IMAG_POL,ICRS,180.0,12:29:51.765,-16:31:03.54,2000.0,NS_IR,-0.12,1.829,56.94457,126.71466,33.05543,Nasmyth-IR,OFF,IR,26.9,621.6,270.75,5.9,2.0,5000.0,4250.0,0.0,100000.0,5000.0,22.5,1.0,1.0,4.0,3.0,/mnt/data/20220128/,HD108767_02_20220128_675-50_EmptySlot_0,2,10.0,152.0,165.0,675-50,EmptySlot,1.0,T,IN,192.54004,190.54003,-16:30:56,1.0,ADI,-39.0,163.025,12:29:51.9,SYNC,SCEXAO,348.72,35708928.0,MIRROR,152.63,15629312.0,OPEN,13.0,100.0,10.4,0.0,81.02365,-16:30:55.55,ADI,89.095,-39.0,12:29:51.860,TRACK,0.0,ao188cmtx.oct,12.0,1.0,1.0,0.0,ON,0.0,0.01,0.0,ao188ttctrl.oct,0.001,0.0,2022-01-28T11:24:10,1,VMPA00017175,iXon Ultra 897 - VAMPIRES 2.0,10.0,22.5,HWP(NIR),45,-51.9063051257355,-51.78531080937309,-51.84587649179795,-130.4458764917979,2,64.5,64.5,-0.64872945378677,-0.76101911657298,0.76101911657298,-0.64872945378677,-1.7333333333333e-06,1.7333333333333e-06,deg,deg,RA---TAN,DEC--TAN,187.4656875,-16.51765,-16.51765,0.0,median,60.0,62.0,3207.0,426103.4333808344,0,0.0,0.0,0.0,0.0,0,0,60.0,48,48,55,7,1429275.0,830596.0,83.0,598679.0,1389.142122770136,597.9201021877301,0.0,,
VDATA20220128A_00001027_calib_collapsed.fits,True,-32,2,128,128,2022-01-28,HD108767,11:23:37.284,11:23:58.961,11:23:15.607,01:23:37.290,01:23:58.968,01:23:15.612,59607.474728,59607.474977,59607.474479,VTMP00001027,21.245,ACQUISITION,NAOJ,Subaru,VAMPIRES,UTC,o21156,"""[Summit] Millar-Blancher, Zhang [Hilo] Guyon, Deo, Vievard, Ah""",Observation,IMAG_POL,ICRS,180.0,12:29:51.765,-16:31:03.54,2000.0,NS_IR,-0.12,1.829,56.94457,126.71466,33.05543,Nasmyth-IR,OFF,IR,26.9,621.6,270.75,5.9,2.0,5000.0,4250.0,0.0,100000.0,5000.0,22.5,1.0,1.0,4.0,3.0,/mnt/data/20220128/,HD108767_02_20220128_675-50_EmptySlot_0,2,10.0,152.0,165.0,675-50,EmptySlot,1.0,T,IN,192.54004,190.54003,-16:30:56,1.0,ADI,-39.0,163.025,12:29:51.9,SYNC,SCEXAO,348.72,35708928.0,MIRROR,152.63,15629312.0,OPEN,13.0,100.0,10.4,0.0,81.02365,-16:30:55.55,ADI,89.095,-39.0,12:29:51.860,TRACK,0.0,ao188cmtx.oct,12.0,1.0,1.0,0.0,ON,0.0,0.01,0.0,ao188ttctrl.oct,0.001,0.0,2022-01-28T11:24:10,2,VMPA00017175,iXon Ultra 897 - VAMPIRES 2.0,10.0,22.5,HWP(NIR),45,-51.9063051257355,-51.78531080937309,-51.84587649179795,-130.4458764917979,2,64.5,64.5,-0.64872945378677,-0.76101911657298,0.76101911657298,-0.64872945378677,-1.7333333333333e-06,1.7333333333333e-06,deg,deg,RA---TAN,DEC--TAN,187.4656875,-16.51765,-16.51765,0.0,median,60.0,62.0,3245.0,431242.3159163081,0,0.0,0.0,0.0,0.0,0,0,60.0,48,48,55,7,1445133.0,839241.0,84.0,605892.0,1397.7894691091262,600.4058683707825,0.0,,
VDATA20220128A_00001028_calib_collapsed.fits,True,-32,2,128,128,2022-01-28,HD108767,11:24:43.257,11:25:04.935,11:24:21.579,01:24:43.264,01:25:04.942,01:24:21.586,59607.475492,59607.475741,59607.475243,VTMP00001028,21.245,ACQUISITION,NAOJ,Subaru,VAMPIRES,UTC,o21156,"""[Summit] Millar-Blancher, Zhang [Hilo] Guyon, Deo, Vievard, Ah""",Observation,IMAG_POL,ICRS,180.0,12:29:51.758,-16:31:03.59,2000.0,NS_IR,-0.12,1.819,56.73688,126.90978,33.26312,Nasmyth-IR,OFF,IR,26.8,621.6,270.75,5.9,1.0,5000.0,4250.0,0.0,100000.0,5000.0,67.5,1.0,1.0,4.0,4.0,/mnt/data/20220128/,HD108767_02_20220128_675-50_EmptySlot_0,3,10.0,152.0,165.0,675-50,EmptySlot,1.0,T,IN,191.97897,189.97896,-16:30:56,1.0,ADI,-39.0,163.025,12:29:51.9,SYNC,SCEXAO,348.72,35708928.0,MIRROR,152.63,15629312.0,OPEN,13.0,100.0,10.4,0.0,81.1359,-16:30:55.55,ADI,89.281,-39.0,12:29:51.860,TRACK,0.0,ao188cmtx.oct,12.0,1.0,1.0,0.0,ON,0.0,0.01,0.0,ao188ttctrl.oct,0.001,0.0,2022-01-28T11:25:10,1,VMPA00017177,iXon Ultra 897 - VAMPIRES 1.0,10.0,67.5,HWP(NIR),45,-51.7204313735281,-51.59859239244222,-51.65958098559713,-130.2595809855971,2,64.5,64.5,-0.64625159814717,-0.76312441442548,0.76312441442548,-0.64625159814717,-1.7333333333333e-06,1.7333333333333e-06,deg,deg,RA---TAN,DEC--TAN,187.46565833333,-16.517663888889,-16.517663888889,0.0,median,58.0,62.0,3020.0,383002.13197653234,"(-0.008925599979078144, 0.0)",-0.0048624336797019685,-0.09932507263958654,0.0,0.0,0,0,58.0,48,48,55,7,1227298.0,722388.0,70.0,504910.0,1265.7404413479537,570.7236463351767,0.0008478752862703249,,
VDATA20220128A_00001029_calib_collapsed.fits,True,-32,2,128,128,2022-01-28,HD108767,11:24:43.257,11:25:04.935,11:24:21.579,01:24:43.264,01:25:04.942,01:24:21.586,59607.475492,59607.475741,59607.475243,VTMP00001029,21.245,ACQUISITION,NAOJ,Subaru,VAMPIRES,UTC,o21156,"""[Summit] Millar-Blancher, Zhang [Hilo] Guyon, Deo, Vievard, Ah""",Observation,IMAG_POL,ICRS,180.0,12:29:51.758,-16:31:03.59,2000.0,NS_IR,-0.12,1.819,56.73688,126.90978,33.26312,Nasmyth-IR,OFF,IR,26.8,621.6,270.75,5.9,1.0,5000.0,4250.0,0.0,100000.0,5000.0,67.5,1.0,1.0,4.0,4.0,/mnt/data/20220128/,HD108767_02_20220128_675-50_EmptySlot_0,3,10.0,152.0,165.0,675-50,EmptySlot,1.0,T,IN,191.97897,189.97896,-16:30:56,1.0,ADI,-39.0,163.025,12:29:51.9,SYNC,SCEXAO,348.72,35708928.0,MIRROR,152.63,15629312.0,OPEN,13.0,100.0,10.4,0.0,81.1359,-16:30:55.55,ADI,89.281,-39.0,12:29:51.860,TRACK,0.0,ao188cmtx.oct,12.0,1.0,1.0,0.0,ON,0.0,0.01,0.0,ao188ttctrl.oct,0.001,0.0,2022-01-28T11:25:10,2,VMPA00017177,iXon Ultra 897 - VAMPIRES 1.0,10.0,67.5,HWP(NIR),45,-51.7204313735281,-51.59859239244222,-51.65958098559713,-130.2595809855971,2,64.5,64.5,-0.64625159814717,-0.76312441442548,0.76312441442548,-0.64625159814717,-1.7333333333333e-06,1.7333333333333e-06,deg,deg,RA---TAN,DEC--TAN,187.46565833333,-16.517663888889,-16.517663888889,0.0,median,58.0,62.0,3017.0,381867.5827410335,0,0.0,0.0,0.0,0.0,0,0,58.0,48,48,55,7,1223390.0,718480.0,70.0,504910.0,1261.906341466216,569.3607967491423,0.0,,
VDATA20220128A_00001030_calib_collapsed.fits,True,-32,2,128,128,2022-01-28,HD108767,11:24:43.257,11:25:04.935,11:24:21.579,01:24:43.264,01:25:04.942,01:24:21.586,59607.475492,59607.475741,59607.475243,VTMP00001030,21.245,ACQUISITION,NAOJ,Subaru,VAMPIRES,UTC,o21156,"""[Summit] Millar-Blancher, Zhang [Hilo] Guyon, Deo, Vievard, Ah""",Observation,IMAG_POL,ICRS,180.0,12:29:51.758,-16:31:03.59,2000.0,NS_IR,-0.12,1.819,56.73688,126.90978,33.26312,Nasmyth-IR,OFF,IR,26.8,621.6,270.75,5.9,2.0,5000.0,4250.0,0.0,100000.0,5000.0,67.5,1.0,1.0,4.0,4.0,/mnt/data/20220128/,HD108767_02_20220128_675-50_EmptySlot_0,3,10.0,152.0,165.0,675-50,EmptySlot,1.0,T,IN,191.97897,189.97896,-16:30:56,1.0,ADI,-39.0,163.025,12:29:51.9,SYNC,SCEXAO,348.72,35708928.0,MIRROR,152.63,15629312.0,OPEN,13.0,100.0,10.4,0.0,81.1359,-16:30:55.55,ADI,89.281,-39.0,12:29:51.860,TRACK,0.0,ao188cmtx.oct,12.0,1.0,1.0,0.0,ON,0.0,0.01,0.0,ao188ttctrl.oct,0.001,0.0,2022-01-28T11:25:15,1,VMPA00017179,iXon Ultra 897 - VAMPIRES 2.0,10.0,67.5,HWP(NIR),45,-51.7204313735281,-51.59859239244222,-51.65958098559713,-130.2595809855971,2,64.5,64.5,-0.64625159814717,-0.76312441442548,0.76312441442548,-0.64625159814717,-1.7333333333333e-06,1.7333333333333e-06,deg,deg,RA---TAN,DEC--TAN,187.46565833333,-16.517663888889,-16.517663888889,0.0,median,59.0,62.0,3727.0,469417.7584667774,0,0.0,0.0,0.0,0.0,0,0,59.0,48,48,55,7,1494955.5,889063.5,84.0,605892.0,1450.3974444546095,612.9792240045714,0.0,,
VDATA20220128A_00001031_calib_collapsed.fits,True,-32,2,128,128,2022-01-28,HD108767,11:24:43.257,11:25:04.935,11:24:21.579,01:24:43.264,01:25:04.942,01:24:21.586,59607.475492,59607.475741,59607.475243,VTMP00001031,21.245,ACQUISITION,NAOJ,Subaru,VAMPIRES,UTC,o21156,"""[Summit] Millar-Blancher, Zhang [Hilo] Guyon, Deo, Vievard, Ah""",Observation,IMAG_POL,ICRS,180.0,12:29:51.758,-16:31:03.59,2000.0,NS_IR,-0.12,1.819,56.73688,126.90978,33.26312,Nasmyth-IR,OFF,IR,26.8,621.6,270.75,5.9,2.0,5000.0,4250.0,0.0,100000.0,5000.0,67.5,1.0,1.0,4.0,4.0,/mnt/data/20220128/,HD108767_02_20220128_675-50_EmptySlot_0,3,10.0,152.0,165.0,675-50,EmptySlot,1.0,T,IN,191.97897,189.97896,-16:30:56,1.0,ADI,-39.0,163.025,12:29:51.9,SYNC,SCEXAO,348.72,35708928.0,MIRROR,152.63,15629312.0,OPEN,13.0,100.0,10.4,0.0,81.1359,-16:30:55.55,ADI,89.281,-39.0,12:29:51.860,TRACK,0.0,ao188cmtx.oct,12.0,1.0,1.0,0.0,ON,0.0,0.01,0.0,ao188ttctrl.oct,0.001,0.0,2022-01-28T11:25:15,2,VMPA00017179,iXon Ultra 897 - VAMPIRES 2.0,10.0,67.5,HWP(NIR),45,-51.7204313735281,-51.59859239244222,-51.65958098559713,-130.2595809855971,2,64.5,64.5,-0.64625159814717,-0.76312441442548,0.76312441442548,-0.64625159814717,-1.7333333333333e-06,1.7333333333333e-06,deg,deg,RA---TAN,DEC--TAN,187.46565833333,-16.517663888889,-16.517663888889,0.0,median,59.0,62.0,3658.0,459668.64199064847,0,0.0,0.0,-0.009371965916253451,-0.008827615288236635,0,0,59.0,48,48,55,7,1464670.5,869598.0,82.5,595072.5,1435.715586056797,605.6896006738751,0.0,,
VDATA20220128A_00001244_calib_collapsed.fits,True,-32,2,128,128,2022-01-28,HD108767,12:40:02.625,12:40:24.308,12:39:40.942,02:40:02.633,02:40:24.317,02:39:40.948,59607.527801,59607.528056,59607.527546,VTMP00001244,21.245,ACQUISITION,NAOJ,Subaru,VAMPIRES,UTC,o21156,"""[Summit] Millar-Blancher, Zhang [Hilo] Guyon, Deo, Vievard, Ah""",Observation,IMAG_POL,ICRS,180.0,12:29:51.596,-16:31:00.28,2000.0,NS_IR,-0.12,1.393,44.16899,143.90344,45.83101,Nasmyth-IR,OFF,IR,27.1,621.0,270.65,5.9,1.0,5000.0,4250.0,0.0,100000.0,5000.0,0.0,2.0,1.0,4.0,1.0,/mnt/data/20220128/,HD108767_03_20220128_675-50_EmptySlot_0,0,10.0,152.0,165.0,675-50,EmptySlot,1.0,T,IN,170.66497,168.66696,-16:30:56,1.0,ADI,-39.0,163.025,12:29:51.9,SYNC,SCEXAO,348.72,35708928.0,MIRROR,152.63,15629312.0,OPEN,13.0,100.0,10.2,0.0,87.41067,-16:30:55.55,ADI,105.671,-39.0,12:29:51.860,TRACK,0.0,ao188cmtx.oct,12.0,1.0,1.0,0.0,ON,0.0,0.01,0.0,ao188ttctrl.oct,0.001,0.0,2022-01-28T12:40:30,1,VMPA00017393,iXon Ultra 897 - VAMPIRES 1.0,10.0,0.0,HWP(NIR),45,-35.30257462377958,-35.10067018031562,-35.20173532222326,-113.8017353222233,2,64.5,64.5,-0.40357300762979,-0.91494744521893,0.91494744521893,-0.40357300762979,-1.7333333333333e-06,1.7333333333333e-06,deg,deg,RA---TAN,DEC--TAN,187.46498333333,-16.516744444444,-16.516744444444,0.0,median,61.0,70.0,3757.0,410101.352843781,"(0.01851075110715819, 0.0)",0.008000875452951337,-0.09554017433356332,0.0,0.0,0,0,57.0,48,48,55,7,1285971.5,766635.5,72.0,519336.0,1298.8361743331698,590.2480352409304,0.0008208822292967326,,
VDATA20220128A_00001245_calib_collapsed.fits,True,-32,2,128,128,2022-01-28,HD108767,12:40:02.625,12:40:24.308,12:39:40.942,02:40:02.633,02:40:24.317,02:39:40.948,59607.527801,59607.528056,59607.527546,VTMP00001245,21.245,ACQUISITION,NAOJ,Subaru,VAMPIRES,UTC,o21156,"""[Summit] Millar-Blancher, Zhang [Hilo] Guyon, Deo, Vievard, Ah""",Observation,IMAG_POL,ICRS,180.0,12:29:51.596,-16:31:00.28,2000.0,NS_IR,-0.12,1.393,44.16899,143.90344,45.83101,Nasmyth-IR,OFF,IR,27.1,621.0,270.65,5.9,1.0,5000.0,4250.0,0.0,100000.0,5000.0,0.0,2.0,1.0,4.0,1.0,/mnt/data/20220128/,HD108767_03_20220128_675-50_EmptySlot_0,0,10.0,152.0,165.0,675-50,EmptySlot,1.0,T,IN,170.66497,168.66696,-16:30:56,1.0,ADI,-39.0,163.025,12:29:51.9,SYNC,SCEXAO,348.72,35708928.0,MIRROR,152.63,15629312.0,OPEN,13.0,100.0,10.2,0.0,87.41067,-16:30:55.55,ADI,105.671,-39.0,12:29:51.860,TRACK,0.0,ao188cmtx.oct,12.0,1.0,1.0,0.0,ON,0.0,0.01,0.0,ao188ttctrl.oct,0.001,0.0,2022-01-28T12:40:30,2,VMPA00017393,iXon Ultra 897 - VAMPIRES 1.0,10.0,0.0,HWP(NIR),45,-35.30257462377958,-35.10067018031562,-35.20173532222326,-113.8017353222233,2,64.5,64.5,-0.40357300762979,-0.91494744521893,0.91494744521893,-0.40357300762979,-1.7333333333333e-06,1.7333333333333e-06,deg,deg,RA---TAN,DEC--TAN,187.46498333333,-16.516744444444,-16.516744444444,0.0,median,61.0,70.0,3541.0,396985.88275342126,0,0.0,0.0,0.0,0.0,0,0,57.0,48,48,55,7,1246649.5,741739.5,70.0,504910.0,1275.1146405345119,581.7041671555683,0.0,,
VDATA20220128A_00001246_calib_collapsed.fits,True,-32,2,128,128,2022-01-28,HD108767,12:40:02.625,12:40:24.308,12:39:40.942,02:40:02.633,02:40:24.317,02:39:40.948,59607.527801,59607.528056,59607.527546,VTMP00001246,21.245,ACQUISITION,NAOJ,Subaru,VAMPIRES,UTC,o21156,"""[Summit] Millar-Blancher, Zhang [Hilo] Guyon, Deo, Vievard, Ah""",Observation,IMAG_POL,ICRS,180.0,12:29:51.596,-16:31:00.28,2000.0,NS_IR,-0.12,1.393,44.16899,143.90344,45.83101,Nasmyth-IR,OFF,IR,27.1,621.0,270.65,5.9,2.0,5000.0,4250.0,0.0,100000.0,5000.0,0.0,2.0,1.0,4.0,1.0,/mnt/data/20220128/,HD108767_03_20220128_675-50_EmptySlot_0,0,10.0,152.0,165.0,675-50,EmptySlot,1.0,T,IN,170.66497,168.66696,-16:30:56,1.0,ADI,-39.0,163.025,12:29:51.9,SYNC,SCEXAO,348.72,35708928.0,MIRROR,152.63,15629312.0,OPEN,13.0,100.0,10.2,0.0,87.41067,-16:30:55.55,ADI,105.671,-39.0,12:29:51.860,TRACK,0.0,ao188cmtx.oct,12.0,1.0,1.0,0.0,ON,0.0,0.01,0.0,ao188ttctrl.oct,0.001,0.0,2022-01-28T12:40:36,1,VMPA00017395,iXon Ultra 897 - VAMPIRES 2.0,10.0,0.0,HWP(NIR),45,-35.30257462377958,-35.10067018031562,-35.20173532222326,-113.8017353222233,2,64.5,64.5,-0.40357300762979,-0.91494744521893,0.91494744521893,-0.40357300762979,-1.7333333333333e-06,1.7333333333333e-06,deg,deg,RA---TAN,DEC--TAN,187.46498333333,-16.516744444444,-16.516744444444,0.0,median,63.0,69.0,4348.0,487082.71316308505,0,0.0,0.0,0.0,0.0,0,0,58.0,48,48,55,7,1518517.5,912625.5,84.0,605892.0,1445.7705929318822,631.2381123683559,0.0,,
VDATA20220128A_00001247_calib_collapsed.fits,True,-32,2,128,128,2022-01-28,HD108767,12:40:02.625,12:40:24.308,12:39:40.942,02:40:02.633,02:40:24.317,02:39:40.948,59607.527801,59607.528056,59607.527546,VTMP00001247,21.245,ACQUISITION,NAOJ,Subaru,VAMPIRES,UTC,o21156,"""[Summit] Millar-Blancher, Zhang [Hilo] Guyon, Deo, Vievard, Ah""",Observation,IMAG_POL,ICRS,180.0,12:29:51.596,-16:31:00.28,2000.0,NS_IR,-0.12,1.393,44.16899,143.90344,45.83101,Nasmyth-IR,OFF,IR,27.1,621.0,270.65,5.9,2.0,5000.0,4250.0,0.0,100000.0,5000.0,0.0,2.0,1.0,4.0,1.0,/mnt/data/20220128/,HD108767_03_20220128_675-50_EmptySlot_0,0,10.0,152.0,165.0,675-50,EmptySlot,1.0,T,IN,170.66497,168.66696,-16:30:56,1.0,ADI,-39.0,163.025,12:29:51.9,SYNC,SCEXAO,348.72,35708928.0,MIRROR,152.63,15629312.0,OPEN,13.0,100.0,10.2,0.0,87.41067,-16:30:55.55,ADI,105.671,-39.0,12:29:51.860,TRACK,0.0,ao188cmtx.oct,12.0,1.0,1.0,0.0,ON,0.0,0.01,0.0,ao188ttctrl.oct,0.001,0.0,2022-01-28T12:40:36,2,VMPA00017395,iXon Ultra 897 - VAMPIRES 2.0,10.0,0.0,HWP(NIR),45,-35.30257462377958,-35.10067018031562,-35.20173532222326,-113.8017353222233,2,64.5,64.5,-0.40357300762979,-0.91494744521893,0.91494744521893,-0.40357300762979,-1.7333333333333e-06,1.7333333333333e-06,deg,deg,RA---TAN,DEC--TAN,187.46498333333,-16.516744444444,-16.516744444444,0.0,median,63.0,69.0,4362.0,489454.0275253464,0,0.0,0.0,0.0,0.0,0,0,58.0,48,48,55,7,1525717.5,914415.75,84.75,611301.75,1447.0546561161825,631.915143035608,0.0,,
VDATA20220128A_00001248_calib_collapsed.fits,True,-32,2,128,128,2022-01-28,HD108767,12:42:57.026,12:43:18.708,12:42:35.345,02:42:57.034,02:43:18.716,02:42:35.352,59607.5298205,59607.530069,59607.529572,VTMP00001248,21.245,ACQUISITION,NAOJ,Subaru,VAMPIRES,UTC,o21156,"""[Summit] Millar-Blancher, Zhang [Hilo] Guyon, Deo, Vievard, Ah""",Observation,IMAG_POL,ICRS,180.0,12:29:51.595,-16:31:00.27,2000.0,NS_IR,-0.12,1.384,43.76641,144.7335,46.23359,Nasmyth-IR,OFF,IR,26.8,621.0,270.55,6.0,1.0,5000.0,4250.0,0.0,100000.0,5000.0,45.0,2.0,1.0,4.0,2.0,/mnt/data/20220128/,HD108767_03_20220128_675-50_EmptySlot_0,1,10.0,152.0,165.0,675-50,EmptySlot,1.0,T,IN,170.21098,168.21496,-16:30:56,1.0,ADI,-39.0,163.025,12:29:51.9,SYNC,SCEXAO,348.72,35708928.0,MIRROR,152.63,15629312.0,OPEN,13.0,100.0,10.2,0.0,87.61494,-16:30:55.55,ADI,106.475,-39.0,12:29:51.860,TRACK,0.0,ao188cmtx.oct,12.0,1.0,1.0,0.0,ON,0.0,0.01,0.0,ao188ttctrl.oct,0.001,0.0,2022-01-28T12:43:25,1,VMPA00017397,iXon Ultra 897 - VAMPIRES 1.0,10.0,45.0,HWP(NIR),45,-34.49515099310499,-34.29489443458225,-34.39513071095625,-112.9951307109562,2,64.5,64.5,-0.39065289785735,-0.92053805646244,0.92053805646244,-0.39065289785735,-1.7333333333333e-06,1.7333333333333e-06,deg,deg,RA---TAN,DEC--TAN,187.46497916667,-16.516741666667,-16.516741666667,0.0,median,61.0,69.0,6882.0,585660.3283834305,"(0.013803615887772874, 0.0)",0.0063051639419805065,-0.0939522999456561,0.0,0.0,0,0,58.0,48,48,55,7,1515627.5,1010717.5,70.0,504910.0,1419.4391769218896,712.0541101252264,0.000678252570610371,,
VDATA20220128A_00001249_calib_collapsed.fits,True,-32,2,128,128,2022-01-28,HD108767,12:42:57.026,12:43:18.708,12:42:35.345,02:42:57.034,02:43:18.716,02:42:35.352,59607.5298205,59607.530069,59607.529572,VTMP00001249,21.245,ACQUISITION,NAOJ,Subaru,VAMPIRES,UTC,o21156,"""[Summit] Millar-Blancher, Zhang [Hilo] Guyon, Deo, Vievard, Ah""",Observation,IMAG_POL,ICRS,180.0,12:29:51.595,-16:31:00.27,2000.0,NS_IR,-0.12,1.384,43.76641,144.7335,46.23359,Nasmyth-IR,OFF,IR,26.8,621.0,270.55,6.0,1.0,5000.0,4250.0,0.0,100000.0,5000.0,45.0,2.0,1.0,4.0,2.0,/mnt/data/20220128/,HD108767_03_20220128_675-50_EmptySlot_0,1,10.0,152.0,165.0,675-50,EmptySlot,1.0,T,IN,170.21098,168.21496,-16:30:56,1.0,ADI,-39.0,163.025,12:29:51.9,SYNC,SCEXAO,348.72,35708928.0,MIRROR,152.63,15629312.0,OPEN,13.0,100.0,10.2,0.0,87.61494,-16:30:55.55,ADI,106.475,-39.0,12:29:51.860,TRACK,0.0,ao188cmtx.oct,12.0,1.0,1.0,0.0,ON,0.0,0.01,0.0,ao188ttctrl.oct,0.001,0.0,2022-01-28T12:43:25,2,VMPA00017397,iXon Ultra 897 - VAMPIRES 1.0,10.0,45.0,HWP(NIR),45,-34.49515099310499,-34.29489443458225,-34.39513071095625,-112.9951307109562,2,64.5,64.5,-0.39065289785735,-0.92053805646244,0.92053805646244,-0.39065289785735,-1.7333333333333e-06,1.7333333333333e-06,deg,deg,RA---TAN,DEC--TAN,187.46497916667,-16.516741666667,-16.516741666667,0.0,median,61.0,69.0,6681.0,569785.4637506548,0,0.0,0.0,0.0,0.0,0,0,58.0,48,48,55,7,1475462.5,984978.5,68.0,490484.0,1397.844417891981,704.6410082499715,0.0,,
VDATA20220128A_00001250_calib_collapsed.fits,True,-32,2,128,128,2022-01-28,HD108767,12:42:57.026,12:43:18.708,12:42:35.345,02:42:57.034,02:43:18.716,02:42:35.352,59607.5298205,59607.530069,59607.529572,VTMP00001250,21.245,ACQUISITION,NAOJ,Subaru,VAMPIRES,UTC,o21156,"""[Summit] Millar-Blancher, Zhang [Hilo] Guyon, Deo, Vievard, Ah""",Observation,IMAG_POL,ICRS,180.0,12:29:51.595,-16:31:00.27,2000.0,NS_IR,-0.12,1.384,43.76641,144.7335,46.23359,Nasmyth-IR,OFF,IR,26.8,621.0,270.55,6.0,2.0,5000.0,4250.0,0.0,100000.0,5000.0,45.0,2.0,1.0,4.0,2.0,/mnt/data/20220128/,HD108767_03_20220128_675-50_EmptySlot_0,1,10.0,152.0,165.0,675-50,EmptySlot,1.0,T,IN,170.21098,168.21496,-16:30:56,1.0,ADI,-39.0,163.025,12:29:51.9,SYNC,SCEXAO,348.72,35708928.0,MIRROR,152.63,15629312.0,OPEN,13.0,100.0,10.2,0.0,87.61494,-16:30:55.55,ADI,106.475,-39.0,12:29:51.860,TRACK,0.0,ao188cmtx.oct,12.0,1.0,1.0,0.0,ON,0.0,0.01,0.0,ao188ttctrl.oct,0.001,0.0,2022-01-28T12:43:31,1,VMPA00017399,iXon Ultra 897 - VAMPIRES 2.0,10.0,45.0,HWP(NIR),45,-34.49515099310499,-34.29489443458225,-34.39513071095625,-112.9951307109562,2,64.5,64.5,-0.39065289785735,-0.92053805646244,0.92053805646244,-0.39065289785735,-1.7333333333333e-06,1.7333333333333e-06,deg,deg,RA---TAN,DEC--TAN,187.46497916667,-16.516741666667,-16.516741666667,0.0,median,62.0,68.0,7932.0,697661.7419390833,0,0.0,0.0,0.0,0.0,0,0,59.0,48,48,55,7,1795238.5,1203772.5,82.0,591466.0,1573.2828412448716,765.134194845414,0.0,,
VDATA20220128A_00001251_calib_collapsed.fits,True,-32,2,128,128,2022-01-28,HD108767,12:42:57.026,12:43:18.708,12:42:35.345,02:42:57.034,02:43:18.716,02:42:35.352,59607.5298205,59607.530069,59607.529572,VTMP00001251,21.245,ACQUISITION,NAOJ,Subaru,VAMPIRES,UTC,o21156,"""[Summit] Millar-Blancher, Zhang [Hilo] Guyon, Deo, Vievard, Ah""",Observation,IMAG_POL,ICRS,180.0,12:29:51.595,-16:31:00.27,2000.0,NS_IR,-0.12,1.384,43.76641,144.7335,46.23359,Nasmyth-IR,OFF,IR,26.8,621.0,270.55,6.0,2.0,5000.0,4250.0,0.0,100000.0,5000.0,45.0,2.0,1.0,4.0,2.0,/mnt/data/20220128/,HD108767_03_20220128_675-50_EmptySlot_0,1,10.0,152.0,165.0,675-50,EmptySlot,1.0,T,IN,170.21098,168.21496,-16:30:56,1.0,ADI,-39.0,163.025,12:29:51.9,SYNC,SCEXAO,348.72,35708928.0,MIRROR,152.63,15629312.0,OPEN,13.0,100.0,10.2,0.0,87.61494,-16:30:55.55,ADI,106.475,-39.0,12:29:51.860,TRACK,0.0,ao188cmtx.oct,12.0,1.0,1.0,0.0,ON,0.0,0.01,0.0,ao188ttctrl.oct,0.001,0.0,2022-01-28T12:43:31,2,VMPA00017399,iXon Ultra 897 - VAMPIRES 2.0,10.0,45.0,HWP(NIR),45,-34.49515099310499,-34.29489443458225,-34.39513071095625,-112.9951307109562,2,64.5,64.5,-0.39065289785735,-0.92053805646244,0.92053805646244,-0.39065289785735,-1.7333333333333e-06,1.7333333333333e-06,deg,deg,RA---TAN,DEC--TAN,187.46497916667,-16.516741666667,-16.516741666667,0.0,median,62.0,68.0,7929.0,697923.1855692609,0,0.0,0.0,0.0,0.0,0,0,59.0,48,48,55,7,1797275.5,1205809.5,82.0,591466.0,1576.0777768218848,765.0697939739243,0.0,,
VDATA20220128A_00001252_calib_collapsed.fits,True,-32,2,128,128,2022-01-28,HD108767,12:44:01.225,12:44:22.903,12:43:39.547,02:44:01.231,02:44:22.911,02:43:39.552,59607.530561,59607.53081,59607.530312,VTMP00001252,21.245,ACQUISITION,NAOJ,Subaru,VAMPIRES,UTC,o21156,"""[Summit] Millar-Blancher, Zhang [Hilo] Guyon, Deo, Vievard, Ah""",Observation,IMAG_POL,ICRS,180.0,12:29:51.617,-16:31:00.02,2000.0,NS_IR,-0.12,1.38,43.6233,145.03605,46.3767,Nasmyth-IR,OFF,IR,27.1,621.0,270.55,6.0,1.0,5000.0,4250.0,0.0,100000.0,5000.0,22.5,2.0,1.0,4.0,3.0,/mnt/data/20220128/,HD108767_03_20220128_675-50_EmptySlot_0,2,10.0,152.0,165.0,675-50,EmptySlot,1.0,T,IN,170.05202,168.054,-16:30:56,1.0,ADI,-39.0,163.025,12:29:51.9,SYNC,SCEXAO,348.72,35708928.0,MIRROR,152.63,15629312.0,OPEN,13.0,100.0,10.2,0.0,87.68598,-16:30:55.55,ADI,106.769,-39.0,12:29:51.860,TRACK,0.0,ao188cmtx.oct,12.0,1.0,1.0,0.0,ON,0.0,0.01,0.0,ao188ttctrl.oct,0.001,0.0,2022-01-28T12:44:29,1,VMPA00017401,iXon Ultra 897 - VAMPIRES 1.0,10.0,22.5,HWP(NIR),45,-34.19681156378424,-33.99486110486385,-34.09594501229384,-112.6959450122938,2,64.5,64.5,-0.38584075067432,-0.92256539883039,0.92256539883039,-0.38584075067432,-1.7333333333333e-06,1.7333333333333e-06,deg,deg,RA---TAN,DEC--TAN,187.46507083333,-16.516672222222,-16.516672222222,0.0,median,61.0,69.0,4432.0,476527.5376012749,"(0.0411377949523042, 0.0)",0.019747354425252158,-0.09786408783917386,0.0,0.0,0,0,58.0,48,48,55,7,1385046.5,865710.5,72.0,519336.0,1356.663165744374,638.1174943487184,0.0007629743481557809,,
VDATA20220128A_00001253_calib_collapsed.fits,True,-32,2,128,128,2022-01-28,HD108767,12:44:01.225,12:44:22.903,12:43:39.547,02:44:01.231,02:44:22.911,02:43:39.552,59607.530561,59607.53081,59607.530312,VTMP00001253,21.245,ACQUISITION,NAOJ,Subaru,VAMPIRES,UTC,o21156,"""[Summit] Millar-Blancher, Zhang [Hilo] Guyon, Deo, Vievard, Ah""",Observation,IMAG_POL,ICRS,180.0,12:29:51.617,-16:31:00.02,2000.0,NS_IR,-0.12,1.38,43.6233,145.03605,46.3767,Nasmyth-IR,OFF,IR,27.1,621.0,270.55,6.0,1.0,5000.0,4250.0,0.0,100000.0,5000.0,22.5,2.0,1.0,4.0,3.0,/mnt/data/20220128/,HD108767_03_20220128_675-50_EmptySlot_0,2,10.0,152.0,165.0,675-50,EmptySlot,1.0,T,IN,170.05202,168.054,-16:30:56,1.0,ADI,-39.0,163.025,12:29:51.9,SYNC,SCEXAO,348.72,35708928.0,MIRROR,152.63,15629312.0,OPEN,13.0,100.0,10.2,0.0,87.68598,-16:30:55.55,ADI,106.769,-39.0,12:29:51.860,TRACK,0.0,ao188cmtx.oct,12.0,1.0,1.0,0.0,ON,0.0,0.01,0.0,ao188ttctrl.oct,0.001,0.0,2022-01-28T12:44:29,2,VMPA00017401,iXon Ultra 897 - VAMPIRES 1.0,10.0,22.5,HWP(NIR),45,-34.19681156378424,-33.99486110486385,-34.09594501229384,-112.6959450122938,2,64.5,64.5,-0.38584075067432,-0.92256539883039,0.92256539883039,-0.38584075067432,-1.7333333333333e-06,1.7333333333333e-06,deg,deg,RA---TAN,DEC--TAN,187.46507083333,-16.516672222222,-16.516672222222,0.0,median,61.0,69.0,4220.0,451458.6342066987,0,0.0,0.0,0.0,0.0,0,0,58.0,48,48,55,7,1312884.5,822400.5,68.0,490484.0,1311.6933698186465,626.9761812653702,0.0,,
VDATA20220128A_00001254_calib_collapsed.fits,True,-32,2,128,128,2022-01-28,HD108767,12:44:01.225,12:44:22.903,12:43:39.547,02:44:01.231,02:44:22.911,02:43:39.552,59607.530561,59607.53081,59607.530312,VTMP00001254,21.245,ACQUISITION,NAOJ,Subaru,VAMPIRES,UTC,o21156,"""[Summit] Millar-Blancher, Zhang [Hilo] Guyon, Deo, Vievard, Ah""",Observation,IMAG_POL,ICRS,180.0,12:29:51.617,-16:31:00.02,2000.0,NS_IR,-0.12,1.38,43.6233,145.03605,46.3767,Nasmyth-IR,OFF,IR,27.1,621.0,270.55,6.0,2.0,5000.0,4250.0,0.0,100000.0,5000.0,22.5,2.0,1.0,4.0,3.0,/mnt/data/20220128/,HD108767_03_20220128_675-50_EmptySlot_0,2,10.0,152.0,165.0,675-50,EmptySlot,1.0,T,IN,170.05202,168.054,-16:30:56,1.0,ADI,-39.0,163.025,12:29:51.9,SYNC,SCEXAO,348.72,35708928.0,MIRROR,152.63,15629312.0,OPEN,13.0,100.0,10.2,0.0,87.68598,-16:30:55.55,ADI,106.769,-39.0,12:29:51.860,TRACK,0.0,ao188cmtx.oct,12.0,1.0,1.0,0.0,ON,0.0,0.01,0.0,ao188ttctrl.oct,0.001,0.0,2022-01-28T12:44:34,1,VMPA00017403,iXon Ultra 897 - VAMPIRES 2.0,10.0,22.5,HWP(NIR),45,-34.19681156378424,-33.99486110486385,-34.09594501229384,-112.6959450122938,2,64.5,64.5,-0.38584075067432,-0.92256539883039,0.92256539883039,-0.38584075067432,-1.7333333333333e-06,1.7333333333333e-06,deg,deg,RA---TAN,DEC--TAN,187.46507083333,-16.516672222222,-16.516672222222,0.0,median,63.0,69.0,5009.0,556842.1193651545,0,0.0,0.0,0.0,0.0,0,0,58.0,48,48,55,7,1610564.5,1011885.5,83.0,598679.0,1503.5391853780845,673.0024131333486,0.0,,
VDATA20220128A_00001255_calib_collapsed.fits,True,-32,2,128,128,2022-01-28,HD108767,12:44:01.225,12:44:22.903,12:43:39.547,02:44:01.231,02:44:22.911,02:43:39.552,59607.530561,59607.53081,59607.530312,VTMP00001255,21.245,ACQUISITION,NAOJ,Subaru,VAMPIRES,UTC,o21156,"""[Summit] Millar-Blancher, Zhang [Hilo] Guyon, Deo, Vievard, Ah""",Observation,IMAG_POL,ICRS,180.0,12:29:51.617,-16:31:00.02,2000.0,NS_IR,-0.12,1.38,43.6233,145.03605,46.3767,Nasmyth-IR,OFF,IR,27.1,621.0,270.55,6.0,2.0,5000.0,4250.0,0.0,100000.0,5000.0,22.5,2.0,1.0,4.0,3.0,/mnt/data/20220128/,HD108767_03_20220128_675-50_EmptySlot_0,2,10.0,152.0,165.0,675-50,EmptySlot,1.0,T,IN,170.05202,168.054,-16:30:56,1.0,ADI,-39.0,163.025,12:29:51.9,SYNC,SCEXAO,348.72,35708928.0,MIRROR,152.63,15629312.0,OPEN,13.0,100.0,10.2,0.0,87.68598,-16:30:55.55,ADI,106.769,-39.0,12:29:51.860,TRACK,0.0,ao188cmtx.oct,12.0,1.0,1.0,0.0,ON,0.0,0.01,0.0,ao188ttctrl.oct,0.001,0.0,2022-01-28T12:44:34,2,VMPA00017403,iXon Ultra 897 - VAMPIRES 2.0,10.0,22.5,HWP(NIR),45,-34.19681156378424,-33.99486110486385,-34.09594501229384,-112.6959450122938,2,64.5,64.5,-0.38584075067432,-0.92256539883039,0.92256539883039,-0.38584075067432,-1.7333333333333e-06,1.7333333333333e-06,deg,deg,RA---TAN,DEC--TAN,187.46507083333,-16.516672222222,-16.516672222222,0.0,median,63.0,69.0,5211.0,573254.9093257338,0,0.0,0.0,0.0,0.0,0,0,58.0,48,48,55,7,1655584.5,1042479.5,85.0,613105.0,1528.4709402359283,682.0407719620023,0.0,,
VDATA20220128A_00001256_calib_collapsed.fits,True,-32,2,128,128,2022-01-28,HD108767,12:45:07.152,12:45:28.836,12:44:45.468,02:45:07.159,02:45:28.843,02:44:45.474,59607.531325,59607.531574,59607.531076,VTMP00001256,21.245,ACQUISITION,NAOJ,Subaru,VAMPIRES,UTC,o21156,"""[Summit] Millar-Blancher, Zhang [Hilo] Guyon, Deo, Vievard, Ah""",Observation,IMAG_POL,ICRS,180.0,12:29:51.603,-16:31:00.19,2000.0,NS_IR,-0.12,1.377,43.47546,145.35328,46.52454,Nasmyth-IR,OFF,IR,27.0,621.0,270.55,6.1,1.0,5000.0,4250.0,0.0,100000.0,5000.0,67.5,2.0,1.0,4.0,4.0,/mnt/data/20220128/,HD108767_03_20220128_675-50_EmptySlot_0,3,10.0,152.0,165.0,675-50,EmptySlot,1.0,T,IN,169.88802,167.88801,-16:30:56,1.0,ADI,-39.0,163.025,12:29:51.9,SYNC,SCEXAO,348.72,35708928.0,MIRROR,152.63,15629312.0,OPEN,13.0,100.0,10.2,0.0,87.75532,-16:30:55.55,ADI,107.078,-39.0,12:29:51.860,TRACK,0.0,ao188cmtx.oct,12.0,1.0,1.0,0.0,ON,0.0,0.01,0.0,ao188ttctrl.oct,0.001,0.0,2022-01-28T12:45:34,1,VMPA00017405,iXon Ultra 897 - VAMPIRES 1.0,10.0,67.5,HWP(NIR),45,-33.88654183979096,-33.68325588446091,-33.78500777166076,-112.3850077716608,2,64.5,64.5,-0.38082844312831,-0.92464571426275,0.92464571426275,-0.38082844312831,-1.7333333333333e-06,1.7333333333333e-06,deg,deg,RA---TAN,DEC--TAN,187.4650125,-16.516719444444,-16.516719444444,0.0,median,61.0,70.0,2686.0,367356.45942335424,"(-0.011308798722570498, 0.0)",-0.008061488824734647,-0.09229098875318677,0.0,0.0,0,0,57.0,48,48,55,7,1224714.5,705378.5,72.0,519336.0,1289.838465983607,546.8735183533943,0.000878681629129554,,
VDATA20220128A_00001257_calib_collapsed.fits,True,-32,2,128,128,2022-01-28,HD108767,12:45:07.152,12:45:28.836,12:44:45.468,02:45:07.159,02:45:28.843,02:44:45.474,59607.531325,59607.531574,59607.531076,VTMP00001257,21.245,ACQUISITION,NAOJ,Subaru,VAMPIRES,UTC,o21156,"""[Summit] Millar-Blancher, Zhang [Hilo] Guyon, Deo, Vievard, Ah""",Observation,IMAG_POL,ICRS,180.0,12:29:51.603,-16:31:00.19,2000.0,NS_IR,-0.12,1.377,43.47546,145.35328,46.52454,Nasmyth-IR,OFF,IR,27.0,621.0,270.55,6.1,1.0,5000.0,4250.0,0.0,100000.0,5000.0,67.5,2.0,1.0,4.0,4.0,/mnt/data/20220128/,HD108767_03_20220128_675-50_EmptySlot_0,3,10.0,152.0,165.0,675-50,EmptySlot,1.0,T,IN,169.88802,167.88801,-16:30:56,1.0,ADI,-39.0,163.025,12:29:51.9,SYNC,SCEXAO,348.72,35708928.0,MIRROR,152.63,15629312.0,OPEN,13.0,100.0,10.2,0.0,87.75532,-16:30:55.55,ADI,107.078,-39.0,12:29:51.860,TRACK,0.0,ao188cmtx.oct,12.0,1.0,1.0,0.0,ON,0.0,0.01,0.0,ao188ttctrl.oct,0.001,0.0,2022-01-28T12:45:34,2,VMPA00017405,iXon Ultra 897 - VAMPIRES 1.0,10.0,67.5,HWP(NIR),45,-33.88654183979096,-33.68325588446091,-33.78500777166076,-112.3850077716608,2,64.5,64.5,-0.38082844312831,-0.92464571426275,0.92464571426275,-0.38082844312831,-1.7333333333333e-06,1.7333333333333e-06,deg,deg,RA---TAN,DEC--TAN,187.4650125,-16.516719444444,-16.516719444444,0.0,median,61.0,70.0,2676.0,366577.6348054936,0,0.0,0.0,0.0,0.0,0,0,57.0,48,48,55,7,1221315.5,709192.5,71.0,512123.0,1288.6751276677176,550.3268316224257,0.0,,
VDATA20220128A_00001258_calib_collapsed.fits,True,-32,2,128,128,2022-01-28,HD108767,12:45:07.152,12:45:28.836,12:44:45.468,02:45:07.159,02:45:28.843,02:44:45.474,59607.531325,59607.531574,59607.531076,VTMP00001258,21.245,ACQUISITION,NAOJ,Subaru,VAMPIRES,UTC,o21156,"""[Summit] Millar-Blancher, Zhang [Hilo] Guyon, Deo, Vievard, Ah""",Observation,IMAG_POL,ICRS,180.0,12:29:51.603,-16:31:00.19,2000.0,NS_IR,-0.12,1.377,43.47546,145.35328,46.52454,Nasmyth-IR,OFF,IR,27.0,621.0,270.55,6.1,2.0,5000.0,4250.0,0.0,100000.0,5000.0,67.5,2.0,1.0,4.0,4.0,/mnt/data/20220128/,HD108767_03_20220128_675-50_EmptySlot_0,3,10.0,152.0,165.0,675-50,EmptySlot,1.0,T,IN,169.88802,167.88801,-16:30:56,1.0,ADI,-39.0,163.025,12:29:51.9,SYNC,SCEXAO,348.72,35708928.0,MIRROR,152.63,15629312.0,OPEN,13.0,100.0,10.2,0.0,87.75532,-16:30:55.55,ADI,107.078,-39.0,12:29:51.860,TRACK,0.0,ao188cmtx.oct,12.0,1.0,1.0,0.0,ON,0.0,0.01,0.0,ao188ttctrl.oct,0.001,0.0,2022-01-28T12:45:39,1,VMPA00017407,iXon Ultra 897 - VAMPIRES 2.0,10.0,67.5,HWP(NIR),45,-33.88654183979096,-33.68325588446091,-33.78500777166076,-112.3850077716608,2,64.5,64.5,-0.38082844312831,-0.92464571426275,0.92464571426275,-0.38082844312831,-1.7333333333333e-06,1.7333333333333e-06,deg,deg,RA---TAN,DEC--TAN,187.4650125,-16.516719444444,-16.516719444444,0.0,median,63.0,69.0,3284.0,448104.4124394513,0,0.0,0.0,0.0,0.0,0,0,58.0,48,48,55,7,1482085.5,861767.5,86.0,620318.0,1457.9154591618037,591.0956596176394,0.0,,
VDATA20220128A_00001259_calib_collapsed.fits,True,-32,2,128,128,2022-01-28,HD108767,12:45:07.152,12:45:28.836,12:44:45.468,02:45:07.159,02:45:28.843,02:44:45.474,59607.531325,59607.531574,59607.531076,VTMP00001259,21.245,ACQUISITION,NAOJ,Subaru,VAMPIRES,UTC,o21156,"""[Summit] Millar-Blancher, Zhang [Hilo] Guyon, Deo, Vievard, Ah""",Observation,IMAG_POL,ICRS,180.0,12:29:51.603,-16:31:00.19,2000.0,NS_IR,-0.12,1.377,43.47546,145.35328,46.52454,Nasmyth-IR,OFF,IR,27.0,621.0,270.55,6.1,2.0,5000.0,4250.0,0.0,100000.0,5000.0,67.5,2.0,1.0,4.0,4.0,/mnt/data/20220128/,HD108767_03_20220128_675-50_EmptySlot_0,3,10.0,152.0,165.0,675-50,EmptySlot,1.0,T,IN,169.88802,167.88801,-16:30:56,1.0,ADI,-39.0,163.025,12:29:51.9,SYNC,SCEXAO,348.72,35708928.0,MIRROR,152.63,15629312.0,OPEN,13.0,100.0,10.2,0.0,87.75532,-16:30:55.55,ADI,107.078,-39.0,12:29:51.860,TRACK,0.0,ao188cmtx.oct,12.0,1.0,1.0,0.0,ON,0.0,0.01,0.0,ao188ttctrl.oct,0.001,0.0,2022-01-28T12:45:39,2,VMPA00017407,iXon Ultra 897 - VAMPIRES 2.0,10.0,67.5,HWP(NIR),45,-33.88654183979096,-33.68325588446091,-33.78500777166076,-112.3850077716608,2,64.5,64.5,-0.38082844312831,-0.92464571426275,0.92464571426275,-0.38082844312831,-1.7333333333333e-06,1.7333333333333e-06,deg,deg,RA---TAN,DEC--TAN,187.4650125,-16.516719444444,-16.516719444444,0.0,median,63.0,69.0,3143.0,437067.300196006,0,0.0,0.0,-0.0008478557554854153,-0.013904421624993403,0,0,58.0,48,48,55,7,1446347.5,840455.5,84.0,605892.0,1432.1630985970787,586.8434264388568,0.0,,
VDATA20220128A_00001260_calib_collapsed.fits,True,-32,2,128,128,2022-01-28,HD108767,12:48:03.254,12:48:24.978,12:47:41.530,02:48:03.261,02:48:24.986,02:47:41.535,59607.533362,59607.533611,59607.533113,VTMP00001260,21.245,ACQUISITION,NAOJ,Subaru,VAMPIRES,UTC,o21156,"""[Summit] Millar-Blancher, Zhang [Hilo] Guyon, Deo, Vievard, Ah""",Observation,IMAG_POL,ICRS,180.0,12:29:51.612,-16:31:00.07,2000.0,NS_IR,-0.12,1.368,43.08579,146.21152,46.91421,Nasmyth-IR,OFF,IR,27.1,621.0,270.55,6.1,1.0,5000.0,4250.0,0.0,100000.0,5000.0,0.0,1.0,1.0,4.0,1.0,/mnt/data/20220128/,HD108767_04_20220128_675-50_EmptySlot_0,0,10.0,152.0,165.0,675-50,EmptySlot,1.0,T,IN,169.46396,167.46604,-16:30:56,1.0,ADI,-39.0,163.025,12:29:51.9,SYNC,SCEXAO,348.72,35708928.0,MIRROR,152.63,15629312.0,OPEN,13.0,100.0,10.2,0.0,87.95691,-16:30:55.55,ADI,107.912,-39.0,12:29:51.860,TRACK,0.0,ao188cmtx.oct,12.0,1.0,1.0,0.0,ON,0.0,0.01,0.0,ao188ttctrl.oct,0.001,0.0,2022-01-28T12:48:31,1,VMPA00017409,iXon Ultra 897 - VAMPIRES 1.0,10.0,0.0,HWP(NIR),45,-33.04957626941003,-32.8427176860925,-32.94625640470807,-111.5462564047081,2,64.5,64.5,-0.36725225802098,-0.93012137862673,0.93012137862673,-0.36725225802098,-1.7333333333333e-06,1.7333333333333e-06,deg,deg,RA---TAN,DEC--TAN,187.46505,-16.516686111111,-16.516686111111,0.0,median,60.0,70.0,2947.0,367601.7339040932,"(0.016920646899744277, 0.0)",0.007973248892495746,-0.10031877035066042,0.0,0.0,0,0,57.0,48,48,55,7,1221117.0,701781.0,72.0,519336.0,1282.0712220681605,547.3806664718119,0.000880149628537284,,
VDATA20220128A_00001261_calib_collapsed.fits,True,-32,2,128,128,2022-01-28,HD108767,12:48:03.254,12:48:24.978,12:47:41.530,02:48:03.261,02:48:24.986,02:47:41.535,59607.533362,59607.533611,59607.533113,VTMP00001261,21.245,ACQUISITION,NAOJ,Subaru,VAMPIRES,UTC,o21156,"""[Summit] Millar-Blancher, Zhang [Hilo] Guyon, Deo, Vievard, Ah""",Observation,IMAG_POL,ICRS,180.0,12:29:51.612,-16:31:00.07,2000.0,NS_IR,-0.12,1.368,43.08579,146.21152,46.91421,Nasmyth-IR,OFF,IR,27.1,621.0,270.55,6.1,1.0,5000.0,4250.0,0.0,100000.0,5000.0,0.0,1.0,1.0,4.0,1.0,/mnt/data/20220128/,HD108767_04_20220128_675-50_EmptySlot_0,0,10.0,152.0,165.0,675-50,EmptySlot,1.0,T,IN,169.46396,167.46604,-16:30:56,1.0,ADI,-39.0,163.025,12:29:51.9,SYNC,SCEXAO,348.72,35708928.0,MIRROR,152.63,15629312.0,OPEN,13.0,100.0,10.2,0.0,87.95691,-16:30:55.55,ADI,107.912,-39.0,12:29:51.860,TRACK,0.0,ao188cmtx.oct,12.0,1.0,1.0,0.0,ON,0.0,0.01,0.0,ao188ttctrl.oct,0.001,0.0,2022-01-28T12:48:31,2,VMPA00017409,iXon Ultra 897 - VAMPIRES 1.0,10.0,0.0,HWP(NIR),45,-33.04957626941003,-32.8427176860925,-32.94625640470807,-111.5462564047081,2,64.5,64.5,-0.36725225802098,-0.93012137862673,0.93012137862673,-0.36725225802098,-1.7333333333333e-06,1.7333333333333e-06,deg,deg,RA---TAN,DEC--TAN,187.46505,-16.516686111111,-16.516686111111,0.0,median,60.0,69.0,2832.0,356321.42723678274,0,0.0,0.0,0.0,0.0,0,0,58.0,48,48,55,7,1184175.0,679265.0,70.0,504910.0,1247.9762321640987,544.2932184870987,0.0,,
VDATA20220128A_00001262_calib_collapsed.fits,True,-32,2,128,128,2022-01-28,HD108767,12:48:03.254,12:48:24.978,12:47:41.530,02:48:03.261,02:48:24.986,02:47:41.535,59607.533362,59607.533611,59607.533113,VTMP00001262,21.245,ACQUISITION,NAOJ,Subaru,VAMPIRES,UTC,o21156,"""[Summit] Millar-Blancher, Zhang [Hilo] Guyon, Deo, Vievard, Ah""",Observation,IMAG_POL,ICRS,180.0,12:29:51.612,-16:31:00.07,2000.0,NS_IR,-0.12,1.368,43.08579,146.21152,46.91421,Nasmyth-IR,OFF,IR,27.1,621.0,270.55,6.1,2.0,5000.0,4250.0,0.0,100000.0,5000.0,0.0,1.0,1.0,4.0,1.0,/mnt/data/20220128/,HD108767_04_20220128_675-50_EmptySlot_0,0,10.0,152.0,165.0,675-50,EmptySlot,1.0,T,IN,169.46396,167.46604,-16:30:56,1.0,ADI,-39.0,163.025,12:29:51.9,SYNC,SCEXAO,348.72,35708928.0,MIRROR,152.63,15629312.0,OPEN,13.0,100.0,10.2,0.0,87.95691,-16:30:55.55,ADI,107.912,-39.0,12:29:51.860,TRACK,0.0,ao188cmtx.oct,12.0,1.0,1.0,0.0,ON,0.0,0.01,0.0,ao188ttctrl.oct,0.001,0.0,2022-01-28T12:48:37,1,VMPA00017411,iXon Ultra 897 - VAMPIRES 2.0,10.0,0.0,HWP(NIR),45,-33.04957626941003,-32.8427176860925,-32.94625640470807,-111.5462564047081,2,64.5,64.5,-0.36725225802098,-0.93012137862673,0.93012137862673,-0.36725225802098,-1.7333333333333e-06,1.7333333333333e-06,deg,deg,RA---TAN,DEC--TAN,187.46505,-16.516686111111,-16.516686111111,0.0,median,62.0,69.0,3497.0,439147.5782791756,0,0.0,0.0,0.0,0.0,0,0,58.0,48,48,55,7,1449427.0,843535.0,84.0,605892.0,1430.4135243762773,589.7140831130062,0.0,,
VDATA20220128A_00001263_calib_collapsed.fits,True,-32,2,128,128,2022-01-28,HD108767,12:48:03.254,12:48:24.978,12:47:41.530,02:48:03.261,02:48:24.986,02:47:41.535,59607.533362,59607.533611,59607.533113,VTMP00001263,21.245,ACQUISITION,NAOJ,Subaru,VAMPIRES,UTC,o21156,"""[Summit] Millar-Blancher, Zhang [Hilo] Guyon, Deo, Vievard, Ah""",Observation,IMAG_POL,ICRS,180.0,12:29:51.612,-16:31:00.07,2000.0,NS_IR,-0.12,1.368,43.08579,146.21152,46.91421,Nasmyth-IR,OFF,IR,27.1,621.0,270.55,6.1,2.0,5000.0,4250.0,0.0,100000.0,5000.0,0.0,1.0,1.0,4.0,1.0,/mnt/data/20220128/,HD108767_04_20220128_675-50_EmptySlot_0,0,10.0,152.0,165.0,675-50,EmptySlot,1.0,T,IN,169.46396,167.46604,-16:30:56,1.0,ADI,-39.0,163.025,12:29:51.9,SYNC,SCEXAO,348.72,35708928.0,MIRROR,152.63,15629312.0,OPEN,13.0,100.0,10.2,0.0,87.95691,-16:30:55.55,ADI,107.912,-39.0,12:29:51.860,TRACK,0.0,ao188cmtx.oct,12.0,1.0,1.0,0.0,ON,0.0,0.01,0.0,ao188ttctrl.oct,0.001,0.0,2022-01-28T12:48:37,2,VMPA00017411,iXon Ultra 897 - VAMPIRES 2.0,10.0,0.0,HWP(NIR),45,-33.04957626941003,-32.8427176860925,-32.94625640470807,-111.5462564047081,2,64.5,64.5,-0.36725225802098,-0.93012137862673,0.93012137862673,-0.36725225802098,-1.7333333333333e-06,1.7333333333333e-06,deg,deg,RA---TAN,DEC--TAN,187.46505,-16.516686111111,-16.516686111111,0.0,median,62.0,69.0,3530.0,440465.9658165103,0,0.0,0.0,0.0,0.0,0,0,58.0,48,48,55,7,1454996.0,845497.5,84.5,609498.5,1433.639668202906,589.7559329254937,0.0,,
VDATA20220128A_00001264_calib_collapsed.fits,True,-32,2,128,128,2022-01-28,HD108767,12:51:05.136,12:51:26.820,12:50:43.452,02:51:05.143,02:51:26.828,02:50:43.458,59607.53546899999,59607.535718,59607.53522,VTMP00001264,21.245,ACQUISITION,NAOJ,Subaru,VAMPIRES,UTC,o21156,"""[Summit] Millar-Blancher, Zhang [Hilo] Guyon, Deo, Vievard, Ah""",Observation,IMAG_POL,ICRS,180.0,12:29:51.604,-16:31:00.15,2000.0,NS_IR,-0.12,1.359,42.69351,147.11089,47.30649,Nasmyth-IR,OFF,IR,27.0,620.9,270.55,6.0,1.0,5000.0,4250.0,0.0,100000.0,5000.0,45.0,1.0,1.0,4.0,2.0,/mnt/data/20220128/,HD108767_04_20220128_675-50_EmptySlot_0,1,10.0,152.0,165.0,675-50,EmptySlot,1.0,T,IN,169.04104,167.04103,-16:30:56,1.0,ADI,-39.0,163.025,12:29:51.9,SYNC,SCEXAO,348.72,35708928.0,MIRROR,152.63,15629312.0,OPEN,13.0,100.0,10.2,0.0,88.14896,-16:30:55.55,ADI,108.786,-39.0,12:29:51.860,TRACK,0.0,ao188cmtx.oct,12.0,1.0,1.0,0.0,ON,0.0,0.01,0.0,ao188ttctrl.oct,0.001,0.0,2022-01-28T12:51:32,1,VMPA00017413,iXon Ultra 897 - VAMPIRES 1.0,10.0,45.0,HWP(NIR),45,-32.16833141406678,-31.95776217190571,-32.0631565867586,-110.6631565867586,2,64.5,64.5,-0.35287324386862,-0.9356711354753,0.9356711354753,-0.35287324386862,-1.7333333333333e-06,1.7333333333333e-06,deg,deg,RA---TAN,DEC--TAN,187.46501666667,-16.516708333333,-16.516708333333,0.0,median,60.0,69.0,3810.0,421012.6517717104,"(0.015346071560167096, 0.0)",0.007164078255419216,-0.09362644787787816,0.0,0.0,0,0,58.0,48,48,55,7,1294707.0,775371.0,72.0,519336.0,1306.7474775945952,593.3594770944343,0.0008152890482250169,,
VDATA20220128A_00001265_calib_collapsed.fits,True,-32,2,128,128,2022-01-28,HD108767,12:51:05.136,12:51:26.820,12:50:43.452,02:51:05.143,02:51:26.828,02:50:43.458,59607.53546899999,59607.535718,59607.53522,VTMP00001265,21.245,ACQUISITION,NAOJ,Subaru,VAMPIRES,UTC,o21156,"""[Summit] Millar-Blancher, Zhang [Hilo] Guyon, Deo, Vievard, Ah""",Observation,IMAG_POL,ICRS,180.0,12:29:51.604,-16:31:00.15,2000.0,NS_IR,-0.12,1.359,42.69351,147.11089,47.30649,Nasmyth-IR,OFF,IR,27.0,620.9,270.55,6.0,1.0,5000.0,4250.0,0.0,100000.0,5000.0,45.0,1.0,1.0,4.0,2.0,/mnt/data/20220128/,HD108767_04_20220128_675-50_EmptySlot_0,1,10.0,152.0,165.0,675-50,EmptySlot,1.0,T,IN,169.04104,167.04103,-16:30:56,1.0,ADI,-39.0,163.025,12:29:51.9,SYNC,SCEXAO,348.72,35708928.0,MIRROR,152.63,15629312.0,OPEN,13.0,100.0,10.2,0.0,88.14896,-16:30:55.55,ADI,108.786,-39.0,12:29:51.860,TRACK,0.0,ao188cmtx.oct,12.0,1.0,1.0,0.0,ON,0.0,0.01,0.0,ao188ttctrl.oct,0.001,0.0,2022-01-28T12:51:32,2,VMPA00017413,iXon Ultra 897 - VAMPIRES 1.0,10.0,45.0,HWP(NIR),45,-32.16833141406678,-31.95776217190571,-32.0631565867586,-110.6631565867586,2,64.5,64.5,-0.35287324386862,-0.9356711354753,0.9356711354753,-0.35287324386862,-1.7333333333333e-06,1.7333333333333e-06,deg,deg,RA---TAN,DEC--TAN,187.46501666667,-16.516708333333,-16.516708333333,0.0,median,60.0,69.0,3709.0,409083.49819008645,0,0.0,0.0,0.0,0.0,0,0,58.0,48,48,55,7,1258743.0,753833.0,70.0,504910.0,1283.500879829299,587.3256589432623,0.0,,
VDATA20220128A_00001266_calib_collapsed.fits,True,-32,2,128,128,2022-01-28,HD108767,12:51:05.136,12:51:26.820,12:50:43.452,02:51:05.143,02:51:26.828,02:50:43.458,59607.53546899999,59607.535718,59607.53522,VTMP00001266,21.245,ACQUISITION,NAOJ,Subaru,VAMPIRES,UTC,o21156,"""[Summit] Millar-Blancher, Zhang [Hilo] Guyon, Deo, Vievard, Ah""",Observation,IMAG_POL,ICRS,180.0,12:29:51.604,-16:31:00.15,2000.0,NS_IR,-0.12,1.359,42.69351,147.11089,47.30649,Nasmyth-IR,OFF,IR,27.0,620.9,270.55,6.0,2.0,5000.0,4250.0,0.0,100000.0,5000.0,45.0,1.0,1.0,4.0,2.0,/mnt/data/20220128/,HD108767_04_20220128_675-50_EmptySlot_0,1,10.0,152.0,165.0,675-50,EmptySlot,1.0,T,IN,169.04104,167.04103,-16:30:56,1.0,ADI,-39.0,163.025,12:29:51.9,SYNC,SCEXAO,348.72,35708928.0,MIRROR,152.63,15629312.0,OPEN,13.0,100.0,10.2,0.0,88.14896,-16:30:55.55,ADI,108.786,-39.0,12:29:51.860,TRACK,0.0,ao188cmtx.oct,12.0,1.0,1.0,0.0,ON,0.0,0.01,0.0,ao188ttctrl.oct,0.001,0.0,2022-01-28T12:51:37,1,VMPA00017413,iXon Ultra 897 - VAMPIRES 2.0,10.0,45.0,HWP(NIR),45,-32.16833141406678,-31.95776217190571,-32.0631565867586,-110.6631565867586,2,64.5,64.5,-0.35287324386862,-0.9356711354753,0.9356711354753,-0.35287324386862,-1.7333333333333e-06,1.7333333333333e-06,deg,deg,RA---TAN,DEC--TAN,187.46501666667,-16.516708333333,-16.516708333333,0.0,median,62.0,68.0,4471.0,499805.73709431896,0,0.0,0.0,0.0,0.0,0,0,59.0,48,48,55,7,1527139.5,921247.5,84.0,605892.0,1451.4181217039759,634.722335503465,0.0,,
VDATA20220128A_00001267_calib_collapsed.fits,True,-32,2,128,128,2022-01-28,HD108767,12:51:05.136,12:51:26.820,12:50:43.452,02:51:05.143,02:51:26.828,02:50:43.458,59607.53546899999,59607.535718,59607.53522,VTMP00001267,21.245,ACQUISITION,NAOJ,Subaru,VAMPIRES,UTC,o21156,"""[Summit] Millar-Blancher, Zhang [Hilo] Guyon, Deo, Vievard, Ah""",Observation,IMAG_POL,ICRS,180.0,12:29:51.604,-16:31:00.15,2000.0,NS_IR,-0.12,1.359,42.69351,147.11089,47.30649,Nasmyth-IR,OFF,IR,27.0,620.9,270.55,6.0,2.0,5000.0,4250.0,0.0,100000.0,5000.0,45.0,1.0,1.0,4.0,2.0,/mnt/data/20220128/,HD108767_04_20220128_675-50_EmptySlot_0,1,10.0,152.0,165.0,675-50,EmptySlot,1.0,T,IN,169.04104,167.04103,-16:30:56,1.0,ADI,-39.0,163.025,12:29:51.9,SYNC,SCEXAO,348.72,35708928.0,MIRROR,152.63,15629312.0,OPEN,13.0,100.0,10.2,0.0,88.14896,-16:30:55.55,ADI,108.786,-39.0,12:29:51.860,TRACK,0.0,ao188cmtx.oct,12.0,1.0,1.0,0.0,ON,0.0,0.01,0.0,ao188ttctrl.oct,0.001,0.0,2022-01-28T12:51:37,2,VMPA00017413,iXon Ultra 897 - VAMPIRES 2.0,10.0,45.0,HWP(NIR),45,-32.16833141406678,-31.95776217190571,-32.0631565867586,-110.6631565867586,2,64.5,64.5,-0.35287324386862,-0.9356711354753,0.9356711354753,-0.35287324386862,-1.7333333333333e-06,1.7333333333333e-06,deg,deg,RA---TAN,DEC--TAN,187.46501666667,-16.516708333333,-16.516708333333,0.0,median,62.0,68.0,4458.0,500915.7155441877,0,0.0,0.0,0.0,0.0,0,0,59.0,48,48,55,7,1529775.5,923883.5,84.0,605892.0,1451.6291516764902,636.4459537981892,0.0,,
VDATA20220128A_00001268_calib_collapsed.fits,True,-32,2,128,128,2022-01-28,HD108767,12:52:07.771,12:52:29.449,12:51:46.093,02:52:07.778,02:52:29.456,02:51:46.100,59607.536198,59607.536447,59607.535949,VTMP00001268,21.245,ACQUISITION,NAOJ,Subaru,VAMPIRES,UTC,o21156,"""[Summit] Millar-Blancher, Zhang [Hilo] Guyon, Deo, Vievard, Ah""",Observation,IMAG_POL,ICRS,180.0,12:29:51.61,-16:31:00.11,2000.0,NS_IR,-0.12,1.357,42.56026,147.42494,47.43974,Nasmyth-IR,OFF,IR,26.9,620.9,270.55,6.0,1.0,5000.0,4250.0,0.0,100000.0,5000.0,22.5,1.0,1.0,4.0,3.0,/mnt/data/20220128/,HD108767_04_20220128_675-50_EmptySlot_0,2,10.0,152.0,165.0,675-50,EmptySlot,1.0,T,IN,168.89699,166.89698,-16:30:56,1.0,ADI,-39.0,163.025,12:29:51.9,SYNC,SCEXAO,348.72,35708928.0,MIRROR,152.63,15629312.0,OPEN,13.0,100.0,10.2,0.0,88.21883,-16:30:55.55,ADI,109.098,-39.0,12:29:51.860,TRACK,0.0,ao188cmtx.oct,12.0,1.0,1.0,0.0,ON,0.0,0.01,0.0,ao188ttctrl.oct,0.001,0.0,2022-01-28T12:52:36,1,VMPA00017417,iXon Ultra 897 - VAMPIRES 1.0,10.0,22.5,HWP(NIR),45,-31.85982605455856,-31.6479706528605,-31.75400822719742,-110.3540082271974,2,64.5,64.5,-0.34781957147921,-0.9375614890214,0.9375614890214,-0.34781957147921,-1.7333333333333e-06,1.7333333333333e-06,deg,deg,RA---TAN,DEC--TAN,187.46504166667,-16.516697222222,-16.516697222222,0.0,median,60.0,69.0,5719.0,505068.55180669576,"(0.043462461569814925, 0.0)",0.022513754216511566,-0.09878414959609154,0.0,0.0,0,0,58.0,48,48,55,7,1419404.0,900068.0,72.0,519336.0,1375.65681145769,654.2823707943983,0.000746047716707626,,
VDATA20220128A_00001269_calib_collapsed.fits,True,-32,2,128,128,2022-01-28,HD108767,12:52:07.771,12:52:29.449,12:51:46.093,02:52:07.778,02:52:29.456,02:51:46.100,59607.536198,59607.536447,59607.535949,VTMP00001269,21.245,ACQUISITION,NAOJ,Subaru,VAMPIRES,UTC,o21156,"""[Summit] Millar-Blancher, Zhang [Hilo] Guyon, Deo, Vievard, Ah""",Observation,IMAG_POL,ICRS,180.0,12:29:51.61,-16:31:00.11,2000.0,NS_IR,-0.12,1.357,42.56026,147.42494,47.43974,Nasmyth-IR,OFF,IR,26.9,620.9,270.55,6.0,1.0,5000.0,4250.0,0.0,100000.0,5000.0,22.5,1.0,1.0,4.0,3.0,/mnt/data/20220128/,HD108767_04_20220128_675-50_EmptySlot_0,2,10.0,152.0,165.0,675-50,EmptySlot,1.0,T,IN,168.89699,166.89698,-16:30:56,1.0,ADI,-39.0,163.025,12:29:51.9,SYNC,SCEXAO,348.72,35708928.0,MIRROR,152.63,15629312.0,OPEN,13.0,100.0,10.2,0.0,88.21883,-16:30:55.55,ADI,109.098,-39.0,12:29:51.860,TRACK,0.0,ao188cmtx.oct,12.0,1.0,1.0,0.0,ON,0.0,0.01,0.0,ao188ttctrl.oct,0.001,0.0,2022-01-28T12:52:36,2,VMPA00017417,iXon Ultra 897 - VAMPIRES 1.0,10.0,22.5,HWP(NIR),45,-31.85982605455856,-31.6479706528605,-31.75400822719742,-110.3540082271974,2,64.5,64.5,-0.34781957147921,-0.9375614890214,0.9375614890214,-0.34781957147921,-1.7333333333333e-06,1.7333333333333e-06,deg,deg,RA---TAN,DEC--TAN,187.46504166667,-16.516697222222,-16.516697222222,0.0,median,60.0,69.0,5356.0,476572.5725885927,0,0.0,0.0,0.0,0.0,0,0,58.0,48,48,55,7,1342708.0,845011.0,69.0,497697.0,1327.9963441905354,636.3052155200521,0.0,,
VDATA20220128A_00001270_calib_collapsed.fits,True,-32,2,128,128,2022-01-28,HD108767,12:52:07.771,12:52:29.449,12:51:46.093,02:52:07.778,02:52:29.456,02:51:46.100,59607.536198,59607.536447,59607.535949,VTMP00001270,21.245,ACQUISITION,NAOJ,Subaru,VAMPIRES,UTC,o21156,"""[Summit] Millar-Blancher, Zhang [Hilo] Guyon, Deo, Vievard, Ah""",Observation,IMAG_POL,ICRS,180.0,12:29:51.61,-16:31:00.11,2000.0,NS_IR,-0.12,1.357,42.56026,147.42494,47.43974,Nasmyth-IR,OFF,IR,26.9,620.9,270.55,6.0,2.0,5000.0,4250.0,0.0,100000.0,5000.0,22.5,1.0,1.0,4.0,3.0,/mnt/data/20220128/,HD108767_04_20220128_675-50_EmptySlot_0,2,10.0,152.0,165.0,675-50,EmptySlot,1.0,T,IN,168.89699,166.89698,-16:30:56,1.0,ADI,-39.0,163.025,12:29:51.9,SYNC,SCEXAO,348.72,35708928.0,MIRROR,152.63,15629312.0,OPEN,13.0,100.0,10.2,0.0,88.21883,-16:30:55.55,ADI,109.098,-39.0,12:29:51.860,TRACK,0.0,ao188cmtx.oct,12.0,1.0,1.0,0.0,ON,0.0,0.01,0.0,ao188ttctrl.oct,0.001,0.0,2022-01-28T12:52:41,1,VMPA00017419,iXon Ultra 897 - VAMPIRES 2.0,10.0,22.5,HWP(NIR),45,-31.85982605455856,-31.6479706528605,-31.75400822719742,-110.3540082271974,2,64.5,64.5,-0.34781957147921,-0.9375614890214,0.9375614890214,-0.34781957147921,-1.7333333333333e-06,1.7333333333333e-06,deg,deg,RA---TAN,DEC--TAN,187.46504166667,-16.516697222222,-16.516697222222,0.0,median,62.0,69.0,6456.0,588461.7565453332,0,0.0,0.0,0.0,0.0,0,0,58.0,48,48,55,7,1646434.0,1047755.0,83.0,598679.0,1525.4106733228298,686.8674897348504,0.0,,
VDATA20220128A_00001271_calib_collapsed.fits,True,-32,2,128,128,2022-01-28,HD108767,12:52:07.771,12:52:29.449,12:51:46.093,02:52:07.778,02:52:29.456,02:51:46.100,59607.536198,59607.536447,59607.535949,VTMP00001271,21.245,ACQUISITION,NAOJ,Subaru,VAMPIRES,UTC,o21156,"""[Summit] Millar-Blancher, Zhang [Hilo] Guyon, Deo, Vievard, Ah""",Observation,IMAG_POL,ICRS,180.0,12:29:51.61,-16:31:00.11,2000.0,NS_IR,-0.12,1.357,42.56026,147.42494,47.43974,Nasmyth-IR,OFF,IR,26.9,620.9,270.55,6.0,2.0,5000.0,4250.0,0.0,100000.0,5000.0,22.5,1.0,1.0,4.0,3.0,/mnt/data/20220128/,HD108767_04_20220128_675-50_EmptySlot_0,2,10.0,152.0,165.0,675-50,EmptySlot,1.0,T,IN,168.89699,166.89698,-16:30:56,1.0,ADI,-39.0,163.025,12:29:51.9,SYNC,SCEXAO,348.72,35708928.0,MIRROR,152.63,15629312.0,OPEN,13.0,100.0,10.2,0.0,88.21883,-16:30:55.55,ADI,109.098,-39.0,12:29:51.860,TRACK,0.0,ao188cmtx.oct,12.0,1.0,1.0,0.0,ON,0.0,0.01,0.0,ao188ttctrl.oct,0.001,0.0,2022-01-28T12:52:41,2,VMPA00017419,iXon Ultra 897 - VAMPIRES 2.0,10.0,22.5,HWP(NIR),45,-31.85982605455856,-31.6479706528605,-31.75400822719742,-110.3540082271974,2,64.5,64.5,-0.34781957147921,-0.9375614890214,0.9375614890214,-0.34781957147921,-1.7333333333333e-06,1.7333333333333e-06,deg,deg,RA---TAN,DEC--TAN,187.46504166667,-16.516697222222,-16.516697222222,0.0,median,62.0,68.0,6634.0,606206.0753414677,0,0.0,0.0,0.0,0.0,0,0,59.0,48,48,55,7,1692992.5,1079887.5,85.0,613105.0,1538.9042964856028,701.724923678581,0.0,,
VDATA20220128A_00001272_calib_collapsed.fits,True,-32,2,128,128,2022-01-28,HD108767,12:53:14.187,12:53:35.899,12:52:52.474,02:53:14.193,02:53:35.906,02:52:52.479,59607.536962,59607.537211,59607.536713,VTMP00001272,21.245,ACQUISITION,NAOJ,Subaru,VAMPIRES,UTC,o21156,"""[Summit] Millar-Blancher, Zhang [Hilo] Guyon, Deo, Vievard, Ah""",Observation,IMAG_POL,ICRS,180.0,12:29:51.609,-16:31:00.11,2000.0,NS_IR,-0.12,1.354,42.42039,147.75957,47.57961,Nasmyth-IR,OFF,IR,26.9,620.9,270.55,6.0,1.0,5000.0,4250.0,0.0,100000.0,5000.0,67.5,1.0,1.0,4.0,4.0,/mnt/data/20220128/,HD108767_04_20220128_675-50_EmptySlot_0,3,10.0,152.0,165.0,675-50,EmptySlot,1.0,T,IN,168.75105,166.75303,-16:30:56,1.0,ADI,-39.0,163.025,12:29:51.9,SYNC,SCEXAO,348.72,35708928.0,MIRROR,152.63,15629312.0,OPEN,13.0,100.0,10.2,0.0,88.2909,-16:30:55.55,ADI,109.423,-39.0,12:29:51.860,TRACK,0.0,ao188cmtx.oct,12.0,1.0,1.0,0.0,ON,0.0,0.01,0.0,ao188ttctrl.oct,0.001,0.0,2022-01-28T12:53:41,1,VMPA00017421,iXon Ultra 897 - VAMPIRES 1.0,10.0,67.5,HWP(NIR),45,-31.53444581292422,-31.32124148140744,-31.42795358558021,-110.0279535855802,2,64.5,64.5,-0.34247856181706,-0.93952564344765,0.93952564344765,-0.34247856181706,-1.7333333333333e-06,1.7333333333333e-06,deg,deg,RA---TAN,DEC--TAN,187.4650375,-16.516697222222,-16.516697222222,0.0,median,60.0,69.0,5957.0,531479.4727227257,"(-0.014361176259925362, 0.0)",-0.006911400825716234,-0.0920462385299369,0.0,0.0,0,0,58.0,48,48,55,7,1425392.0,920482.0,70.0,504910.0,1377.8449119447052,668.0592220650013,0.0007252203903984273,,
VDATA20220128A_00001273_calib_collapsed.fits,True,-32,2,128,128,2022-01-28,HD108767,12:53:14.187,12:53:35.899,12:52:52.474,02:53:14.193,02:53:35.906,02:52:52.479,59607.536962,59607.537211,59607.536713,VTMP00001273,21.245,ACQUISITION,NAOJ,Subaru,VAMPIRES,UTC,o21156,"""[Summit] Millar-Blancher, Zhang [Hilo] Guyon, Deo, Vievard, Ah""",Observation,IMAG_POL,ICRS,180.0,12:29:51.609,-16:31:00.11,2000.0,NS_IR,-0.12,1.354,42.42039,147.75957,47.57961,Nasmyth-IR,OFF,IR,26.9,620.9,270.55,6.0,1.0,5000.0,4250.0,0.0,100000.0,5000.0,67.5,1.0,1.0,4.0,4.0,/mnt/data/20220128/,HD108767_04_20220128_675-50_EmptySlot_0,3,10.0,152.0,165.0,675-50,EmptySlot,1.0,T,IN,168.75105,166.75303,-16:30:56,1.0,ADI,-39.0,163.025,12:29:51.9,SYNC,SCEXAO,348.72,35708928.0,MIRROR,152.63,15629312.0,OPEN,13.0,100.0,10.2,0.0,88.2909,-16:30:55.55,ADI,109.423,-39.0,12:29:51.860,TRACK,0.0,ao188cmtx.oct,12.0,1.0,1.0,0.0,ON,0.0,0.01,0.0,ao188ttctrl.oct,0.001,0.0,2022-01-28T12:53:41,2,VMPA00017421,iXon Ultra 897 - VAMPIRES 1.0,10.0,67.5,HWP(NIR),45,-31.53444581292422,-31.32124148140744,-31.42795358558021,-110.0279535855802,2,64.5,64.5,-0.34247856181706,-0.93952564344765,0.93952564344765,-0.34247856181706,-1.7333333333333e-06,1.7333333333333e-06,deg,deg,RA---TAN,DEC--TAN,187.4650375,-16.516697222222,-16.516697222222,0.0,median,60.0,69.0,5983.0,531725.9476400547,0,0.0,0.0,0.0,0.0,0,0,58.0,48,48,55,7,1424271.0,919361.0,70.0,504910.0,1376.8516871151112,667.7269662401461,0.0,,
VDATA20220128A_00001274_calib_collapsed.fits,True,-32,2,128,128,2022-01-28,HD108767,12:53:14.187,12:53:35.899,12:52:52.474,02:53:14.193,02:53:35.906,02:52:52.479,59607.536962,59607.537211,59607.536713,VTMP00001274,21.245,ACQUISITION,NAOJ,Subaru,VAMPIRES,UTC,o21156,"""[Summit] Millar-Blancher, Zhang [Hilo] Guyon, Deo, Vievard, Ah""",Observation,IMAG_POL,ICRS,180.0,12:29:51.609,-16:31:00.11,2000.0,NS_IR,-0.12,1.354,42.42039,147.75957,47.57961,Nasmyth-IR,OFF,IR,26.9,620.9,270.55,6.0,2.0,5000.0,4250.0,0.0,100000.0,5000.0,67.5,1.0,1.0,4.0,4.0,/mnt/data/20220128/,HD108767_04_20220128_675-50_EmptySlot_0,3,10.0,152.0,165.0,675-50,EmptySlot,1.0,T,IN,168.75105,166.75303,-16:30:56,1.0,ADI,-39.0,163.025,12:29:51.9,SYNC,SCEXAO,348.72,35708928.0,MIRROR,152.63,15629312.0,OPEN,13.0,100.0,10.2,0.0,88.2909,-16:30:55.55,ADI,109.423,-39.0,12:29:51.860,TRACK,0.0,ao188cmtx.oct,12.0,1.0,1.0,0.0,ON,0.0,0.01,0.0,ao188ttctrl.oct,0.001,0.0,2022-01-28T12:53:46,1,VMPA00017423,iXon Ultra 897 - VAMPIRES 2.0,10.0,67.5,HWP(NIR),45,-31.53444581292422,-31.32124148140744,-31.42795358558021,-110.0279535855802,2,64.5,64.5,-0.34247856181706,-0.93952564344765,0.93952564344765,-0.34247856181706,-1.7333333333333e-06,1.7333333333333e-06,deg,deg,RA---TAN,DEC--TAN,187.4650375,-16.516697222222,-16.516697222222,0.0,median,62.0,69.0,7295.0,648160.636554301,0,0.0,0.0,0.0,0.0,0,0,58.0,48,48,55,7,1726898.0,1121006.0,84.0,605892.0,1569.8746388253674,714.0735777722826,0.0,,
VDATA20220128A_00001275_calib_collapsed.fits,True,-32,2,128,128,2022-01-28,HD108767,12:53:14.187,12:53:35.899,12:52:52.474,02:53:14.193,02:53:35.906,02:52:52.479,59607.536962,59607.537211,59607.536713,VTMP00001275,21.245,ACQUISITION,NAOJ,Subaru,VAMPIRES,UTC,o21156,"""[Summit] Millar-Blancher, Zhang [Hilo] Guyon, Deo, Vievard, Ah""",Observation,IMAG_POL,ICRS,180.0,12:29:51.609,-16:31:00.11,2000.0,NS_IR,-0.12,1.354,42.42039,147.75957,47.57961,Nasmyth-IR,OFF,IR,26.9,620.9,270.55,6.0,2.0,5000.0,4250.0,0.0,100000.0,5000.0,67.5,1.0,1.0,4.0,4.0,/mnt/data/20220128/,HD108767_04_20220128_675-50_EmptySlot_0,3,10.0,152.0,165.0,675-50,EmptySlot,1.0,T,IN,168.75105,166.75303,-16:30:56,1.0,ADI,-39.0,163.025,12:29:51.9,SYNC,SCEXAO,348.72,35708928.0,MIRROR,152.63,15629312.0,OPEN,13.0,100.0,10.2,0.0,88.2909,-16:30:55.55,ADI,109.423,-39.0,12:29:51.860,TRACK,0.0,ao188cmtx.oct,12.0,1.0,1.0,0.0,ON,0.0,0.01,0.0,ao188ttctrl.oct,0.001,0.0,2022-01-28T12:53:46,2,VMPA00017423,iXon Ultra 897 - VAMPIRES 2.0,10.0,67.5,HWP(NIR),45,-31.53444581292422,-31.32124148140744,-31.42795358558021,-110.0279535855802,2,64.5,64.5,-0.34247856181706,-0.93952564344765,0.93952564344765,-0.34247856181706,-1.7333333333333e-06,1.7333333333333e-06,deg,deg,RA---TAN,DEC--TAN,187.4650375,-16.516697222222,-16.516697222222,0.0,median,62.0,69.0,6919.0,629946.9393338612,0,0.0,0.0,-0.00040458531853826505,-0.0147125775211139,0,0,58.0,48,48,55,7,1683341.0,1091875.0,82.0,591466.0,1542.8684478734317,707.6915737728349,0.0,,
VDATA20220128A_00001516_calib_collapsed.fits,True,-32,2,128,128,2022-01-28,HD108767,14:28:08.090,14:28:29.799,14:27:46.380,04:28:08.096,04:28:29.807,04:27:46.385,59607.6028645,59607.603113,59607.602616,VTMP00001516,21.245,ACQUISITION,NAOJ,Subaru,VAMPIRES,UTC,o21156,"""[Summit] Millar-Blancher, Zhang [Hilo] Guyon, Deo, Vievard, Ah""",Observation,IMAG_POL,ICRS,180.0,12:29:51.368,-16:31:02.86,2000.0,NS_IR,-0.12,1.243,36.50686,182.78539,53.49314,Nasmyth-IR,OFF,IR,15.9,620.6,270.55,2.7,1.0,5000.0,4250.0,0.0,100000.0,5000.0,0.0,2.0,1.0,4.0,1.0,/mnt/data/20220128/,HD108767_03_20220128_675-50_EmptySlot_0,4,10.0,152.0,165.0,675-50,EmptySlot,1.0,T,IN,163.15398,161.15397,-16:30:56,1.0,ADI,-39.0,163.025,12:29:51.9,SYNC,SCEXAO,348.72,35708928.0,MIRROR,152.63,15629312.0,OPEN,11.0,100.0,9.8,0.0,91.2398,-16:30:55.55,ADI,-216.258,-39.0,12:29:51.860,TRACK,0.0,ao188cmtx.oct,12.0,1.0,1.0,0.0,ON,0.0,0.01,0.0,ao188ttctrl.oct,0.001,0.0,2022-01-28T14:28:35,1,VMPA00017665,iXon Ultra 897 - VAMPIRES 1.0,10.0,0.0,HWP(NIR),45,2.910301419923084,3.194348090352089,3.052342205695818,-75.54765779430417,2,64.5,64.5,0.24957462643611,-0.96835556787746,0.96835556787746,0.24957462643611,-1.7333333333333e-06,1.7333333333333e-06,deg,deg,RA---TAN,DEC--TAN,187.46403333333,-16.517461111111,-16.517461111111,0.0,median,61.0,68.0,8828.0,814439.6222686853,"(0.008646435390334328, 0.0)",0.004723896798336987,-0.09349173147784148,0.0,0.0,0,0,59.0,48,48,55,7,1789412.0,1313354.0,66.0,476058.0,1516.2817139308518,866.1675386134044,0.0005567441487235837,,
VDATA20220128A_00001517_calib_collapsed.fits,True,-32,2,128,128,2022-01-28,HD108767,14:28:08.090,14:28:29.799,14:27:46.380,04:28:08.096,04:28:29.807,04:27:46.385,59607.6028645,59607.603113,59607.602616,VTMP00001517,21.245,ACQUISITION,NAOJ,Subaru,VAMPIRES,UTC,o21156,"""[Summit] Millar-Blancher, Zhang [Hilo] Guyon, Deo, Vievard, Ah""",Observation,IMAG_POL,ICRS,180.0,12:29:51.368,-16:31:02.86,2000.0,NS_IR,-0.12,1.243,36.50686,182.78539,53.49314,Nasmyth-IR,OFF,IR,15.9,620.6,270.55,2.7,1.0,5000.0,4250.0,0.0,100000.0,5000.0,0.0,2.0,1.0,4.0,1.0,/mnt/data/20220128/,HD108767_03_20220128_675-50_EmptySlot_0,4,10.0,152.0,165.0,675-50,EmptySlot,1.0,T,IN,163.15398,161.15397,-16:30:56,1.0,ADI,-39.0,163.025,12:29:51.9,SYNC,SCEXAO,348.72,35708928.0,MIRROR,152.63,15629312.0,OPEN,11.0,100.0,9.8,0.0,91.2398,-16:30:55.55,ADI,-216.258,-39.0,12:29:51.860,TRACK,0.0,ao188cmtx.oct,12.0,1.0,1.0,0.0,ON,0.0,0.01,0.0,ao188ttctrl.oct,0.001,0.0,2022-01-28T14:28:35,2,VMPA00017665,iXon Ultra 897 - VAMPIRES 1.0,10.0,0.0,HWP(NIR),45,2.910301419923084,3.194348090352089,3.052342205695818,-75.54765779430417,2,64.5,64.5,0.24957462643611,-0.96835556787746,0.96835556787746,0.24957462643611,-1.7333333333333e-06,1.7333333333333e-06,deg,deg,RA---TAN,DEC--TAN,187.46403333333,-16.517461111111,-16.517461111111,0.0,median,60.0,68.0,8474.0,795386.5206818648,0,0.0,0.0,0.0,0.0,0,0,59.0,48,48,55,7,1750821.0,1281976.0,65.0,468845.0,1489.1069859087315,860.9025490654526,0.0,,
VDATA20220128A_00001518_calib_collapsed.fits,True,-32,2,128,128,2022-01-28,HD108767,14:28:08.090,14:28:29.799,14:27:46.380,04:28:08.096,04:28:29.807,04:27:46.385,59607.6028645,59607.603113,59607.602616,VTMP00001518,21.245,ACQUISITION,NAOJ,Subaru,VAMPIRES,UTC,o21156,"""[Summit] Millar-Blancher, Zhang [Hilo] Guyon, Deo, Vievard, Ah""",Observation,IMAG_POL,ICRS,180.0,12:29:51.368,-16:31:02.86,2000.0,NS_IR,-0.12,1.243,36.50686,182.78539,53.49314,Nasmyth-IR,OFF,IR,15.9,620.6,270.55,2.7,2.0,5000.0,4250.0,0.0,100000.0,5000.0,0.0,2.0,1.0,4.0,1.0,/mnt/data/20220128/,HD108767_03_20220128_675-50_EmptySlot_0,4,10.0,152.0,165.0,675-50,EmptySlot,1.0,T,IN,163.15398,161.15397,-16:30:56,1.0,ADI,-39.0,163.025,12:29:51.9,SYNC,SCEXAO,348.72,35708928.0,MIRROR,152.63,15629312.0,OPEN,11.0,100.0,9.8,0.0,91.2398,-16:30:55.55,ADI,-216.258,-39.0,12:29:51.860,TRACK,0.0,ao188cmtx.oct,12.0,1.0,1.0,0.0,ON,0.0,0.01,0.0,ao188ttctrl.oct,0.001,0.0,2022-01-28T14:28:41,1,VMPA00017667,iXon Ultra 897 - VAMPIRES 2.0,10.0,0.0,HWP(NIR),45,2.910301419923084,3.194348090352089,3.052342205695818,-75.54765779430417,2,64.5,64.5,0.24957462643611,-0.96835556787746,0.96835556787746,0.24957462643611,-1.7333333333333e-06,1.7333333333333e-06,deg,deg,RA---TAN,DEC--TAN,187.46403333333,-16.517461111111,-16.517461111111,0.0,median,62.0,67.0,10187.0,970925.8718159416,0,0.0,0.0,0.0,0.0,0,0,60.0,48,48,55,7,2130110.0,1567496.0,78.0,562614.0,1682.1313738436393,931.8511172039438,0.0,,
VDATA20220128A_00001519_calib_collapsed.fits,True,-32,2,128,128,2022-01-28,HD108767,14:28:08.090,14:28:29.799,14:27:46.380,04:28:08.096,04:28:29.807,04:27:46.385,59607.6028645,59607.603113,59607.602616,VTMP00001519,21.245,ACQUISITION,NAOJ,Subaru,VAMPIRES,UTC,o21156,"""[Summit] Millar-Blancher, Zhang [Hilo] Guyon, Deo, Vievard, Ah""",Observation,IMAG_POL,ICRS,180.0,12:29:51.368,-16:31:02.86,2000.0,NS_IR,-0.12,1.243,36.50686,182.78539,53.49314,Nasmyth-IR,OFF,IR,15.9,620.6,270.55,2.7,2.0,5000.0,4250.0,0.0,100000.0,5000.0,0.0,2.0,1.0,4.0,1.0,/mnt/data/20220128/,HD108767_03_20220128_675-50_EmptySlot_0,4,10.0,152.0,165.0,675-50,EmptySlot,1.0,T,IN,163.15398,161.15397,-16:30:56,1.0,ADI,-39.0,163.025,12:29:51.9,SYNC,SCEXAO,348.72,35708928.0,MIRROR,152.63,15629312.0,OPEN,11.0,100.0,9.8,0.0,91.2398,-16:30:55.55,ADI,-216.258,-39.0,12:29:51.860,TRACK,0.0,ao188cmtx.oct,12.0,1.0,1.0,0.0,ON,0.0,0.01,0.0,ao188ttctrl.oct,0.001,0.0,2022-01-28T14:28:41,2,VMPA00017667,iXon Ultra 897 - VAMPIRES 2.0,10.0,0.0,HWP(NIR),45,2.910301419923084,3.194348090352089,3.052342205695818,-75.54765779430417,2,64.5,64.5,0.24957462643611,-0.96835556787746,0.96835556787746,0.24957462643611,-1.7333333333333e-06,1.7333333333333e-06,deg,deg,RA---TAN,DEC--TAN,187.46403333333,-16.517461111111,-16.517461111111,0.0,median,62.0,67.0,10238.0,964894.2640881772,0,0.0,0.0,0.0,0.0,0,0,60.0,48,48,55,7,2118568.0,1563167.0,77.0,555401.0,1678.4222235717157,931.3312097795928,0.0,,
VDATA20220128A_00001520_calib_collapsed.fits,True,-32,2,128,128,2022-01-28,HD108767,14:31:01.364,14:31:23.065,14:30:39.663,04:31:01.371,04:31:23.072,04:30:39.669,59607.6048725,59607.605127,59607.604618,VTMP00001520,21.245,ACQUISITION,NAOJ,Subaru,VAMPIRES,UTC,o21156,"""[Summit] Millar-Blancher, Zhang [Hilo] Guyon, Deo, Vievard, Ah""",Observation,IMAG_POL,ICRS,180.0,12:29:51.368,-16:31:02.82,2000.0,NS_IR,-0.12,1.244,36.54696,183.95171,53.45304,Nasmyth-IR,OFF,IR,23.3,620.6,270.55,2.5,1.0,5000.0,4250.0,0.0,100000.0,5000.0,45.0,2.0,1.0,4.0,2.0,/mnt/data/20220128/,HD108767_03_20220128_675-50_EmptySlot_0,5,10.0,152.0,165.0,675-50,EmptySlot,1.0,T,IN,163.188,161.18799,-16:30:56,1.0,ADI,-39.0,163.025,12:29:51.9,SYNC,SCEXAO,348.72,35708928.0,MIRROR,152.63,15629312.0,OPEN,9.0,100.0,9.8,0.0,91.23545,-16:30:55.55,ADI,-215.104,-39.0,12:29:51.860,TRACK,0.0,ao188cmtx.oct,12.0,1.0,1.0,0.0,ON,0.0,0.01,0.0,ao188ttctrl.oct,0.001,0.0,2022-01-28T14:31:29,1,VMPA00017669,iXon Ultra 897 - VAMPIRES 1.0,10.0,45.0,HWP(NIR),45,4.053546955474383,4.343767166888758,4.198682137115489,-74.40131786288451,2,64.5,64.5,0.26889766679722,-0.96316875198016,0.96316875198016,0.26889766679722,-1.7333333333333e-06,1.7333333333333e-06,deg,deg,RA---TAN,DEC--TAN,187.46403333333,-16.51745,-16.51745,0.0,median,61.0,69.0,10199.0,898139.9068733355,"(0.02743290848336012, 0.0)",0.013363860392472561,-0.09247761612322397,0.0,0.0,0,0,58.0,48,48,55,7,1869537.5,1400692.5,65.0,468845.0,1543.245443275566,907.6278216814334,0.0005368246462014891,,
VDATA20220128A_00001521_calib_collapsed.fits,True,-32,2,128,128,2022-01-28,HD108767,14:31:01.364,14:31:23.065,14:30:39.663,04:31:01.371,04:31:23.072,04:30:39.669,59607.6048725,59607.605127,59607.604618,VTMP00001521,21.245,ACQUISITION,NAOJ,Subaru,VAMPIRES,UTC,o21156,"""[Summit] Millar-Blancher, Zhang [Hilo] Guyon, Deo, Vievard, Ah""",Observation,IMAG_POL,ICRS,180.0,12:29:51.368,-16:31:02.82,2000.0,NS_IR,-0.12,1.244,36.54696,183.95171,53.45304,Nasmyth-IR,OFF,IR,23.3,620.6,270.55,2.5,1.0,5000.0,4250.0,0.0,100000.0,5000.0,45.0,2.0,1.0,4.0,2.0,/mnt/data/20220128/,HD108767_03_20220128_675-50_EmptySlot_0,5,10.0,152.0,165.0,675-50,EmptySlot,1.0,T,IN,163.188,161.18799,-16:30:56,1.0,ADI,-39.0,163.025,12:29:51.9,SYNC,SCEXAO,348.72,35708928.0,MIRROR,152.63,15629312.0,OPEN,9.0,100.0,9.8,0.0,91.23545,-16:30:55.55,ADI,-215.104,-39.0,12:29:51.860,TRACK,0.0,ao188cmtx.oct,12.0,1.0,1.0,0.0,ON,0.0,0.01,0.0,ao188ttctrl.oct,0.001,0.0,2022-01-28T14:31:29,2,VMPA00017669,iXon Ultra 897 - VAMPIRES 1.0,10.0,45.0,HWP(NIR),45,4.053546955474383,4.343767166888758,4.198682137115489,-74.40131786288451,2,64.5,64.5,0.26889766679722,-0.96316875198016,0.96316875198016,0.26889766679722,-1.7333333333333e-06,1.7333333333333e-06,deg,deg,RA---TAN,DEC--TAN,187.46403333333,-16.51745,-16.51745,0.0,median,61.0,68.0,9636.0,861136.4507267158,0,0.0,0.0,0.0,0.0,0,0,59.0,48,48,55,7,1796474.0,1342055.0,63.0,454419.0,1518.772003354302,883.6448110947454,0.0,,
VDATA20220128A_00001522_calib_collapsed.fits,True,-32,2,128,128,2022-01-28,HD108767,14:31:01.364,14:31:23.065,14:30:39.663,04:31:01.371,04:31:23.072,04:30:39.669,59607.6048725,59607.605127,59607.604618,VTMP00001522,21.245,ACQUISITION,NAOJ,Subaru,VAMPIRES,UTC,o21156,"""[Summit] Millar-Blancher, Zhang [Hilo] Guyon, Deo, Vievard, Ah""",Observation,IMAG_POL,ICRS,180.0,12:29:51.368,-16:31:02.82,2000.0,NS_IR,-0.12,1.244,36.54696,183.95171,53.45304,Nasmyth-IR,OFF,IR,23.3,620.6,270.55,2.5,2.0,5000.0,4250.0,0.0,100000.0,5000.0,45.0,2.0,1.0,4.0,2.0,/mnt/data/20220128/,HD108767_03_20220128_675-50_EmptySlot_0,5,10.0,152.0,165.0,675-50,EmptySlot,1.0,T,IN,163.188,161.18799,-16:30:56,1.0,ADI,-39.0,163.025,12:29:51.9,SYNC,SCEXAO,348.72,35708928.0,MIRROR,152.63,15629312.0,OPEN,9.0,100.0,9.8,0.0,91.23545,-16:30:55.55,ADI,-215.104,-39.0,12:29:51.860,TRACK,0.0,ao188cmtx.oct,12.0,1.0,1.0,0.0,ON,0.0,0.01,0.0,ao188ttctrl.oct,0.001,0.0,2022-01-28T14:31:35,1,VMPA00017671,iXon Ultra 897 - VAMPIRES 2.0,10.0,45.0,HWP(NIR),45,4.053546955474383,4.343767166888758,4.198682137115489,-74.40131786288451,2,64.5,64.5,0.26889766679722,-0.96316875198016,0.96316875198016,0.26889766679722,-1.7333333333333e-06,1.7333333333333e-06,deg,deg,RA---TAN,DEC--TAN,187.46403333333,-16.51745,-16.51745,0.0,median,63.0,68.0,11904.0,1050116.5678023077,0,0.0,0.0,0.0,0.0,0,0,59.0,48,48,55,7,2180768.0,1639793.0,75.0,540975.0,1703.1592645910928,962.7948683904754,0.0,,
VDATA20220128A_00001523_calib_collapsed.fits,True,-32,2,128,128,2022-01-28,HD108767,14:31:01.364,14:31:23.065,14:30:39.663,04:31:01.371,04:31:23.072,04:30:39.669,59607.6048725,59607.605127,59607.604618,VTMP00001523,21.245,ACQUISITION,NAOJ,Subaru,VAMPIRES,UTC,o21156,"""[Summit] Millar-Blancher, Zhang [Hilo] Guyon, Deo, Vievard, Ah""",Observation,IMAG_POL,ICRS,180.0,12:29:51.368,-16:31:02.82,2000.0,NS_IR,-0.12,1.244,36.54696,183.95171,53.45304,Nasmyth-IR,OFF,IR,23.3,620.6,270.55,2.5,2.0,5000.0,4250.0,0.0,100000.0,5000.0,45.0,2.0,1.0,4.0,2.0,/mnt/data/20220128/,HD108767_03_20220128_675-50_EmptySlot_0,5,10.0,152.0,165.0,675-50,EmptySlot,1.0,T,IN,163.188,161.18799,-16:30:56,1.0,ADI,-39.0,163.025,12:29:51.9,SYNC,SCEXAO,348.72,35708928.0,MIRROR,152.63,15629312.0,OPEN,9.0,100.0,9.8,0.0,91.23545,-16:30:55.55,ADI,-215.104,-39.0,12:29:51.860,TRACK,0.0,ao188cmtx.oct,12.0,1.0,1.0,0.0,ON,0.0,0.01,0.0,ao188ttctrl.oct,0.001,0.0,2022-01-28T14:31:35,2,VMPA00017671,iXon Ultra 897 - VAMPIRES 2.0,10.0,45.0,HWP(NIR),45,4.053546955474383,4.343767166888758,4.198682137115489,-74.40131786288451,2,64.5,64.5,0.26889766679722,-0.96316875198016,0.96316875198016,0.26889766679722,-1.7333333333333e-06,1.7333333333333e-06,deg,deg,RA---TAN,DEC--TAN,187.46403333333,-16.51745,-16.51745,0.0,median,63.0,68.0,11761.0,1064136.0351339153,0,0.0,0.0,0.0,0.0,0,0,59.0,48,48,55,7,2210121.0,1661933.0,76.0,548188.0,1714.9475144353162,969.0868006227162,0.0,,
VDATA20220128A_00001524_calib_collapsed.fits,True,-32,2,128,128,2022-01-28,HD108767,14:32:04.828,14:32:26.542,14:31:43.114,04:32:04.835,04:32:26.549,04:31:43.121,59607.6056075,59607.605856,59607.605359,VTMP00001524,21.245,ACQUISITION,NAOJ,Subaru,VAMPIRES,UTC,o21156,"""[Summit] Millar-Blancher, Zhang [Hilo] Guyon, Deo, Vievard, Ah""",Observation,IMAG_POL,ICRS,180.0,12:29:51.362,-16:31:02.91,2000.0,NS_IR,-0.12,1.244,36.56506,184.37611,53.43494,Nasmyth-IR,OFF,IR,22.4,620.6,270.55,2.5,1.0,5000.0,4250.0,0.0,100000.0,5000.0,22.5,2.0,1.0,4.0,3.0,/mnt/data/20220128/,HD108767_03_20220128_675-50_EmptySlot_0,6,10.0,152.0,165.0,675-50,EmptySlot,1.0,T,IN,163.20396,161.20404,-16:30:56,1.0,ADI,-39.0,163.025,12:29:51.9,SYNC,SCEXAO,348.72,35708928.0,MIRROR,152.63,15629312.0,OPEN,9.0,100.0,9.8,0.0,91.23438,-16:30:55.55,ADI,-214.69,-39.0,12:29:51.860,TRACK,0.0,ao188cmtx.oct,12.0,1.0,1.0,0.0,ON,0.0,0.01,0.0,ao188ttctrl.oct,0.001,0.0,2022-01-28T14:32:32,1,VMPA00017673,iXon Ultra 897 - VAMPIRES 1.0,10.0,22.5,HWP(NIR),45,4.476017106595163,4.759098327898726,4.617583962785923,-73.98241603721407,2,64.5,64.5,0.27593235216806,-0.9611770581048,0.9611770581048,0.27593235216806,-1.7333333333333e-06,1.7333333333333e-06,deg,deg,RA---TAN,DEC--TAN,187.46400833333,-16.517475,-16.517475,0.0,median,63.0,70.0,8853.0,795817.4370709652,"(0.04391744850895858, 0.0)",0.022401144614589613,-0.09612892114810392,0.0,0.0,0,0,57.0,48,48,55,7,1786425.0,1295941.0,68.0,490484.0,1489.9178819430829,869.8069978929932,0.000560749364351996,,
VDATA20220128A_00001525_calib_collapsed.fits,True,-32,2,128,128,2022-01-28,HD108767,14:32:04.828,14:32:26.542,14:31:43.114,04:32:04.835,04:32:26.549,04:31:43.121,59607.6056075,59607.605856,59607.605359,VTMP00001525,21.245,ACQUISITION,NAOJ,Subaru,VAMPIRES,UTC,o21156,"""[Summit] Millar-Blancher, Zhang [Hilo] Guyon, Deo, Vievard, Ah""",Observation,IMAG_POL,ICRS,180.0,12:29:51.362,-16:31:02.91,2000.0,NS_IR,-0.12,1.244,36.56506,184.37611,53.43494,Nasmyth-IR,OFF,IR,22.4,620.6,270.55,2.5,1.0,5000.0,4250.0,0.0,100000.0,5000.0,22.5,2.0,1.0,4.0,3.0,/mnt/data/20220128/,HD108767_03_20220128_675-50_EmptySlot_0,6,10.0,152.0,165.0,675-50,EmptySlot,1.0,T,IN,163.20396,161.20404,-16:30:56,1.0,ADI,-39.0,163.025,12:29:51.9,SYNC,SCEXAO,348.72,35708928.0,MIRROR,152.63,15629312.0,OPEN,9.0,100.0,9.8,0.0,91.23438,-16:30:55.55,ADI,-214.69,-39.0,12:29:51.860,TRACK,0.0,ao188cmtx.oct,12.0,1.0,1.0,0.0,ON,0.0,0.01,0.0,ao188ttctrl.oct,0.001,0.0,2022-01-28T14:32:32,2,VMPA00017673,iXon Ultra 897 - VAMPIRES 1.0,10.0,22.5,HWP(NIR),45,4.476017106595163,4.759098327898726,4.617583962785923,-73.98241603721407,2,64.5,64.5,0.27593235216806,-0.9611770581048,0.9611770581048,0.27593235216806,-1.7333333333333e-06,1.7333333333333e-06,deg,deg,RA---TAN,DEC--TAN,187.46400833333,-16.517475,-16.517475,0.0,median,63.0,70.0,8414.0,750794.7441035367,0,0.0,0.0,0.0,0.0,0,0,57.0,48,48,55,7,1688170.0,1219325.0,65.0,468845.0,1443.893651419718,844.470088777723,0.0,,
VDATA20220128A_00001526_calib_collapsed.fits,True,-32,2,128,128,2022-01-28,HD108767,14:32:04.828,14:32:26.542,14:31:43.114,04:32:04.835,04:32:26.549,04:31:43.121,59607.6056075,59607.605856,59607.605359,VTMP00001526,21.245,ACQUISITION,NAOJ,Subaru,VAMPIRES,UTC,o21156,"""[Summit] Millar-Blancher, Zhang [Hilo] Guyon, Deo, Vievard, Ah""",Observation,IMAG_POL,ICRS,180.0,12:29:51.362,-16:31:02.91,2000.0,NS_IR,-0.12,1.244,36.56506,184.37611,53.43494,Nasmyth-IR,OFF,IR,22.4,620.6,270.55,2.5,2.0,5000.0,4250.0,0.0,100000.0,5000.0,22.5,2.0,1.0,4.0,3.0,/mnt/data/20220128/,HD108767_03_20220128_675-50_EmptySlot_0,6,10.0,152.0,165.0,675-50,EmptySlot,1.0,T,IN,163.20396,161.20404,-16:30:56,1.0,ADI,-39.0,163.025,12:29:51.9,SYNC,SCEXAO,348.72,35708928.0,MIRROR,152.63,15629312.0,OPEN,9.0,100.0,9.8,0.0,91.23438,-16:30:55.55,ADI,-214.69,-39.0,12:29:51.860,TRACK,0.0,ao188cmtx.oct,12.0,1.0,1.0,0.0,ON,0.0,0.01,0.0,ao188ttctrl.oct,0.001,0.0,2022-01-28T14:32:37,1,VMPA00017673,iXon Ultra 897 - VAMPIRES 2.0,10.0,22.5,HWP(NIR),45,4.476017106595163,4.759098327898726,4.617583962785923,-73.98241603721407,2,64.5,64.5,0.27593235216806,-0.9611770581048,0.9611770581048,0.27593235216806,-1.7333333333333e-06,1.7333333333333e-06,deg,deg,RA---TAN,DEC--TAN,187.46400833333,-16.517475,-16.517475,0.0,median,65.0,70.0,10106.0,922001.5087889982,0,0.0,0.0,0.0,0.0,0,0,57.0,48,48,55,7,2063722.5,1501108.5,78.0,562614.0,1629.6001036706077,921.1514509718147,0.0,,
VDATA20220128A_00001527_calib_collapsed.fits,True,-32,2,128,128,2022-01-28,HD108767,14:32:04.828,14:32:26.542,14:31:43.114,04:32:04.835,04:32:26.549,04:31:43.121,59607.6056075,59607.605856,59607.605359,VTMP00001527,21.245,ACQUISITION,NAOJ,Subaru,VAMPIRES,UTC,o21156,"""[Summit] Millar-Blancher, Zhang [Hilo] Guyon, Deo, Vievard, Ah""",Observation,IMAG_POL,ICRS,180.0,12:29:51.362,-16:31:02.91,2000.0,NS_IR,-0.12,1.244,36.56506,184.37611,53.43494,Nasmyth-IR,OFF,IR,22.4,620.6,270.55,2.5,2.0,5000.0,4250.0,0.0,100000.0,5000.0,22.5,2.0,1.0,4.0,3.0,/mnt/data/20220128/,HD108767_03_20220128_675-50_EmptySlot_0,6,10.0,152.0,165.0,675-50,EmptySlot,1.0,T,IN,163.20396,161.20404,-16:30:56,1.0,ADI,-39.0,163.025,12:29:51.9,SYNC,SCEXAO,348.72,35708928.0,MIRROR,152.63,15629312.0,OPEN,9.0,100.0,9.8,0.0,91.23438,-16:30:55.55,ADI,-214.69,-39.0,12:29:51.860,TRACK,0.0,ao188cmtx.oct,12.0,1.0,1.0,0.0,ON,0.0,0.01,0.0,ao188ttctrl.oct,0.001,0.0,2022-01-28T14:32:37,2,VMPA00017673,iXon Ultra 897 - VAMPIRES 2.0,10.0,22.5,HWP(NIR),45,4.476017106595163,4.759098327898726,4.617583962785923,-73.98241603721407,2,64.5,64.5,0.27593235216806,-0.9611770581048,0.9611770581048,0.27593235216806,-1.7333333333333e-06,1.7333333333333e-06,deg,deg,RA---TAN,DEC--TAN,187.46400833333,-16.517475,-16.517475,0.0,median,65.0,69.0,10546.0,950479.0837180796,0,0.0,0.0,0.0,0.0,0,0,58.0,48,48,55,7,2126207.0,1549167.0,80.0,577040.0,1669.311431213021,928.0275513804414,0.0,,
VDATA20220128A_00001528_calib_collapsed.fits,True,-32,2,128,128,2022-01-28,HD108767,14:33:11.228,14:33:32.896,14:32:49.560,04:33:11.235,04:33:32.903,04:32:49.566,59607.6063715,59607.60662,59607.606123,VTMP00001528,21.245,ACQUISITION,NAOJ,Subaru,VAMPIRES,UTC,o21156,"""[Summit] Millar-Blancher, Zhang [Hilo] Guyon, Deo, Vievard, Ah""",Observation,IMAG_POL,ICRS,180.0,12:29:51.372,-16:31:02.92,2000.0,NS_IR,-0.12,1.245,36.58601,184.8214,53.41399,Nasmyth-IR,OFF,IR,22.4,620.6,270.55,2.5,1.0,5000.0,4250.0,0.0,100000.0,5000.0,67.5,2.0,1.0,4.0,4.0,/mnt/data/20220128/,HD108767_03_20220128_675-50_EmptySlot_0,7,10.0,152.0,165.0,675-50,EmptySlot,1.0,T,IN,163.22201,161.222,-16:30:56,1.0,ADI,-39.0,163.025,12:29:51.9,SYNC,SCEXAO,348.72,35708928.0,MIRROR,152.63,15629312.0,OPEN,9.0,100.0,9.8,0.0,91.22457,-16:30:55.55,ADI,-214.256,-39.0,12:29:51.860,TRACK,0.0,ao188cmtx.oct,12.0,1.0,1.0,0.0,ON,0.0,0.01,0.0,ao188ttctrl.oct,0.001,0.0,2022-01-28T14:33:39,1,VMPA00017677,iXon Ultra 897 - VAMPIRES 1.0,10.0,67.5,HWP(NIR),45,4.911021656172837,5.193765295303386,5.052422134130619,-73.54757786586937,2,64.5,64.5,0.28321905216107,-0.95905524788356,0.95905524788356,0.28321905216107,-1.7333333333333e-06,1.7333333333333e-06,deg,deg,RA---TAN,DEC--TAN,187.46405,-16.517477777778,-16.517477777778,0.0,median,62.0,70.0,7465.0,727825.496951025,"(-0.011243940512664613, 0.0)",-0.004689322438205071,-0.09133432469549349,0.0,0.0,0,0,57.0,48,48,55,7,1691352.0,1200868.0,68.0,490484.0,1467.5649579965318,818.2724679113236,0.0005889747108995813,,
VDATA20220128A_00001529_calib_collapsed.fits,True,-32,2,128,128,2022-01-28,HD108767,14:33:11.228,14:33:32.896,14:32:49.560,04:33:11.235,04:33:32.903,04:32:49.566,59607.6063715,59607.60662,59607.606123,VTMP00001529,21.245,ACQUISITION,NAOJ,Subaru,VAMPIRES,UTC,o21156,"""[Summit] Millar-Blancher, Zhang [Hilo] Guyon, Deo, Vievard, Ah""",Observation,IMAG_POL,ICRS,180.0,12:29:51.372,-16:31:02.92,2000.0,NS_IR,-0.12,1.245,36.58601,184.8214,53.41399,Nasmyth-IR,OFF,IR,22.4,620.6,270.55,2.5,1.0,5000.0,4250.0,0.0,100000.0,5000.0,67.5,2.0,1.0,4.0,4.0,/mnt/data/20220128/,HD108767_03_20220128_675-50_EmptySlot_0,7,10.0,152.0,165.0,675-50,EmptySlot,1.0,T,IN,163.22201,161.222,-16:30:56,1.0,ADI,-39.0,163.025,12:29:51.9,SYNC,SCEXAO,348.72,35708928.0,MIRROR,152.63,15629312.0,OPEN,9.0,100.0,9.8,0.0,91.22457,-16:30:55.55,ADI,-214.256,-39.0,12:29:51.860,TRACK,0.0,ao188cmtx.oct,12.0,1.0,1.0,0.0,ON,0.0,0.01,0.0,ao188ttctrl.oct,0.001,0.0,2022-01-28T14:33:39,2,VMPA00017677,iXon Ultra 897 - VAMPIRES 1.0,10.0,67.5,HWP(NIR),45,4.911021656172837,5.193765295303386,5.052422134130619,-73.54757786586937,2,64.5,64.5,0.28321905216107,-0.95905524788356,0.95905524788356,0.28321905216107,-1.7333333333333e-06,1.7333333333333e-06,deg,deg,RA---TAN,DEC--TAN,187.46405,-16.517477777778,-16.517477777778,0.0,median,63.0,70.0,7602.0,727668.5426027125,0,0.0,0.0,0.0,0.0,0,0,57.0,48,48,55,7,1686786.0,1196302.0,68.0,490484.0,1459.2028950105978,819.8325291777272,0.0,,
VDATA20220128A_00001530_calib_collapsed.fits,True,-32,2,128,128,2022-01-28,HD108767,14:33:11.228,14:33:32.896,14:32:49.560,04:33:11.235,04:33:32.903,04:32:49.566,59607.6063715,59607.60662,59607.606123,VTMP00001530,21.245,ACQUISITION,NAOJ,Subaru,VAMPIRES,UTC,o21156,"""[Summit] Millar-Blancher, Zhang [Hilo] Guyon, Deo, Vievard, Ah""",Observation,IMAG_POL,ICRS,180.0,12:29:51.372,-16:31:02.92,2000.0,NS_IR,-0.12,1.245,36.58601,184.8214,53.41399,Nasmyth-IR,OFF,IR,22.4,620.6,270.55,2.5,2.0,5000.0,4250.0,0.0,100000.0,5000.0,67.5,2.0,1.0,4.0,4.0,/mnt/data/20220128/,HD108767_03_20220128_675-50_EmptySlot_0,7,10.0,152.0,165.0,675-50,EmptySlot,1.0,T,IN,163.22201,161.222,-16:30:56,1.0,ADI,-39.0,163.025,12:29:51.9,SYNC,SCEXAO,348.72,35708928.0,MIRROR,152.63,15629312.0,OPEN,9.0,100.0,9.8,0.0,91.22457,-16:30:55.55,ADI,-214.256,-39.0,12:29:51.860,TRACK,0.0,ao188cmtx.oct,12.0,1.0,1.0,0.0,ON,0.0,0.01,0.0,ao188ttctrl.oct,0.001,0.0,2022-01-28T14:33:43,1,VMPA00017679,iXon Ultra 897 - VAMPIRES 2.0,10.0,67.5,HWP(NIR),45,4.911021656172837,5.193765295303386,5.052422134130619,-73.54757786586937,2,64.5,64.5,0.28321905216107,-0.95905524788356,0.95905524788356,0.28321905216107,-1.7333333333333e-06,1.7333333333333e-06,deg,deg,RA---TAN,DEC--TAN,187.46405,-16.517477777778,-16.517477777778,0.0,median,65.0,69.0,9131.0,886838.2092055355,0,0.0,0.0,0.0,0.0,0,0,58.0,48,48,55,7,2045656.0,1454190.0,82.0,591466.0,1648.812010087783,881.9622801768521,0.0,,
VDATA20220128A_00001531_calib_collapsed.fits,True,-32,2,128,128,2022-01-28,HD108767,14:33:11.228,14:33:32.896,14:32:49.560,04:33:11.235,04:33:32.903,04:32:49.566,59607.6063715,59607.60662,59607.606123,VTMP00001531,21.245,ACQUISITION,NAOJ,Subaru,VAMPIRES,UTC,o21156,"""[Summit] Millar-Blancher, Zhang [Hilo] Guyon, Deo, Vievard, Ah""",Observation,IMAG_POL,ICRS,180.0,12:29:51.372,-16:31:02.92,2000.0,NS_IR,-0.12,1.245,36.58601,184.8214,53.41399,Nasmyth-IR,OFF,IR,22.4,620.6,270.55,2.5,2.0,5000.0,4250.0,0.0,100000.0,5000.0,67.5,2.0,1.0,4.0,4.0,/mnt/data/20220128/,HD108767_03_20220128_675-50_EmptySlot_0,7,10.0,152.0,165.0,675-50,EmptySlot,1.0,T,IN,163.22201,161.222,-16:30:56,1.0,ADI,-39.0,163.025,12:29:51.9,SYNC,SCEXAO,348.72,35708928.0,MIRROR,152.63,15629312.0,OPEN,9.0,100.0,9.8,0.0,91.22457,-16:30:55.55,ADI,-214.256,-39.0,12:29:51.860,TRACK,0.0,ao188cmtx.oct,12.0,1.0,1.0,0.0,ON,0.0,0.01,0.0,ao188ttctrl.oct,0.001,0.0,2022-01-28T14:33:43,2,VMPA00017679,iXon Ultra 897 - VAMPIRES 2.0,10.0,67.5,HWP(NIR),45,4.911021656172837,5.193765295303386,5.052422134130619,-73.54757786586937,2,64.5,64.5,0.28321905216107,-0.95905524788356,0.95905524788356,0.28321905216107,-1.7333333333333e-06,1.7333333333333e-06,deg,deg,RA---TAN,DEC--TAN,187.46405,-16.517477777778,-16.517477777778,0.0,median,65.0,69.0,8815.0,866760.9075346682,0,0.0,0.0,0.004319981797067787,-0.013545233526397343,0,0,58.0,48,48,55,7,2001922.0,1424882.0,80.0,577040.0,1629.5885208990296,874.3814660733527,0.0,,
VDATA20220128A_00001532_calib_collapsed.fits,True,-32,2,128,128,2022-01-28,HD108767,14:34:16.696,14:34:38.379,14:33:55.013,04:34:16.703,04:34:38.386,04:33:55.019,59607.6071355,59607.607384,59607.606887,VTMP00001532,21.245,ACQUISITION,NAOJ,Subaru,VAMPIRES,UTC,o21156,"""[Summit] Millar-Blancher, Zhang [Hilo] Guyon, Deo, Vievard, Ah""",Observation,IMAG_POL,ICRS,180.0,12:29:51.36,-16:31:02.88,2000.0,NS_IR,-0.12,1.245,36.60852,185.25765,53.39148,Nasmyth-IR,OFF,IR,21.5,620.6,270.55,2.5,1.0,5000.0,4250.0,0.0,100000.0,5000.0,0.0,2.0,2.0,4.0,1.0,/mnt/data/20220128/,HD108767_03_20220128_675-50_EmptySlot_0,8,10.0,152.0,165.0,675-50,EmptySlot,1.0,T,IN,163.24102,161.24101,-16:30:56,1.0,ADI,-39.0,163.025,12:29:51.9,SYNC,SCEXAO,348.72,35708928.0,MIRROR,152.63,15629312.0,OPEN,9.0,100.0,9.8,0.0,91.21087,-16:30:55.55,ADI,-213.829,-39.0,12:29:51.860,TRACK,0.0,ao188cmtx.oct,12.0,1.0,1.0,0.0,ON,0.0,0.01,0.0,ao188ttctrl.oct,0.001,0.0,2022-01-28T14:34:44,1,VMPA00017681,iXon Ultra 897 - VAMPIRES 1.0,10.0,0.0,HWP(NIR),45,5.345645456513806,5.62802192289192,5.4868647430856,-73.11313525691439,2,64.5,64.5,0.29048283311588,-0.95688020340321,0.95688020340321,0.29048283311588,-1.7333333333333e-06,1.7333333333333e-06,deg,deg,RA---TAN,DEC--TAN,187.464,-16.517466666667,-16.517466666667,0.0,median,63.0,71.0,4468.0,529826.5780177214,"(0.009209795701592652, 0.0)",0.004212474898397134,-0.09488118734170915,0.0,0.0,0,0,56.0,48,48,55,7,1484233.5,957684.5,73.0,526549.0,1369.0165305634405,699.5419548410052,0.0006904574347008081,,
VDATA20220128A_00001533_calib_collapsed.fits,True,-32,2,128,128,2022-01-28,HD108767,14:34:16.696,14:34:38.379,14:33:55.013,04:34:16.703,04:34:38.386,04:33:55.019,59607.6071355,59607.607384,59607.606887,VTMP00001533,21.245,ACQUISITION,NAOJ,Subaru,VAMPIRES,UTC,o21156,"""[Summit] Millar-Blancher, Zhang [Hilo] Guyon, Deo, Vievard, Ah""",Observation,IMAG_POL,ICRS,180.0,12:29:51.36,-16:31:02.88,2000.0,NS_IR,-0.12,1.245,36.60852,185.25765,53.39148,Nasmyth-IR,OFF,IR,21.5,620.6,270.55,2.5,1.0,5000.0,4250.0,0.0,100000.0,5000.0,0.0,2.0,2.0,4.0,1.0,/mnt/data/20220128/,HD108767_03_20220128_675-50_EmptySlot_0,8,10.0,152.0,165.0,675-50,EmptySlot,1.0,T,IN,163.24102,161.24101,-16:30:56,1.0,ADI,-39.0,163.025,12:29:51.9,SYNC,SCEXAO,348.72,35708928.0,MIRROR,152.63,15629312.0,OPEN,9.0,100.0,9.8,0.0,91.21087,-16:30:55.55,ADI,-213.829,-39.0,12:29:51.860,TRACK,0.0,ao188cmtx.oct,12.0,1.0,1.0,0.0,ON,0.0,0.01,0.0,ao188ttctrl.oct,0.001,0.0,2022-01-28T14:34:44,2,VMPA00017681,iXon Ultra 897 - VAMPIRES 1.0,10.0,0.0,HWP(NIR),45,5.345645456513806,5.62802192289192,5.4868647430856,-73.11313525691439,2,64.5,64.5,0.29048283311588,-0.95688020340321,0.95688020340321,0.29048283311588,-1.7333333333333e-06,1.7333333333333e-06,deg,deg,RA---TAN,DEC--TAN,187.464,-16.517466666667,-16.517466666667,0.0,median,63.0,71.0,4331.0,518599.93157898006,0,0.0,0.0,0.0,0.0,0,0,56.0,48,48,55,7,1452904.5,933568.5,72.0,519336.0,1350.6349167838314,691.2071414702048,0.0,,
VDATA20220128A_00001534_calib_collapsed.fits,True,-32,2,128,128,2022-01-28,HD108767,14:34:16.696,14:34:38.379,14:33:55.013,04:34:16.703,04:34:38.386,04:33:55.019,59607.6071355,59607.607384,59607.606887,VTMP00001534,21.245,ACQUISITION,NAOJ,Subaru,VAMPIRES,UTC,o21156,"""[Summit] Millar-Blancher, Zhang [Hilo] Guyon, Deo, Vievard, Ah""",Observation,IMAG_POL,ICRS,180.0,12:29:51.36,-16:31:02.88,2000.0,NS_IR,-0.12,1.245,36.60852,185.25765,53.39148,Nasmyth-IR,OFF,IR,21.5,620.6,270.55,2.5,2.0,5000.0,4250.0,0.0,100000.0,5000.0,0.0,2.0,2.0,4.0,1.0,/mnt/data/20220128/,HD108767_03_20220128_675-50_EmptySlot_0,8,10.0,152.0,165.0,675-50,EmptySlot,1.0,T,IN,163.24102,161.24101,-16:30:56,1.0,ADI,-39.0,163.025,12:29:51.9,SYNC,SCEXAO,348.72,35708928.0,MIRROR,152.63,15629312.0,OPEN,9.0,100.0,9.8,0.0,91.21087,-16:30:55.55,ADI,-213.829,-39.0,12:29:51.860,TRACK,0.0,ao188cmtx.oct,12.0,1.0,1.0,0.0,ON,0.0,0.01,0.0,ao188ttctrl.oct,0.001,0.0,2022-01-28T14:34:49,1,VMPA00017683,iXon Ultra 897 - VAMPIRES 2.0,10.0,0.0,HWP(NIR),45,5.345645456513806,5.62802192289192,5.4868647430856,-73.11313525691439,2,64.5,64.5,0.29048283311588,-0.95688020340321,0.95688020340321,0.29048283311588,-1.7333333333333e-06,1.7333333333333e-06,deg,deg,RA---TAN,DEC--TAN,187.464,-16.517466666667,-16.517466666667,0.0,median,65.0,70.0,5262.0,634303.5746425373,0,0.0,0.0,0.0,0.0,0,0,57.0,48,48,55,7,1767455.5,1147137.5,86.0,620318.0,1523.6261137084139,752.8996055390103,0.0,,
VDATA20220128A_00001535_calib_collapsed.fits,True,-32,2,128,128,2022-01-28,HD108767,14:34:16.696,14:34:38.379,14:33:55.013,04:34:16.703,04:34:38.386,04:33:55.019,59607.6071355,59607.607384,59607.606887,VTMP00001535,21.245,ACQUISITION,NAOJ,Subaru,VAMPIRES,UTC,o21156,"""[Summit] Millar-Blancher, Zhang [Hilo] Guyon, Deo, Vievard, Ah""",Observation,IMAG_POL,ICRS,180.0,12:29:51.36,-16:31:02.88,2000.0,NS_IR,-0.12,1.245,36.60852,185.25765,53.39148,Nasmyth-IR,OFF,IR,21.5,620.6,270.55,2.5,2.0,5000.0,4250.0,0.0,100000.0,5000.0,0.0,2.0,2.0,4.0,1.0,/mnt/data/20220128/,HD108767_03_20220128_675-50_EmptySlot_0,8,10.0,152.0,165.0,675-50,EmptySlot,1.0,T,IN,163.24102,161.24101,-16:30:56,1.0,ADI,-39.0,163.025,12:29:51.9,SYNC,SCEXAO,348.72,35708928.0,MIRROR,152.63,15629312.0,OPEN,9.0,100.0,9.8,0.0,91.21087,-16:30:55.55,ADI,-213.829,-39.0,12:29:51.860,TRACK,0.0,ao188cmtx.oct,12.0,1.0,1.0,0.0,ON,0.0,0.01,0.0,ao188ttctrl.oct,0.001,0.0,2022-01-28T14:34:49,2,VMPA00017683,iXon Ultra 897 - VAMPIRES 2.0,10.0,0.0,HWP(NIR),45,5.345645456513806,5.62802192289192,5.4868647430856,-73.11313525691439,2,64.5,64.5,0.29048283311588,-0.95688020340321,0.95688020340321,0.29048283311588,-1.7333333333333e-06,1.7333333333333e-06,deg,deg,RA---TAN,DEC--TAN,187.464,-16.517466666667,-16.517466666667,0.0,median,65.0,70.0,5257.0,632509.8799967158,0,0.0,0.0,0.0,0.0,0,0,57.0,48,48,55,7,1760943.5,1140625.5,86.0,620318.0,1518.5544602055463,751.125843616836,0.0,,
VDATA20220128A_00001536_calib_collapsed.fits,True,-32,2,128,128,2022-01-28,HD108767,14:35:21.015,14:35:42.731,14:34:59.299,04:35:21.023,04:35:42.740,04:34:59.305,59607.60787599999,59607.608125,59607.607627,VTMP00001536,21.245,ACQUISITION,NAOJ,Subaru,VAMPIRES,UTC,o21156,"""[Summit] Millar-Blancher, Zhang [Hilo] Guyon, Deo, Vievard, Ah""",Observation,IMAG_POL,ICRS,180.0,12:29:51.363,-16:31:02.94,2000.0,NS_IR,-0.12,1.246,36.63275,185.68924,53.36725,Nasmyth-IR,OFF,IR,20.0,620.6,270.55,2.5,1.0,5000.0,4250.0,0.0,100000.0,5000.0,45.0,2.0,2.0,4.0,2.0,/mnt/data/20220128/,HD108767_03_20220128_675-50_EmptySlot_0,9,10.0,152.0,165.0,675-50,EmptySlot,1.0,T,IN,163.26201,161.26096,-16:30:56,1.0,ADI,-39.0,163.025,12:29:51.9,SYNC,SCEXAO,348.72,35708928.0,MIRROR,152.63,15629312.0,OPEN,9.0,100.0,9.8,0.0,91.19465,-16:30:55.55,ADI,-213.402,-39.0,12:29:51.860,TRACK,0.0,ao188cmtx.oct,12.0,1.0,1.0,0.0,ON,0.0,0.01,0.0,ao188ttctrl.oct,0.001,0.0,2022-01-28T14:35:51,1,VMPA00017685,iXon Ultra 897 - VAMPIRES 1.0,10.0,45.0,HWP(NIR),45,5.765971431487293,6.048531319413411,5.907284862613547,-72.69271513738644,2,64.5,64.5,0.29749626458114,-0.95472298210542,0.95472298210542,0.29749626458114,-1.7333333333333e-06,1.7333333333333e-06,deg,deg,RA---TAN,DEC--TAN,187.4640125,-16.517483333333,-16.517483333333,0.0,median,64.0,70.0,6514.0,703650.6271873526,"(0.02728358823705944, 0.0)",0.012903454838598342,-0.09375683497931633,0.0,0.0,0,0,57.0,48,48,55,7,1685355.0,1173232.0,71.0,512123.0,1467.843526090744,799.2895558320357,0.0005982831893014454,,
VDATA20220128A_00001537_calib_collapsed.fits,True,-32,2,128,128,2022-01-28,HD108767,14:35:21.015,14:35:42.731,14:34:59.299,04:35:21.023,04:35:42.740,04:34:59.305,59607.60787599999,59607.608125,59607.607627,VTMP00001537,21.245,ACQUISITION,NAOJ,Subaru,VAMPIRES,UTC,o21156,"""[Summit] Millar-Blancher, Zhang [Hilo] Guyon, Deo, Vievard, Ah""",Observation,IMAG_POL,ICRS,180.0,12:29:51.363,-16:31:02.94,2000.0,NS_IR,-0.12,1.246,36.63275,185.68924,53.36725,Nasmyth-IR,OFF,IR,20.0,620.6,270.55,2.5,1.0,5000.0,4250.0,0.0,100000.0,5000.0,45.0,2.0,2.0,4.0,2.0,/mnt/data/20220128/,HD108767_03_20220128_675-50_EmptySlot_0,9,10.0,152.0,165.0,675-50,EmptySlot,1.0,T,IN,163.26201,161.26096,-16:30:56,1.0,ADI,-39.0,163.025,12:29:51.9,SYNC,SCEXAO,348.72,35708928.0,MIRROR,152.63,15629312.0,OPEN,9.0,100.0,9.8,0.0,91.19465,-16:30:55.55,ADI,-213.402,-39.0,12:29:51.860,TRACK,0.0,ao188cmtx.oct,12.0,1.0,1.0,0.0,ON,0.0,0.01,0.0,ao188ttctrl.oct,0.001,0.0,2022-01-28T14:35:51,2,VMPA00017685,iXon Ultra 897 - VAMPIRES 1.0,10.0,45.0,HWP(NIR),45,5.765971431487293,6.048531319413411,5.907284862613547,-72.69271513738644,2,64.5,64.5,0.29749626458114,-0.95472298210542,0.95472298210542,0.29749626458114,-1.7333333333333e-06,1.7333333333333e-06,deg,deg,RA---TAN,DEC--TAN,187.4640125,-16.517483333333,-16.517483333333,0.0,median,63.0,71.0,6288.0,674212.6049463839,0,0.0,0.0,0.0,0.0,0,0,56.0,48,48,55,7,1618377.5,1124287.0,68.5,494090.5,1408.085997339582,798.4505222864315,0.0,,
VDATA20220128A_00001538_calib_collapsed.fits,True,-32,2,128,128,2022-01-28,HD108767,14:35:21.015,14:35:42.731,14:34:59.299,04:35:21.023,04:35:42.740,04:34:59.305,59607.60787599999,59607.608125,59607.607627,VTMP00001538,21.245,ACQUISITION,NAOJ,Subaru,VAMPIRES,UTC,o21156,"""[Summit] Millar-Blancher, Zhang [Hilo] Guyon, Deo, Vievard, Ah""",Observation,IMAG_POL,ICRS,180.0,12:29:51.363,-16:31:02.94,2000.0,NS_IR,-0.12,1.246,36.63275,185.68924,53.36725,Nasmyth-IR,OFF,IR,20.0,620.6,270.55,2.5,2.0,5000.0,4250.0,0.0,100000.0,5000.0,45.0,2.0,2.0,4.0,2.0,/mnt/data/20220128/,HD108767_03_20220128_675-50_EmptySlot_0,9,10.0,152.0,165.0,675-50,EmptySlot,1.0,T,IN,163.26201,161.26096,-16:30:56,1.0,ADI,-39.0,163.025,12:29:51.9,SYNC,SCEXAO,348.72,35708928.0,MIRROR,152.63,15629312.0,OPEN,9.0,100.0,9.8,0.0,91.19465,-16:30:55.55,ADI,-213.402,-39.0,12:29:51.860,TRACK,0.0,ao188cmtx.oct,12.0,1.0,1.0,0.0,ON,0.0,0.01,0.0,ao188ttctrl.oct,0.001,0.0,2022-01-28T14:35:56,1,VMPA00017687,iXon Ultra 897 - VAMPIRES 2.0,10.0,45.0,HWP(NIR),45,5.765971431487293,6.048531319413411,5.907284862613547,-72.69271513738644,2,64.5,64.5,0.29749626458114,-0.95472298210542,0.95472298210542,0.29749626458114,-1.7333333333333e-06,1.7333333333333e-06,deg,deg,RA---TAN,DEC--TAN,187.4640125,-16.517483333333,-16.517483333333,0.0,median,65.0,70.0,7671.0,825405.6583966315,0,0.0,0.0,0.0,0.0,0,0,57.0,48,48,55,7,1969678.5,1378212.5,82.0,591466.0,1585.7069509129967,869.147038301416,0.0,,
VDATA20220128A_00001539_calib_collapsed.fits,True,-32,2,128,128,2022-01-28,HD108767,14:35:21.015,14:35:42.731,14:34:59.299,04:35:21.023,04:35:42.740,04:34:59.305,59607.60787599999,59607.608125,59607.607627,VTMP00001539,21.245,ACQUISITION,NAOJ,Subaru,VAMPIRES,UTC,o21156,"""[Summit] Millar-Blancher, Zhang [Hilo] Guyon, Deo, Vievard, Ah""",Observation,IMAG_POL,ICRS,180.0,12:29:51.363,-16:31:02.94,2000.0,NS_IR,-0.12,1.246,36.63275,185.68924,53.36725,Nasmyth-IR,OFF,IR,20.0,620.6,270.55,2.5,2.0,5000.0,4250.0,0.0,100000.0,5000.0,45.0,2.0,2.0,4.0,2.0,/mnt/data/20220128/,HD108767_03_20220128_675-50_EmptySlot_0,9,10.0,152.0,165.0,675-50,EmptySlot,1.0,T,IN,163.26201,161.26096,-16:30:56,1.0,ADI,-39.0,163.025,12:29:51.9,SYNC,SCEXAO,348.72,35708928.0,MIRROR,152.63,15629312.0,OPEN,9.0,100.0,9.8,0.0,91.19465,-16:30:55.55,ADI,-213.402,-39.0,12:29:51.860,TRACK,0.0,ao188cmtx.oct,12.0,1.0,1.0,0.0,ON,0.0,0.01,0.0,ao188ttctrl.oct,0.001,0.0,2022-01-28T14:35:56,2,VMPA00017687,iXon Ultra 897 - VAMPIRES 2.0,10.0,45.0,HWP(NIR),45,5.765971431487293,6.048531319413411,5.907284862613547,-72.69271513738644,2,64.5,64.5,0.29749626458114,-0.95472298210542,0.95472298210542,0.29749626458114,-1.7333333333333e-06,1.7333333333333e-06,deg,deg,RA---TAN,DEC--TAN,187.4640125,-16.517483333333,-16.517483333333,0.0,median,65.0,70.0,7794.0,835631.8155609872,0,0.0,0.0,0.0,0.0,0,0,57.0,48,48,55,7,1993372.5,1394693.5,83.0,598679.0,1598.3201260914632,872.5995983111266,0.0,,
VDATA20220128A_00001540_calib_collapsed.fits,True,-32,2,128,128,2022-01-28,HD108767,14:36:24.943,14:36:46.648,14:36:03.238,04:36:24.950,04:36:46.656,04:36:03.245,59607.60861700001,59607.608866,59607.608368,VTMP00001540,21.245,ACQUISITION,NAOJ,Subaru,VAMPIRES,UTC,o21156,"""[Summit] Millar-Blancher, Zhang [Hilo] Guyon, Deo, Vievard, Ah""",Observation,IMAG_POL,ICRS,180.0,12:29:51.368,-16:31:02.93,2000.0,NS_IR,-0.12,1.246,36.65845,186.11359,53.34155,Nasmyth-IR,OFF,IR,17.2,620.6,270.55,2.7,1.0,5000.0,4250.0,0.0,100000.0,5000.0,22.5,2.0,2.0,4.0,3.0,/mnt/data/20220128/,HD108767_03_20220128_675-50_EmptySlot_0,10,10.0,152.0,165.0,675-50,EmptySlot,1.0,T,IN,163.28396,161.28395,-16:30:56,1.0,ADI,-39.0,163.025,12:29:51.9,SYNC,SCEXAO,348.72,35708928.0,MIRROR,152.63,15629312.0,OPEN,9.0,100.0,9.8,0.0,91.18447,-16:30:55.55,ADI,-212.983,-39.0,12:29:51.860,TRACK,0.0,ao188cmtx.oct,12.0,1.0,1.0,0.0,ON,0.0,0.01,0.0,ao188ttctrl.oct,0.001,0.0,2022-01-28T14:36:52,1,VMPA00017689,iXon Ultra 897 - VAMPIRES 1.0,10.0,22.5,HWP(NIR),45,6.186275881060695,6.468423516709284,6.327385482101193,-72.2726145178988,2,64.5,64.5,0.3044883667678,-0.95251605472195,0.95251605472195,0.3044883667678,-1.7333333333333e-06,1.7333333333333e-06,deg,deg,RA---TAN,DEC--TAN,187.46403333333,-16.517480555556,-16.517480555556,0.0,median,63.0,71.0,4729.0,589969.156881738,"(0.04454335169643189, 0.0)",0.021707338517119718,-0.09513881882243767,0.0,0.0,0,0,56.0,48,48,55,7,1566989.5,1040440.5,73.0,526549.0,1392.932890365672,746.9423022431929,0.0006513546560626394,,
VDATA20220128A_00001541_calib_collapsed.fits,True,-32,2,128,128,2022-01-28,HD108767,14:36:24.943,14:36:46.648,14:36:03.238,04:36:24.950,04:36:46.656,04:36:03.245,59607.60861700001,59607.608866,59607.608368,VTMP00001541,21.245,ACQUISITION,NAOJ,Subaru,VAMPIRES,UTC,o21156,"""[Summit] Millar-Blancher, Zhang [Hilo] Guyon, Deo, Vievard, Ah""",Observation,IMAG_POL,ICRS,180.0,12:29:51.368,-16:31:02.93,2000.0,NS_IR,-0.12,1.246,36.65845,186.11359,53.34155,Nasmyth-IR,OFF,IR,17.2,620.6,270.55,2.7,1.0,5000.0,4250.0,0.0,100000.0,5000.0,22.5,2.0,2.0,4.0,3.0,/mnt/data/20220128/,HD108767_03_20220128_675-50_EmptySlot_0,10,10.0,152.0,165.0,675-50,EmptySlot,1.0,T,IN,163.28396,161.28395,-16:30:56,1.0,ADI,-39.0,163.025,12:29:51.9,SYNC,SCEXAO,348.72,35708928.0,MIRROR,152.63,15629312.0,OPEN,9.0,100.0,9.8,0.0,91.18447,-16:30:55.55,ADI,-212.983,-39.0,12:29:51.860,TRACK,0.0,ao188cmtx.oct,12.0,1.0,1.0,0.0,ON,0.0,0.01,0.0,ao188ttctrl.oct,0.001,0.0,2022-01-28T14:36:52,2,VMPA00017689,iXon Ultra 897 - VAMPIRES 1.0,10.0,22.5,HWP(NIR),45,6.186275881060695,6.468423516709284,6.327385482101193,-72.2726145178988,2,64.5,64.5,0.3044883667678,-0.95251605472195,0.95251605472195,0.3044883667678,-1.7333333333333e-06,1.7333333333333e-06,deg,deg,RA---TAN,DEC--TAN,187.46403333333,-16.517480555556,-16.517480555556,0.0,median,63.0,71.0,4480.0,555136.5935533738,0,0.0,0.0,0.0,0.0,0,0,56.0,48,48,55,7,1479604.5,981907.5,69.0,497697.0,1348.0424671956741,728.3950794537335,0.0,,
VDATA20220128A_00001542_calib_collapsed.fits,True,-32,2,128,128,2022-01-28,HD108767,14:36:24.943,14:36:46.648,14:36:03.238,04:36:24.950,04:36:46.656,04:36:03.245,59607.60861700001,59607.608866,59607.608368,VTMP00001542,21.245,ACQUISITION,NAOJ,Subaru,VAMPIRES,UTC,o21156,"""[Summit] Millar-Blancher, Zhang [Hilo] Guyon, Deo, Vievard, Ah""",Observation,IMAG_POL,ICRS,180.0,12:29:51.368,-16:31:02.93,2000.0,NS_IR,-0.12,1.246,36.65845,186.11359,53.34155,Nasmyth-IR,OFF,IR,17.2,620.6,270.55,2.7,2.0,5000.0,4250.0,0.0,100000.0,5000.0,22.5,2.0,2.0,4.0,3.0,/mnt/data/20220128/,HD108767_03_20220128_675-50_EmptySlot_0,10,10.0,152.0,165.0,675-50,EmptySlot,1.0,T,IN,163.28396,161.28395,-16:30:56,1.0,ADI,-39.0,163.025,12:29:51.9,SYNC,SCEXAO,348.72,35708928.0,MIRROR,152.63,15629312.0,OPEN,9.0,100.0,9.8,0.0,91.18447,-16:30:55.55,ADI,-212.983,-39.0,12:29:51.860,TRACK,0.0,ao188cmtx.oct,12.0,1.0,1.0,0.0,ON,0.0,0.01,0.0,ao188ttctrl.oct,0.001,0.0,2022-01-28T14:36:58,1,VMPA00017691,iXon Ultra 897 - VAMPIRES 2.0,10.0,22.5,HWP(NIR),45,6.186275881060695,6.468423516709284,6.327385482101193,-72.2726145178988,2,64.5,64.5,0.3044883667678,-0.95251605472195,0.95251605472195,0.3044883667678,-1.7333333333333e-06,1.7333333333333e-06,deg,deg,RA---TAN,DEC--TAN,187.46403333333,-16.517480555556,-16.517480555556,0.0,median,65.0,70.0,5535.0,684226.719664116,0,0.0,0.0,0.0,0.0,0,0,57.0,48,48,55,7,1810450.5,1204558.5,84.0,605892.0,1523.5908812646967,790.6049549207885,0.0,,
VDATA20220128A_00001543_calib_collapsed.fits,True,-32,2,128,128,2022-01-28,HD108767,14:36:24.943,14:36:46.648,14:36:03.238,04:36:24.950,04:36:46.656,04:36:03.245,59607.60861700001,59607.608866,59607.608368,VTMP00001543,21.245,ACQUISITION,NAOJ,Subaru,VAMPIRES,UTC,o21156,"""[Summit] Millar-Blancher, Zhang [Hilo] Guyon, Deo, Vievard, Ah""",Observation,IMAG_POL,ICRS,180.0,12:29:51.368,-16:31:02.93,2000.0,NS_IR,-0.12,1.246,36.65845,186.11359,53.34155,Nasmyth-IR,OFF,IR,17.2,620.6,270.55,2.7,2.0,5000.0,4250.0,0.0,100000.0,5000.0,22.5,2.0,2.0,4.0,3.0,/mnt/data/20220128/,HD108767_03_20220128_675-50_EmptySlot_0,10,10.0,152.0,165.0,675-50,EmptySlot,1.0,T,IN,163.28396,161.28395,-16:30:56,1.0,ADI,-39.0,163.025,12:29:51.9,SYNC,SCEXAO,348.72,35708928.0,MIRROR,152.63,15629312.0,OPEN,9.0,100.0,9.8,0.0,91.18447,-16:30:55.55,ADI,-212.983,-39.0,12:29:51.860,TRACK,0.0,ao188cmtx.oct,12.0,1.0,1.0,0.0,ON,0.0,0.01,0.0,ao188ttctrl.oct,0.001,0.0,2022-01-28T14:36:58,2,VMPA00017691,iXon Ultra 897 - VAMPIRES 2.0,10.0,22.5,HWP(NIR),45,6.186275881060695,6.468423516709284,6.327385482101193,-72.2726145178988,2,64.5,64.5,0.3044883667678,-0.95251605472195,0.95251605472195,0.3044883667678,-1.7333333333333e-06,1.7333333333333e-06,deg,deg,RA---TAN,DEC--TAN,187.46403333333,-16.517480555556,-16.517480555556,0.0,median,65.0,70.0,5606.0,704415.5757265537,0,0.0,0.0,0.0,0.0,0,0,57.0,48,48,55,7,1863374.5,1243056.5,86.0,620318.0,1550.1933673714327,801.8718994442444,0.0,,
VDATA20220128A_00001544_calib_collapsed.fits,True,-32,2,128,128,2022-01-28,HD108767,14:37:30.713,14:37:52.390,14:37:09.035,04:37:30.718,04:37:52.396,04:37:09.041,59607.609381,59607.60963,59607.609132,VTMP00001544,21.245,ACQUISITION,NAOJ,Subaru,VAMPIRES,UTC,o21156,"""[Summit] Millar-Blancher, Zhang [Hilo] Guyon, Deo, Vievard, Ah""",Observation,IMAG_POL,ICRS,180.0,12:29:51.369,-16:31:02.92,2000.0,NS_IR,-0.12,1.246,36.68706,186.55336,53.31294,Nasmyth-IR,OFF,IR,17.7,620.6,270.55,2.7,1.0,5000.0,4250.0,0.0,100000.0,5000.0,67.5,2.0,2.0,4.0,4.0,/mnt/data/20220128/,HD108767_03_20220128_675-50_EmptySlot_0,11,10.0,152.0,165.0,675-50,EmptySlot,1.0,T,IN,163.308,161.30799,-16:30:56,1.0,ADI,-39.0,163.025,12:29:51.9,SYNC,SCEXAO,348.72,35708928.0,MIRROR,152.63,15629312.0,OPEN,9.0,100.0,9.8,0.0,91.1766,-16:30:55.55,ADI,-212.551,-39.0,12:29:51.860,TRACK,0.0,ao188cmtx.oct,12.0,1.0,1.0,0.0,ON,0.0,0.01,0.0,ao188ttctrl.oct,0.001,0.0,2022-01-28T14:37:59,1,VMPA00017693,iXon Ultra 897 - VAMPIRES 1.0,10.0,67.5,HWP(NIR),45,6.619003765013344,6.900697895742458,6.759888954100684,-71.8401110458993,2,64.5,64.5,0.31166979526863,-0.95019047496658,0.95019047496658,0.31166979526863,-1.7333333333333e-06,1.7333333333333e-06,deg,deg,RA---TAN,DEC--TAN,187.4640375,-16.517477777778,-16.517477777778,0.0,median,63.0,71.0,8007.0,738025.9958695355,"(-0.010894876611553805, 0.0)",-0.006274343963470531,-0.09381397155843209,0.0,0.0,0,0,56.0,48,48,55,7,1709179.5,1218695.5,68.0,490484.0,1460.3124498367292,834.544347092471,0.0005775143520663529,,
VDATA20220128A_00001545_calib_collapsed.fits,True,-32,2,128,128,2022-01-28,HD108767,14:37:30.713,14:37:52.390,14:37:09.035,04:37:30.718,04:37:52.396,04:37:09.041,59607.609381,59607.60963,59607.609132,VTMP00001545,21.245,ACQUISITION,NAOJ,Subaru,VAMPIRES,UTC,o21156,"""[Summit] Millar-Blancher, Zhang [Hilo] Guyon, Deo, Vievard, Ah""",Observation,IMAG_POL,ICRS,180.0,12:29:51.369,-16:31:02.92,2000.0,NS_IR,-0.12,1.246,36.68706,186.55336,53.31294,Nasmyth-IR,OFF,IR,17.7,620.6,270.55,2.7,1.0,5000.0,4250.0,0.0,100000.0,5000.0,67.5,2.0,2.0,4.0,4.0,/mnt/data/20220128/,HD108767_03_20220128_675-50_EmptySlot_0,11,10.0,152.0,165.0,675-50,EmptySlot,1.0,T,IN,163.308,161.30799,-16:30:56,1.0,ADI,-39.0,163.025,12:29:51.9,SYNC,SCEXAO,348.72,35708928.0,MIRROR,152.63,15629312.0,OPEN,9.0,100.0,9.8,0.0,91.1766,-16:30:55.55,ADI,-212.551,-39.0,12:29:51.860,TRACK,0.0,ao188cmtx.oct,12.0,1.0,1.0,0.0,ON,0.0,0.01,0.0,ao188ttctrl.oct,0.001,0.0,2022-01-28T14:37:59,2,VMPA00017693,iXon Ultra 897 - VAMPIRES 1.0,10.0,67.5,HWP(NIR),45,6.619003765013344,6.900697895742458,6.759888954100684,-71.8401110458993,2,64.5,64.5,0.31166979526863,-0.95019047496658,0.95019047496658,0.31166979526863,-1.7333333333333e-06,1.7333333333333e-06,deg,deg,RA---TAN,DEC--TAN,187.4640375,-16.517477777778,-16.517477777778,0.0,median,63.0,71.0,8091.0,735898.3865880979,0,0.0,0.0,0.0,0.0,0,0,56.0,48,48,55,7,1702823.5,1212339.5,68.0,490484.0,1458.0181282116735,831.4982348587054,0.0,,
VDATA20220128A_00001546_calib_collapsed.fits,True,-32,2,128,128,2022-01-28,HD108767,14:37:30.713,14:37:52.390,14:37:09.035,04:37:30.718,04:37:52.396,04:37:09.041,59607.609381,59607.60963,59607.609132,VTMP00001546,21.245,ACQUISITION,NAOJ,Subaru,VAMPIRES,UTC,o21156,"""[Summit] Millar-Blancher, Zhang [Hilo] Guyon, Deo, Vievard, Ah""",Observation,IMAG_POL,ICRS,180.0,12:29:51.369,-16:31:02.92,2000.0,NS_IR,-0.12,1.246,36.68706,186.55336,53.31294,Nasmyth-IR,OFF,IR,17.7,620.6,270.55,2.7,2.0,5000.0,4250.0,0.0,100000.0,5000.0,67.5,2.0,2.0,4.0,4.0,/mnt/data/20220128/,HD108767_03_20220128_675-50_EmptySlot_0,11,10.0,152.0,165.0,675-50,EmptySlot,1.0,T,IN,163.308,161.30799,-16:30:56,1.0,ADI,-39.0,163.025,12:29:51.9,SYNC,SCEXAO,348.72,35708928.0,MIRROR,152.63,15629312.0,OPEN,9.0,100.0,9.8,0.0,91.1766,-16:30:55.55,ADI,-212.551,-39.0,12:29:51.860,TRACK,0.0,ao188cmtx.oct,12.0,1.0,1.0,0.0,ON,0.0,0.01,0.0,ao188ttctrl.oct,0.001,0.0,2022-01-28T14:38:04,1,VMPA00017693,iXon Ultra 897 - VAMPIRES 2.0,10.0,67.5,HWP(NIR),45,6.619003765013344,6.900697895742458,6.759888954100684,-71.8401110458993,2,64.5,64.5,0.31166979526863,-0.95019047496658,0.95019047496658,0.31166979526863,-1.7333333333333e-06,1.7333333333333e-06,deg,deg,RA---TAN,DEC--TAN,187.4640375,-16.517477777778,-16.517477777778,0.0,median,64.0,71.0,9822.0,897942.072062312,0,0.0,0.0,0.0,0.0,0,0,56.0,48,48,55,7,2071456.5,1487203.5,81.0,584253.0,1646.8710474840266,903.0479358247536,0.0,,
VDATA20220128A_00001547_calib_collapsed.fits,True,-32,2,128,128,2022-01-28,HD108767,14:37:30.713,14:37:52.390,14:37:09.035,04:37:30.718,04:37:52.396,04:37:09.041,59607.609381,59607.60963,59607.609132,VTMP00001547,21.245,ACQUISITION,NAOJ,Subaru,VAMPIRES,UTC,o21156,"""[Summit] Millar-Blancher, Zhang [Hilo] Guyon, Deo, Vievard, Ah""",Observation,IMAG_POL,ICRS,180.0,12:29:51.369,-16:31:02.92,2000.0,NS_IR,-0.12,1.246,36.68706,186.55336,53.31294,Nasmyth-IR,OFF,IR,17.7,620.6,270.55,2.7,2.0,5000.0,4250.0,0.0,100000.0,5000.0,67.5,2.0,2.0,4.0,4.0,/mnt/data/20220128/,HD108767_03_20220128_675-50_EmptySlot_0,11,10.0,152.0,165.0,675-50,EmptySlot,1.0,T,IN,163.308,161.30799,-16:30:56,1.0,ADI,-39.0,163.025,12:29:51.9,SYNC,SCEXAO,348.72,35708928.0,MIRROR,152.63,15629312.0,OPEN,9.0,100.0,9.8,0.0,91.1766,-16:30:55.55,ADI,-212.551,-39.0,12:29:51.860,TRACK,0.0,ao188cmtx.oct,12.0,1.0,1.0,0.0,ON,0.0,0.01,0.0,ao188ttctrl.oct,0.001,0.0,2022-01-28T14:38:04,2,VMPA00017693,iXon Ultra 897 - VAMPIRES 2.0,10.0,67.5,HWP(NIR),45,6.619003765013344,6.900697895742458,6.759888954100684,-71.8401110458993,2,64.5,64.5,0.31166979526863,-0.95019047496658,0.95019047496658,0.31166979526863,-1.7333333333333e-06,1.7333333333333e-06,deg,deg,RA---TAN,DEC--TAN,187.4640375,-16.517477777778,-16.517477777778,0.0,median,64.0,70.0,9459.0,875890.723230213,0,0.0,0.0,0.004345489970100603,-0.013990841240295124,0,0,57.0,48,48,55,7,2024223.0,1447183.0,80.0,577040.0,1622.1618560738125,892.1323076247636,0.0,-0.0008478557554854153,-0.013545233526397343
