{
    "lp": {
        "epsilon": 0.012403817542462036,
        "delta_theta": -0.8851035826384751
    }
}