{
    "lp": {
        "epsilon": 0.00995865497770085,
        "delta_theta": -0.06200250610098514
    }
}