{
    "lp": {
        "epsilon": 0.007372334117165174,
        "delta_theta": -2.397451044834503
    }
}