{
    "lp": {
        "epsilon": 0.009147836488974433,
        "delta_theta": -0.6749866152270306
    }
}