{
    "lp": {
        "epsilon": 0.01070818194669996,
        "delta_theta": -2.66686267340866
    }
}