{
    "lp": {
        "epsilon": 0.008267303637712308,
        "delta_theta": -1.988295558644572
    }
}