{
    "lp": {
        "epsilon": 0.00947794081083791,
        "delta_theta": -0.8714631578385702
    }
}