{
    "lp": {
        "epsilon": 0.007162747536662047,
        "delta_theta": -2.279973581605924
    }
}