{
    "lp": {
        "epsilon": 0.009932972745492631,
        "delta_theta": -0.21034808621024578
    }
}