{
    "lp": {
        "epsilon": 0.007118534537363394,
        "delta_theta": -1.9347110311442528
    }
}