{
    "lp": {
        "epsilon": 0.007769571380463727,
        "delta_theta": -2.4236790745352126
    }
}