{
    "lp": {
        "epsilon": 0.007507523882097003,
        "delta_theta": -2.546699313226393
    }
}