{
    "lp": {
        "epsilon": 0.007171029472605681,
        "delta_theta": -1.4504901416904195
    }
}