{
    "lp": {
        "epsilon": 0.007034403501268971,
        "delta_theta": -1.4857049406256377
    }
}