{
    "lp": {
        "epsilon": 0.011034771914349059,
        "delta_theta": -1.9987279694470281
    }
}