{
    "lp": {
        "epsilon": 0.010583229715377767,
        "delta_theta": -1.658826312169449
    }
}