{
    "lp": {
        "epsilon": 0.010260579872596329,
        "delta_theta": -1.348134586159921
    }
}