{
    "lp": {
        "epsilon": 0.010205752497220432,
        "delta_theta": -1.201424646176296
    }
}