{
    "lp": {
        "epsilon": 0.010319079321491662,
        "delta_theta": -0.6099247735308956
    }
}