{
    "lp": {
        "epsilon": 0.010078306105677943,
        "delta_theta": -0.8247440312680256
    }
}