{
    "lp": {
        "epsilon": 0.010100236218931948,
        "delta_theta": -0.4414177495302018
    }
}