{
    "lp": {
        "epsilon": 0.010073789435901832,
        "delta_theta": -0.36631963640010873
    }
}