{
    "image_rotator": {
        "phi_h": 4.389000627986244,
        "phi_r": 1e-10,
        "phi_45": 0.08867328429800019
    },
    "wollaston": {
        "eta": 0.9999999999
    }
}