{
    "image_rotator": {
        "phi_h": 4.390578901473893,
        "phi_r": 1e-10,
        "phi_45": 0.05985341941275374
    },
    "wollaston": {
        "eta": 0.9999999999
    }
}