{
    "image_rotator": {
        "phi_h": 1.064502339414807,
        "phi_r": 0.09167958333159588,
        "phi_45": 0.04114646415491874
    },
    "wollaston": {
        "eta": 0.9886843109496375
    }
}