{
    "image_rotator": {
        "phi_h": 1.1461854140944814,
        "phi_r": 0.04228128756455404,
        "phi_45": 0.029424625235562798
    },
    "wollaston": {
        "eta": 0.9872450121740325
    }
}