{
    "image_rotator": {
        "phi_h": 0.9585395105563923,
        "phi_r": 0.08812999104635649,
        "phi_45": 0.04911544995085188
    },
    "wollaston": {
        "eta": 0.9875402412032731
    }
}