{
    "image_rotator": {
        "phi_h": 1.0630883295574622,
        "phi_r": 0.041168862657841886,
        "phi_45": 0.020654700543139084
    },
    "wollaston": {
        "eta": 0.9871644156715552
    }
}