{
    "image_rotator": {
        "phi_h": 0.9631482811142456,
        "phi_r": 0.08525568962036315,
        "phi_45": 0.05521281853546203
    },
    "wollaston": {
        "eta": 0.981790673283845
    }
}