{
    "image_rotator": {
        "phi_h": 0.9648656571482878,
        "phi_r": 0.08916045366642342,
        "phi_45": 0.04384050575308528
    },
    "wollaston": {
        "eta": 0.9868309594327785
    }
}