{
    "image_rotator": {
        "phi_h": 1.519362257549198,
        "phi_r": 0.03741214039580461,
        "phi_45": 0.037696514116418584
    },
    "wollaston": {
        "eta": 0.9879513052012208
    }
}