{
    "image_rotator": {
        "phi_h": 0.9862442813608417,
        "phi_r": 0.08965511163235003,
        "phi_45": 0.039612118202880554
    },
    "wollaston": {
        "eta": 0.9901898637955949
    }
}