{
    "image_rotator": {
        "phi_h": 1.2397085100431704,
        "phi_r": 0.08750993997324781,
        "phi_45": 0.0506019966440121
    },
    "wollaston": {
        "eta": 0.990373691268099
    }
}