{
    "image_rotator": {
        "phi_h": 4.118475650392955,
        "phi_r": 1e-10,
        "phi_45": 0.06424862029154638
    },
    "wollaston": {
        "eta": 0.9917362315892918
    }
}