{
    "image_rotator": {
        "phi_h": 0.9585190089270023,
        "phi_r": 0.03663516445698758,
        "phi_45": 0.030189898760646015
    },
    "wollaston": {
        "eta": 0.9869682326910826
    }
}