{
    "image_rotator": {
        "phi_h": 1.355699533680398,
        "phi_r": 0.03632816912944438,
        "phi_45": 0.03311692273574275
    },
    "wollaston": {
        "eta": 0.9872116151212328
    }
}