{
    "image_rotator": {
        "phi_h": 1.3555791718702845,
        "phi_r": 0.08377985043954148,
        "phi_45": 0.055840863940278804
    },
    "wollaston": {
        "eta": 0.9888748308914299
    }
}