{
    "image_rotator": {
        "phi_h": 0.9851777423525139,
        "phi_r": 0.03840969927354672,
        "phi_45": 0.019905737288805944
    },
    "wollaston": {
        "eta": 0.9890798095018737
    }
}