{
    "image_rotator": {
        "phi_h": 1.5181183102476148,
        "phi_r": 0.08259390631231422,
        "phi_45": 0.06225634655924716
    },
    "wollaston": {
        "eta": 0.9896385912468887
    }
}