{
    "image_rotator": {
        "phi_h": 1.0132459680686594,
        "phi_r": 0.08847972637339972,
        "phi_45": 0.03628645088166321
    },
    "wollaston": {
        "eta": 0.9877817683299621
    }
}