{
    "image_rotator": {
        "phi_h": 0.9639179210655139,
        "phi_r": 0.03381410118739575,
        "phi_45": 0.03653449956326741
    },
    "wollaston": {
        "eta": 0.9816233643026261
    }
}