{
    "image_rotator": {
        "phi_h": 1.0118284575876195,
        "phi_r": 0.03748369751951223,
        "phi_45": 0.016195104035467568
    },
    "wollaston": {
        "eta": 0.9864273982787294
    }
}