{
    "image_rotator": {
        "phi_h": 4.118463105443357,
        "phi_r": 1e-10,
        "phi_45": 0.09911235658169072
    },
    "wollaston": {
        "eta": 0.9920317780413538
    }
}