{
    "image_rotator": {
        "phi_h": 1.147207158470883,
        "phi_r": 0.09203928490067219,
        "phi_45": 0.05019163609118474
    },
    "wollaston": {
        "eta": 0.988770702740438
    }
}