{
    "image_rotator": {
        "phi_h": 0.9642662501939624,
        "phi_r": 0.037708058613551275,
        "phi_45": 0.024669884233377667
    },
    "wollaston": {
        "eta": 0.9859947375507295
    }
}