{
    "image_rotator": {
        "phi_h": 1.2390846574928982,
        "phi_r": 0.038749854749246256,
        "phi_45": 0.028934974556770663
    },
    "wollaston": {
        "eta": 0.9886912130545462
    }
}