{
    "image_rotator": {
        "phi_h": 0.979121393308539,
        "phi_r": 0.03904089815737069,
        "phi_45": 0.047238485070430276
    },
    "wollaston": {
        "eta": 0.974674236318047
    }
}