{
    "image_rotator": {
        "phi_h": 0.9978210261128488,
        "phi_r": 0.03315129381047892,
        "phi_45": 0.05269308092533863
    },
    "wollaston": {
        "eta": 0.9529020142054315
    }
}