{
    "image_rotator": {
        "phi_h": 3.904900917280987,
        "phi_r": 6.273647958331869e-23,
        "phi_45": 0.07014302457901272
    },
    "wollaston": {
        "eta": 0.9938158499032074
    }
}