{
    "image_rotator": {
        "phi_h": 3.909029561774769,
        "phi_r": 1e-10,
        "phi_45": 0.10743661296204528
    },
    "wollaston": {
        "eta": 0.9953170726300707
    }
}