{
    "image_rotator": {
        "phi_h": 0.9776957342463093,
        "phi_r": 0.09033667049249494,
        "phi_45": 0.06564410789833633
    },
    "wollaston": {
        "eta": 0.9745502490088739
    }
}