{
    "image_rotator": {
        "phi_h": 0.9955279957403325,
        "phi_r": 0.08423763871305368,
        "phi_45": 0.0710928833414713
    },
    "wollaston": {
        "eta": 0.9522565548528702
    }
}