{
    "image_rotator": {
        "phi_h": 3.642261624645059,
        "phi_r": 1.2331324228604971e-21,
        "phi_45": 0.07939211737207061
    },
    "wollaston": {
        "eta": 0.978961789422227
    }
}