{
    "image_rotator": {
        "phi_h": 3.6555759370975176,
        "phi_r": 1e-10,
        "phi_45": 0.1186460315824856
    },
    "wollaston": {
        "eta": 0.9816435758757789
    }
}