{
    "image_rotator": {
        "phi_h": 2.909721730916446,
        "phi_r": 1.5591062076917458e-22,
        "phi_45": 0.08726881665186989
    },
    "wollaston": {
        "eta": 0.9700388680355764
    }
}