{
    "image_rotator": {
        "phi_h": 2.997467875448931,
        "phi_r": 3.3868508530254102e-15,
        "phi_45": 0.056031473379553824
    },
    "wollaston": {
        "eta": 0.9634995033053636
    }
}