{
    "image_rotator": {
        "phi_h": 2.6974069940061933,
        "phi_r": 6.2038545941477076e-24,
        "phi_45": 0.05180819828736006
    },
    "wollaston": {
        "eta": 0.9880752488420725
    }
}