{
    "image_rotator": {
        "phi_h": 2.6784866952243367,
        "phi_r": 1e-10,
        "phi_45": 0.08513837827577012
    },
    "wollaston": {
        "eta": 0.9905056461664487
    }
}