{
    "image_rotator": {
        "phi_h": 2.453338131586358,
        "phi_r": 0.003517575520528026,
        "phi_45": 0.05472248429711475
    },
    "wollaston": {
        "eta": 0.9878866266647874
    }
}