{
    "image_rotator": {
        "phi_h": 2.443474908284655,
        "phi_r": 0.029563063038493487,
        "phi_45": 0.08737740147184918
    },
    "wollaston": {
        "eta": 0.989207830875403
    }
}