{
    "image_rotator": {
        "phi_h": 2.177167109474113,
        "phi_r": 0.021213467749197485,
        "phi_45": 0.048926435217637336
    },
    "wollaston": {
        "eta": 0.9887675129123258
    }
}