{
    "image_rotator": {
        "phi_h": 2.1705966587336536,
        "phi_r": 0.05405827514024979,
        "phi_45": 0.07956571701109073
    },
    "wollaston": {
        "eta": 0.990339899139999
    }
}