{
    "image_rotator": {
        "phi_h": 1.9348520850308928,
        "phi_r": 0.027322346930505927,
        "phi_45": 0.04211186880769716
    },
    "wollaston": {
        "eta": 0.9891960419737529
    }
}