{
    "image_rotator": {
        "phi_h": 1.9305642027642176,
        "phi_r": 0.06532004693459938,
        "phi_45": 0.0707274512918145
    },
    "wollaston": {
        "eta": 0.9907535227712972
    }
}