{
    "image_rotator": {
        "phi_h": 1.7189528114931214,
        "phi_r": 0.07861885691064424,
        "phi_45": 0.06603819334452511
    },
    "wollaston": {
        "eta": 0.9910955826507267
    }
}