{
    "image_rotator": {
        "phi_h": 1.72165001498838,
        "phi_r": 0.036937133660314814,
        "phi_45": 0.03926502640389761
    },
    "wollaston": {
        "eta": 0.9894081544891529
    }
}