{
    "image_rotator": {
        "phi_45": 0.01419175343606237,
        "phi_r": 0.005212720151973048,
        "phi_h": 0.9641945822839365
    },
    "wollaston": {
        "eta": 0.9811927778338346
    }
}