{
    "image_rotator": {
        "phi_45": 0.008523584735929506,
        "phi_r": 0.00799950315370837,
        "phi_h": 0.9583759926737804
    },
    "wollaston": {
        "eta": 0.9864143359986206
    }
}