{
    "image_rotator": {
        "phi_45": 0.00886458958212978,
        "phi_r": 0.01006495462783848,
        "phi_h": 1.3571776875319714
    },
    "wollaston": {
        "eta": 0.9881384703129779
    }
}