{
    "image_rotator": {
        "phi_45": 0.0035599395756075927,
        "phi_r": 0.009087332577942553,
        "phi_h": 0.9640305098708345
    },
    "wollaston": {
        "eta": 0.9855006494135454
    }
}