{
    "image_rotator": {
        "phi_45": 1e-10,
        "phi_r": 1e-10,
        "phi_h": 4.123456244373161
    },
    "wollaston": {
        "eta": 0.9934514602930551
    }
}