{
    "image_rotator": {
        "phi_45": 1e-10,
        "phi_r": 0.013046399552581153,
        "phi_h": 1.0635853336779306
    },
    "wollaston": {
        "eta": 0.9872173881766879
    }
}