{
    "image_rotator": {
        "phi_45": 0.0008183835976597712,
        "phi_r": 2.129138339787058e-18,
        "phi_h": 3.911864181299185
    },
    "wollaston": {
        "eta": 0.9955499988284403
    }
}