{
    "image_rotator": {
        "phi_45": 0.02417768525526645,
        "phi_r": 0.010517895544507758,
        "phi_h": 0.9799856391583184
    },
    "wollaston": {
        "eta": 0.9743924510243577
    }
}