{
    "image_rotator": {
        "phi_45": 0.015799407456180338,
        "phi_r": 2.148730888077201e-22,
        "phi_h": 3.6537767581286906
    },
    "wollaston": {
        "eta": 0.980843317001625
    }
}