{
    "image_rotator": {
        "phi_45": 0.017617504355145103,
        "phi_r": 4.523737851148875e-15,
        "phi_h": 3.3011917630399665
    },
    "wollaston": {
        "eta": 0.9635738686069242
    }
}