{
    "image_rotator": {
        "phi_45": 0.006005327455354412,
        "phi_r": 2.4375978676172034e-23,
        "phi_h": 2.693799842157293
    },
    "wollaston": {
        "eta": 0.9887300034421297
    }
}