{
    "image_rotator": {
        "phi_45": 0.01192561137908139,
        "phi_r": 0.003357990044025919,
        "phi_h": 2.176570980837279
    },
    "wollaston": {
        "eta": 0.9902729372094755
    }
}