{
    "image_rotator": {
        "phi_45": 0.009070517683620936,
        "phi_r": 0.006445157560769539,
        "phi_h": 1.9352301398642795
    },
    "wollaston": {
        "eta": 0.9906979663137976
    }
}